
    <?xml version="1.0" encoding="UTF-8"?>
    <kml xmlns="http://www.opengis.net/kml/2.2">
      <name>[BETA] Roadside Attractions 2.0</name>
      <Document>
        <description>[BETA] A map of all Canadian roadside attractions on https://roadsideattractions.ca</description>
        <Style id="icon-503-DB4436-normal">
          <IconStyle>
            <color>ff3644db</color>
            <scale>1.1</scale>
            <Icon>
              <href>http://www.gstatic.com/mapspro/images/stock/503-wht-blank_maps.png</href>
            </Icon>
            <hotSpot x="16" xunits="pixels" y="32" yunits="insetPixels"/>
          </IconStyle>
          <LabelStyle>
            <scale>0</scale>
          </LabelStyle>
        </Style>
        <Style id="icon-503-DB4436-highlight">
          <IconStyle>
            <color>ff3644db</color>
            <scale>1.1</scale>
            <Icon>
              <href>http://www.gstatic.com/mapspro/images/stock/503-wht-blank_maps.png</href>
            </Icon>
            <hotSpot x="16" xunits="pixels" y="32" yunits="insetPixels"/>
          </IconStyle>
          <LabelStyle>
            <scale>1.1</scale>
          </LabelStyle>
        </Style>
        <StyleMap id="icon-503-DB4436">
          <Pair>
            <key>normal</key>
            <styleUrl>#icon-503-DB4436-normal</styleUrl>
          </Pair>
          <Pair>
            <key>highlight</key>
            <styleUrl>#icon-503-DB4436-highlight</styleUrl>
          </Pair>
        </StyleMap>
        <Folder>
          <name>All Roadsides</name>
    
      <Placemark>
        <name>Prospector And Stubborn Mule</name>
        <description>
          <![CDATA[
            Three Valley Gap Heritage Ghost Town. Columbia-Shuswap E. Just off the Trans-Canada Highway at the Three Valley Lake Chateau.
            Credit: <a href="mailto:rch31739@mts.net">Bob Hill</a>
          ]]>
        </description>
        <ExtendedData>
          <Data name="gx_media_links">
            <value>https://roadsideattractions.ca/images/3valleygap.jpg</value>
          </Data>
        </ExtendedData>
        <Point>
          <coordinates>50.93343333333333,-118.44605,0</coordinates>
        </Point>
      </Placemark>
    
      <Placemark>
        <name>Abby III Ferry Boat Replica</name>
        <description>
          <![CDATA[
            226 Carleton Street.
            Credit: <a href="mailto:doc@air.on.ca">Jeff Docherty</a>
          ]]>
        </description>
        <ExtendedData>
          <Data name="gx_media_links">
            <value>https://roadsideattractions.ca/images/abby3.jpg</value>
          </Data>
        </ExtendedData>
        <Point>
          <coordinates>46.25171666666667,-63.69315,0</coordinates>
        </Point>
      </Placemark>
    
      <Placemark>
        <name>Lobster</name>
        <description>
          <![CDATA[
            1745 PE-124 at the Evangeline Recreation Centre restaurant
            Credit: <a href="mailto:mfdc5@yahoo.com">Ryan King</a>
          ]]>
        </description>
        <ExtendedData>
          <Data name="gx_media_links">
            <value>https://roadsideattractions.ca/images/abramsvillagelobster.jpg</value>
          </Data>
        </ExtendedData>
        <Point>
          <coordinates>46.45395,-64.0767,0</coordinates>
        </Point>
      </Placemark>
    
      <Placemark>
        <name>Puffin</name>
        <description>
          <![CDATA[
            
            Credit: Steve Robinson
          ]]>
        </description>
        <ExtendedData>
          <Data name="gx_media_links">
            <value>https://roadsideattractions.ca/images/acpuffin.jpg</value>
          </Data>
        </ExtendedData>
        <Point>
          <coordinates>45.65225,-61.44416666666667,0</coordinates>
        </Point>
      </Placemark>
    
      <Placemark>
        <name>Agassiz Ice</name>
        <description>
          <![CDATA[
            Assiniboine Park, north of walking bridge.
            Credit: <a href="mailto:bwkohut@shaw.ca">Boris Kohut</a>, Sculpturer: Gordon Reeve
          ]]>
        </description>
        <ExtendedData>
          <Data name="gx_media_links">
            <value>https://roadsideattractions.ca/images/agassizice.jpg</value>
          </Data>
        </ExtendedData>
        <Point>
          <coordinates>49.8766,-97.2314,0</coordinates>
        </Point>
      </Placemark>
    
      <Placemark>
        <name>Cowboy</name>
        <description>
          <![CDATA[
            Western RV Country, 61 E. Lake Ramp NE, Airdrie.
            Credit: <a href="mailto:grb@nbnet.nb.ca">Gary Boole</a>
          ]]>
        </description>
        <ExtendedData>
          <Data name="gx_media_links">
            <value>https://roadsideattractions.ca/images/airdrie.jpg</value>
          </Data>
        </ExtendedData>
        <Point>
          <coordinates>51.29441666666666,-113.99906666666666,0</coordinates>
        </Point>
      </Placemark>
    
      <Placemark>
        <name>Korean Totem Poles</name>
        <description>
          <![CDATA[
            Gwacheon Park.
            Credit: <a href="mailto:escapistopportunities@yahoo.ca">Josh McGregor</a>
          ]]>
        </description>
        <ExtendedData>
          <Data name="gx_media_links">
            <value>https://roadsideattractions.ca/images/airdrietps.jpg</value>
          </Data>
        </ExtendedData>
        <Point>
          <coordinates>51.279916666666665,-114.00981666666667,0</coordinates>
        </Point>
      </Placemark>
    
      <Placemark>
        <name>Airplane</name>
        <description>
          <![CDATA[
            
            Credit: Dana Sixty
          ]]>
        </description>
        <ExtendedData>
          <Data name="gx_media_links">
            <value>https://roadsideattractions.ca/images/airplane.jpg</value>
          </Data>
        </ExtendedData>
        <Point>
          <coordinates>43.666333333333334,-79.6002,0</coordinates>
        </Point>
      </Placemark>
    
      <Placemark>
        <name>Airplane Tail</name>
        <description>
          <![CDATA[
            North Atlantic Aviation Museum.
            Credit: Dana Sixty
          ]]>
        </description>
        <ExtendedData>
          <Data name="gx_media_links">
            <value>https://roadsideattractions.ca/images/airplanetail.jpg</value>
          </Data>
        </ExtendedData>
        <Point>
          <coordinates>48.95243333333333,-54.6228,0</coordinates>
        </Point>
      </Placemark>
    
      <Placemark>
        <name>Alanburg Giant</name>
        <description>
          <![CDATA[
            
            Credit: <a href="mailto:bowserj58@gmail.com">James Bowser</a>
          ]]>
        </description>
        <ExtendedData>
          <Data name="gx_media_links">
            <value>https://roadsideattractions.ca/images/alanburg.jpg</value>
          </Data>
        </ExtendedData>
        <Point>
          <coordinates>43.068616666666664,-79.23201666666667,0</coordinates>
        </Point>
      </Placemark>
    
      <Placemark>
        <name>Albert The Lumberjack</name>
        <description>
          <![CDATA[
            Central New Brunswick Woodmen's Museum. 6342 Route 8 Highway, Boiestown, 
New Brunswick.
            Credit: <a href="mailto:nomad1@nbnet.nb.ca">Victor</a>
          ]]>
        </description>
        <ExtendedData>
          <Data name="gx_media_links">
            <value>https://roadsideattractions.ca/images/albert.jpg</value>
          </Data>
        </ExtendedData>
        <Point>
          <coordinates>46.46811666666667,-66.3984,0</coordinates>
        </Point>
      </Placemark>
    
      <Placemark>
        <name>Albertosaurus</name>
        <description>
          <![CDATA[
            Located at the store and gas station/post office
just southeast of the hamlet of Patricia, Alberta, near
Dinosaur Provincial Park.
            Credit: <a href="mailto:lonecrow42@gmail.com">Scott McDonald</a>
          ]]>
        </description>
        <ExtendedData>
          <Data name="gx_media_links">
            <value>https://roadsideattractions.ca/images/albertosaurus.jpg</value>
          </Data>
        </ExtendedData>
        <Point>
          <coordinates>50.68886666666667,-111.66546666666666,0</coordinates>
        </Point>
      </Placemark>
    
      <Placemark>
        <name>World's Tallest Totem Pole</name>
        <description>
          <![CDATA[
            The World’s tallest totem pole is located at the northern end of Cormorant Island next to the Big House.
            Credit: <a href="mailto:gfoxedm@telusplanet.net"><a href="mailto:gfoxedm@telusplanet.net">Gerry Fox</a>
          ]]>
        </description>
        <ExtendedData>
          <Data name="gx_media_links">
            <value>https://roadsideattractions.ca/images/alertbay.jpg</value>
          </Data>
        </ExtendedData>
        <Point>
          <coordinates>50.598283333333335,-126.94098333333334,0</coordinates>
        </Point>
      </Placemark>
    
      <Placemark>
        <name>Birchbark Sign</name>
        <description>
          <![CDATA[
            Located at the West Gate, at the western entrance to the Highway 60 corridor of Algonquin Provincial Park.
            Credit: Eric Nisbet
          ]]>
        </description>
        <ExtendedData>
          <Data name="gx_media_links">
            <value>https://roadsideattractions.ca/images/algonquinpark.jpg</value>
          </Data>
        </ExtendedData>
        <Point>
          <coordinates>45.4422,-78.81951666666667,0</coordinates>
        </Point>
      </Placemark>
    
      <Placemark>
        <name>Alix The Village Gator</name>
        <description>
          <![CDATA[
            Corner of 50th Ave & Main St.
            Credit: <a href="mailto:anne.gibson@shaw.ca">Anne Gibson</a>
          ]]>
        </description>
        <ExtendedData>
          <Data name="gx_media_links">
            <value>https://roadsideattractions.ca/images/alixgator.jpg</value>
          </Data>
        </ExtendedData>
        <Point>
          <coordinates>52.40023333333333,-113.19118333333333,0</coordinates>
        </Point>
      </Placemark>
    
      <Placemark>
        <name>Moose</name>
        <description>
          <![CDATA[
            Moose'n Around gift shop - Fundy National Park.
            Credit: <a href="mailto:coryjking@gmail.com">The King Family</a>
          ]]>
        </description>
        <ExtendedData>
          <Data name="gx_media_links">
            <value>https://roadsideattractions.ca/images/almamoose.jpg</value>
          </Data>
        </ExtendedData>
        <Point>
          <coordinates>45.60155,-64.94401666666667,0</coordinates>
        </Point>
      </Placemark>
    
      <Placemark>
        <name>World's Largest Painting On An Easel</name>
        <description>
          <![CDATA[
            10th Ave. NE, Altona.
            Credit: <a href="mailto:ccross@mb.sympatico.ca">Cameron Cross</a> and <a href="mailto:anben@telus.net">Andrew Bennett</a>
          ]]>
        </description>
        <ExtendedData>
          <Data name="gx_media_links">
            <value>https://roadsideattractions.ca/images/altona.jpg</value>
          </Data>
        </ExtendedData>
        <Point>
          <coordinates>49.111133333333335,-97.55256666666666,0</coordinates>
        </Point>
      </Placemark>
    
      <Placemark>
        <name>Bears</name>
        <description>
          <![CDATA[
            
            Credit: <a href="mailto:rdonnan49@sasktel.net">Richard Donnan</a>
          ]]>
        </description>
        <ExtendedData>
          <Data name="gx_media_links">
            <value>https://roadsideattractions.ca/images/altonabears.jpg</value>
          </Data>
        </ExtendedData>
        <Point>
          <coordinates>49.11108333333333,-97.56668333333333,0</coordinates>
        </Point>
      </Placemark>
    
      <Placemark>
        <name>Ox And Cart</name>
        <description>
          <![CDATA[
            Next to Wall Electric Motor, 2nd Ave & 6th St., south end of town..
            Credit: <a href="mailto:rdonnan49@sasktel.net">Richard Donnan</a>
          ]]>
        </description>
        <ExtendedData>
          <Data name="gx_media_links">
            <value>https://roadsideattractions.ca/images/altonaoc.jpg</value>
          </Data>
        </ExtendedData>
        <Point>
          <coordinates>49.10166666666667,-97.5493,0</coordinates>
        </Point>
      </Placemark>
    
      <Placemark>
        <name>Bee</name>
        <description>
          <![CDATA[
            At the entrance to town.
            Credit: Ruth McCallum of the <a href="http://brookealvinston.com/alvinston-community-group/">Alvinston Community Group</a>
          ]]>
        </description>
        <ExtendedData>
          <Data name="gx_media_links">
            <value>https://roadsideattractions.ca/images/alvinston.jpg</value>
          </Data>
        </ExtendedData>
        <Point>
          <coordinates>42.82516666666667,-81.86956666666667,0</coordinates>
        </Point>
      </Placemark>
    
      <Placemark>
        <name>Fathers Of Confederation</name>
        <description>
          <![CDATA[
            About three blocks south of the Dominion Public Building, on the west side of Victoria Street.
            Credit: <a href="http://www.brucehebert.com/">Hebert's Carvings</a>
          ]]>
        </description>
        <ExtendedData>
          <Data name="gx_media_links">
            <value>https://roadsideattractions.ca/images/amherst.jpg</value>
          </Data>
        </ExtendedData>
        <Point>
          <coordinates>45.83145,-64.21431666666666,0</coordinates>
        </Point>
      </Placemark>
    
      <Placemark>
        <name>Amisk (Beaver)</name>
        <description>
          <![CDATA[
            South End of Town on Highway 5A/10A.
            Credit: <a href="http://www.dauphin.ca/">Dauphin Community Economic Development Department </a>
          ]]>
        </description>
        <ExtendedData>
          <Data name="gx_media_links">
            <value>https://roadsideattractions.ca/images/amisk.jpg</value>
          </Data>
        </ExtendedData>
        <Point>
          <coordinates>51.13953333333333,-100.06265,0</coordinates>
        </Point>
      </Placemark>
    
      <Placemark>
        <name>Ancaster Tug Boat</name>
        <description>
          <![CDATA[
            At the Owen Sound Marine and Rail Museum.
            Credit: <a href="mailto:michaelclarkcyc@yahoo.ca">Michael Clark</a>
          ]]>
        </description>
        <ExtendedData>
          <Data name="gx_media_links">
            <value>https://roadsideattractions.ca/images/ancaster.jpg</value>
          </Data>
        </ExtendedData>
        <Point>
          <coordinates>44.5711,-80.94456666666666,0</coordinates>
        </Point>
      </Placemark>
    
      <Placemark>
        <name>Anchor</name>
        <description>
          <![CDATA[
            Anchor Park - 88 Doane Rd
Holland Landing.
            Credit: <a href="http://www.fiwired.com/">Holland Landing - Home of fiwired.com</a>
          ]]>
        </description>
        <ExtendedData>
          <Data name="gx_media_links">
            <value>https://roadsideattractions.ca/images/anchor.jpg</value>
          </Data>
        </ExtendedData>
        <Point>
          <coordinates>44.1122,-79.48945,0</coordinates>
        </Point>
      </Placemark>
    
      <Placemark>
        <name>Mallard Duck</name>
        <description>
          <![CDATA[
            SE corner of Highways 855 and 45 in the Lions Club Park.
            Credit: <a href="mailto:dalyn2@shaw.ca">Dale Redekopp</a>
          ]]>
        </description>
        <ExtendedData>
          <Data name="gx_media_links">
            <value>https://roadsideattractions.ca/images/andrew.jpg</value>
          </Data>
        </ExtendedData>
        <Point>
          <coordinates>53.878933333333336,-112.33148333333334,0</coordinates>
        </Point>
      </Placemark>
    
      <Placemark>
        <name>The Angler And The Fish</name>
        <description>
          <![CDATA[
            May Strett bridge, located between Northern Avenue and Southern Avenue.
            Credit: <a href="mailto:Rob%20Patterson%20%3Crobpatterson1@hotmail.com%3E">Rob Patterson</a>
          ]]>
        </description>
        <ExtendedData>
          <Data name="gx_media_links">
            <value>https://roadsideattractions.ca/images/anglerfish.jpg</value>
          </Data>
        </ExtendedData>
        <Point>
          <coordinates>48.395066666666665,-89.24563333333333,0</coordinates>
        </Point>
      </Placemark>
    
      <Placemark>
        <name>Angus Shaw</name>
        <description>
          <![CDATA[
            
            Credit: <a href="http://www.town.bonnyville.ab.ca/">Bonnyville & District</a>
          ]]>
        </description>
        <ExtendedData>
          <Data name="gx_media_links">
            <value>https://roadsideattractions.ca/images/angus.jpg</value>
          </Data>
        </ExtendedData>
        <Point>
          <coordinates>54.27171666666667,-110.72366666666667,0</coordinates>
        </Point>
      </Placemark>
    
      <Placemark>
        <name>Angus Bull</name>
        <description>
          <![CDATA[
            South end of town on Hwy 5, at Auction Mart.
            Credit: <a href="mailto:rdonnan49@sasktel.net">Richard Donnan</a>
          ]]>
        </description>
        <ExtendedData>
          <Data name="gx_media_links">
            <value>https://roadsideattractions.ca/images/angusbull.jpg</value>
          </Data>
        </ExtendedData>
        <Point>
          <coordinates>51.03661666666667,-99.49893333333333,0</coordinates>
        </Point>
      </Placemark>
    
      <Placemark>
        <name>Animikii</name>
        <description>
          <![CDATA[
            
            Credit: <a href="mailto:robpatterson1@hotmail.com">Rob Patterson</a>
          ]]>
        </description>
        <ExtendedData>
          <Data name="gx_media_links">
            <value>https://roadsideattractions.ca/images/animikii.jpg</value>
          </Data>
        </ExtendedData>
        <Point>
          <coordinates>48.381816666666666,-89.24266666666666,0</coordinates>
        </Point>
      </Placemark>
    
      <Placemark>
        <name>Anne Of Green Gables</name>
        <description>
          <![CDATA[
            99 Abegweit Blvd in front of Cavendish Figurines.
            Credit: <a href="mailto:bowser@iaw.on.ca">James Bowser</a>
          ]]>
        </description>
        <ExtendedData>
          <Data name="gx_media_links">
            <value>https://roadsideattractions.ca/images/anne.jpg</value>
          </Data>
        </ExtendedData>
        <Point>
          <coordinates>46.254733333333334,-63.69615,0</coordinates>
        </Point>
      </Placemark>
    
      <Placemark>
        <name>Antlers</name>
        <description>
          <![CDATA[
            North of Gorlitz on the west side of Highway 9.
            Credit: <a href="mailto:rtubbs@state.nd.us">Robert Tubbs</a>
          ]]>
        </description>
        <ExtendedData>
          <Data name="gx_media_links">
            <value>https://roadsideattractions.ca/images/antlers.jpg</value>
          </Data>
        </ExtendedData>
        <Point>
          <coordinates>51.460816666666666,-102.45545,0</coordinates>
        </Point>
      </Placemark>
    
      <Placemark>
        <name>Apple And Peach Halves</name>
        <description>
          <![CDATA[
            The Fruit Stand is located between Smith Avenue and Cawston Avenue.
            Credit: <a href="mailto:hirning@shaw.ca">Lorraine Hirning</a>
          ]]>
        </description>
        <ExtendedData>
          <Data name="gx_media_links">
            <value>https://roadsideattractions.ca/images/applepeach.jpg</value>
          </Data>
        </ExtendedData>
        <Point>
          <coordinates>49.89031666666666,-119.4953,0</coordinates>
        </Point>
      </Placemark>
    
      <Placemark>
        <name>The Big Apple</name>
        <description>
          <![CDATA[
            Sykes Street North in downtown Meaford.
            Credit: <a href="http://www.meaford.com/town/">Town of Meaford</a>
          ]]>
        </description>
        <ExtendedData>
          <Data name="gx_media_links">
            <value>https://roadsideattractions.ca/images/appletib.jpg</value>
          </Data>
        </ExtendedData>
        <Point>
          <coordinates>44.608716666666666,-80.59225,0</coordinates>
        </Point>
      </Placemark>
    
      <Placemark>
        <name>World's Largest Curling Rock</name>
        <description>
          <![CDATA[
            Located just outside the Arborg-Bifrost Curling Club.
            Credit: Cindy Stansell of the <a href="http://www.townofarborg.com/">Town of Arborg</a>
          ]]>
        </description>
        <ExtendedData>
          <Data name="gx_media_links">
            <value>https://roadsideattractions.ca/images/arborg.jpg</value>
          </Data>
        </ExtendedData>
        <Point>
          <coordinates>50.91048333333333,-97.21566666666666,0</coordinates>
        </Point>
      </Placemark>
    
      <Placemark>
        <name>L'Espace Maskoutain</name>
        <description>
          <![CDATA[
            
            Credit: Isabelle Cordeau of the <a href="http://www.tourismesainthyacinthe.qc.ca/?page=home&amp;lang=en">Bureau de tourisme et des congres de Saint-Hyacinthe inc.</a>, photographer - Francois Lariviere
          ]]>
        </description>
        <ExtendedData>
          <Data name="gx_media_links">
            <value>https://roadsideattractions.ca/images/arch.jpg</value>
          </Data>
        </ExtendedData>
        <Point>
          <coordinates>45.6334,-72.9625,0</coordinates>
        </Point>
      </Placemark>
    
      <Placemark>
        <name>Alpine Archie</name>
        <description>
          <![CDATA[
            
            Credit: <a href="http://www.exploremccreary.com/">McCreary</a>
          ]]>
        </description>
        <ExtendedData>
          <Data name="gx_media_links">
            <value>https://roadsideattractions.ca/images/archie.jpg</value>
          </Data>
        </ExtendedData>
        <Point>
          <coordinates>50.76873333333333,-99.49366666666667,0</coordinates>
        </Point>
      </Placemark>
    
      <Placemark>
        <name>Crocuses</name>
        <description>
          <![CDATA[
            
            Credit: <a href="http://www.gbkphoto.com/">Gerald Kornelsen</a>
          ]]>
        </description>
        <ExtendedData>
          <Data name="gx_media_links">
            <value>https://roadsideattractions.ca/images/arden.jpg</value>
          </Data>
        </ExtendedData>
        <Point>
          <coordinates>50.269,-99.26306666666666,0</coordinates>
        </Point>
      </Placemark>
    
      <Placemark>
        <name>Pioneer Ox Cart</name>
        <description>
          <![CDATA[
            
            Credit: <a href="mailto:jjdietz@gmail.com">John Dietz</a>
          ]]>
        </description>
        <ExtendedData>
          <Data name="gx_media_links">
            <value>https://roadsideattractions.ca/images/ardenoxcart.jpg</value>
          </Data>
        </ExtendedData>
        <Point>
          <coordinates>50.28183333333333,-99.27181666666667,0</coordinates>
        </Point>
      </Placemark>
    
      <Placemark>
        <name>Canned Duck</name>
        <description>
          <![CDATA[
            
            Credit: <a href="mailto:cynthiakoss@hotmail.com">Cynthia Koss</a>
          ]]>
        </description>
        <ExtendedData>
          <Data name="gx_media_links">
            <value>https://roadsideattractions.ca/images/ardmore.jpg</value>
          </Data>
        </ExtendedData>
        <Point>
          <coordinates>54.33318333333333,-110.48043333333334,0</coordinates>
        </Point>
      </Placemark>
    
      <Placemark>
        <name>Rooster</name>
        <description>
          <![CDATA[
            
            Credit: <a href="mailto:lspicer@shaw.ca">Barb and Leigh Spicer</a>
          ]]>
        </description>
        <ExtendedData>
          <Data name="gx_media_links">
            <value>https://roadsideattractions.ca/images/arooster.jpg</value>
          </Data>
        </ExtendedData>
        <Point>
          <coordinates>51.29448333333333,-113.99908333333333,0</coordinates>
        </Point>
      </Placemark>
    
      <Placemark>
        <name>Giant Arrows</name>
        <description>
          <![CDATA[
            
            Credit: <a href="mailto:gfoxedm@telusplanet.net">Gerry Fox</a>
          ]]>
        </description>
        <ExtendedData>
          <Data name="gx_media_links">
            <value>https://roadsideattractions.ca/images/arrows.jpg</value>
          </Data>
        </ExtendedData>
        <Point>
          <coordinates>46.5458,-84.16265,0</coordinates>
        </Point>
      </Placemark>
    
      <Placemark>
        <name>Sunflower</name>
        <description>
          <![CDATA[
            
            Credit: <a href="mailto:rdonnan49@sasktel.net">Richard Donnan</a>
          ]]>
        </description>
        <ExtendedData>
          <Data name="gx_media_links">
            <value>https://roadsideattractions.ca/images/asunflower.jpg</value>
          </Data>
        </ExtendedData>
        <Point>
          <coordinates>49.101683333333334,-97.54938333333334,0</coordinates>
        </Point>
      </Placemark>
    
      <Placemark>
        <name>Truck Face</name>
        <description>
          <![CDATA[
            
            Credit: <a href="mailto:lspicer@shaw.ca">Barb and Leigh Spicer</a>
          ]]>
        </description>
        <ExtendedData>
          <Data name="gx_media_links">
            <value>https://roadsideattractions.ca/images/atruck.jpg</value>
          </Data>
        </ExtendedData>
        <Point>
          <coordinates>51.294533333333334,-113.99911666666667,0</coordinates>
        </Point>
      </Placemark>
    
      <Placemark>
        <name>Canadian Moments Mural</name>
        <description>
          <![CDATA[
            Yonge Street and Wellington Street East
            Credit: <a href="mailto:james.ingham@ca.pwc.com">James Ingham</a>
          ]]>
        </description>
        <ExtendedData>
          <Data name="gx_media_links">
            <value>https://roadsideattractions.ca/images/auroramural.jpg</value>
          </Data>
        </ExtendedData>
        <Point>
          <coordinates>43.999633333333335,-79.46728333333333,0</coordinates>
        </Point>
      </Placemark>
    
      <Placemark>
        <name>Antique Tractor</name>
        <description>
          <![CDATA[
            
            Credit: <a href="http://www.gbkphoto.com/">Gerald Kornelsen</a>
          ]]>
        </description>
        <ExtendedData>
          <Data name="gx_media_links">
            <value>https://roadsideattractions.ca/images/austin.jpg</value>
          </Data>
        </ExtendedData>
        <Point>
          <coordinates>49.950383333333335,-98.9491,0</coordinates>
        </Point>
      </Placemark>
    
      <Placemark>
        <name>Arrowhead</name>
        <description>
          <![CDATA[
            
            Credit: <a href="mailto:ajimreid@shaw.ca">Jim Reid</a>
          ]]>
        </description>
        <ExtendedData>
          <Data name="gx_media_links">
            <value>https://roadsideattractions.ca/images/avonlea.jpg</value>
          </Data>
        </ExtendedData>
        <Point>
          <coordinates>50.01736666666667,-105.0552,0</coordinates>
        </Point>
      </Placemark>
    
      <Placemark>
        <name>Lily</name>
        <description>
          <![CDATA[
            
            Credit: <a href="mailto:dalyn2@shaw.ca">Dale Redekopp</a>
          ]]>
        </description>
        <ExtendedData>
          <Data name="gx_media_links">
            <value>https://roadsideattractions.ca/images/avonleatl.jpg</value>
          </Data>
        </ExtendedData>
        <Point>
          <coordinates>50.015633333333334,-105.05528333333334,0</coordinates>
        </Point>
      </Placemark>
    
      <Placemark>
        <name>World's Largest Axe</name>
        <description>
          <![CDATA[
            Located on Otis Drive.
            Credit: Promoting New Brunswick
          ]]>
        </description>
        <ExtendedData>
          <Data name="gx_media_links">
            <value>https://roadsideattractions.ca/images/axe.jpg</value>
          </Data>
        </ExtendedData>
        <Point>
          <coordinates>45.99443333333333,-67.23371666666667,0</coordinates>
        </Point>
      </Placemark>
    
      <Placemark>
        <name>B737</name>
        <description>
          <![CDATA[
            
            Credit: <a href="mailto:dalyn2@shaw.ca">Dale Redekopp</a>
          ]]>
        </description>
        <ExtendedData>
          <Data name="gx_media_links">
            <value>https://roadsideattractions.ca/images/b737.jpg</value>
          </Data>
        </ExtendedData>
        <Point>
          <coordinates>53.6587,-113.87216666666667,0</coordinates>
        </Point>
      </Placemark>
    
      <Placemark>
        <name>Ox And Cart</name>
        <description>
          <![CDATA[
            
            Credit: <a href="mailto:gfoxedm@telusplanet.net">Gerry Fox</a>
          ]]>
        </description>
        <ExtendedData>
          <Data name="gx_media_links">
            <value>https://roadsideattractions.ca/images/aylesbury.jpg</value>
          </Data>
        </ExtendedData>
        <Point>
          <coordinates>50.94125,-105.69281666666667,0</coordinates>
        </Point>
      </Placemark>
    
      <Placemark>
        <name>Apple Stand</name>
        <description>
          <![CDATA[
            
            Credit: <a href="mailto:bowser@iaw.on.ca">James Bowser</a>
          ]]>
        </description>
        <ExtendedData>
          <Data name="gx_media_links">
            <value>https://roadsideattractions.ca/images/aylmer.jpg</value>
          </Data>
        </ExtendedData>
        <Point>
          <coordinates>42.81251666666667,-80.98118333333333,0</coordinates>
        </Point>
      </Placemark>
    
      <Placemark>
        <name>World's Largest Badminton Racket</name>
        <description>
          <![CDATA[
            
            Credit: <a href="mailto:gfoxedm@telusplanet.net">Gerry Fox</a>
          ]]>
        </description>
        <ExtendedData>
          <Data name="gx_media_links">
            <value>https://roadsideattractions.ca/images/badminton.jpg</value>
          </Data>
        </ExtendedData>
        <Point>
          <coordinates>53.64905,-113.61638333333333,0</coordinates>
        </Point>
      </Placemark>
    
      <Placemark>
        <name>Canoe Paddler - "Colonel McCormack"</name>
        <description>
          <![CDATA[
            
            Credit: <a href="mailto:ken_stanley@globetrotter.net">Ken Stanley</a>
          ]]>
        </description>
        <ExtendedData>
          <Data name="gx_media_links">
            <value>https://roadsideattractions.ca/images/baiecomeau.jpg</value>
          </Data>
        </ExtendedData>
        <Point>
          <coordinates>49.221516666666666,-68.14933333333333,0</coordinates>
        </Point>
      </Placemark>
    
      <Placemark>
        <name>Cow</name>
        <description>
          <![CDATA[
            
            Credit: Steve Robinson of Attractions on the Canadian Roadside
          ]]>
        </description>
        <ExtendedData>
          <Data name="gx_media_links">
            <value>https://roadsideattractions.ca/images/baiesaintpaul.jpg</value>
          </Data>
        </ExtendedData>
        <Point>
          <coordinates>47.472233333333335,-70.53111666666666,0</coordinates>
        </Point>
      </Placemark>
    
      <Placemark>
        <name>Wire Buffalo</name>
        <description>
          <![CDATA[
            
            Credit: <a href="mailto:wenjen@sasktel.net">Wendalynn Jensen</a>
          ]]>
        </description>
        <ExtendedData>
          <Data name="gx_media_links">
            <value>https://roadsideattractions.ca/images/balgonie.jpg</value>
          </Data>
        </ExtendedData>
        <Point>
          <coordinates>50.4911,-104.3193,0</coordinates>
        </Point>
      </Placemark>
    
      <Placemark>
        <name>Billy Barker</name>
        <description>
          <![CDATA[
            
            Credit: <a href="mailto:rsampson@oanet.com">Ruth Sampson</a>
          ]]>
        </description>
        <ExtendedData>
          <Data name="gx_media_links">
            <value>https://roadsideattractions.ca/images/barker.jpg</value>
          </Data>
        </ExtendedData>
        <Point>
          <coordinates>52.9765,-122.48925,0</coordinates>
        </Point>
      </Placemark>
    
      <Placemark>
        <name>Largest Miniture Smith Barn Replica</name>
        <description>
          <![CDATA[
            
            Credit: <a href="mailto:rdonnan49@sasktel.net">Richard Donnan</a>
          ]]>
        </description>
        <ExtendedData>
          <Data name="gx_media_links">
            <value>https://roadsideattractions.ca/images/barn.jpg</value>
          </Data>
        </ExtendedData>
        <Point>
          <coordinates>50.89138333333333,-109.53691666666667,0</coordinates>
        </Point>
      </Placemark>
    
      <Placemark>
        <name>1967 Barracuda</name>
        <description>
          <![CDATA[
            
            Credit: Darron Hyrsak of <a href="http://firststreetfirst.com/">First Street First</a>
          ]]>
        </description>
        <ExtendedData>
          <Data name="gx_media_links">
            <value>https://roadsideattractions.ca/images/barracuda.jpg</value>
          </Data>
        </ExtendedData>
        <Point>
          <coordinates>49.827,-99.93338333333334,0</coordinates>
        </Point>
      </Placemark>
    
      <Placemark>
        <name>Tinman</name>
        <description>
          <![CDATA[
            East on Hwy. 18.
            Credit: Michael Bowden
          ]]>
        </description>
        <ExtendedData>
          <Data name="gx_media_links">
            <value>https://roadsideattractions.ca/images/barrhead.jpg</value>
          </Data>
        </ExtendedData>
        <Point>
          <coordinates>54.15201666666667,-114.37046666666667,0</coordinates>
        </Point>
      </Placemark>
    
      <Placemark>
        <name>Green Man</name>
        <description>
          <![CDATA[
            81 Wellington Street West
            Credit: <a href="mailto:lisajay@sympatico.ca">Jason Donnelly</a> of Big Wood and the Carving Co.
          ]]>
        </description>
        <ExtendedData>
          <Data name="gx_media_links">
            <value>https://roadsideattractions.ca/images/barriegm.jpg</value>
          </Data>
        </ExtendedData>
        <Point>
          <coordinates>44.390566666666665,-79.70076666666667,0</coordinates>
        </Point>
      </Placemark>
    
      <Placemark>
        <name>Fishing Bear</name>
        <description>
          <![CDATA[
            
            Credit: <a href="mailto:pizzaguy@ehmail.com">Bernie Hi</a>
          ]]>
        </description>
        <ExtendedData>
          <Data name="gx_media_links">
            <value>https://roadsideattractions.ca/images/bearottawa.jpg</value>
          </Data>
        </ExtendedData>
        <Point>
          <coordinates>45.4237,-75.69606666666667,0</coordinates>
        </Point>
      </Placemark>
    
      <Placemark>
        <name>Horse Clock (The Beast)</name>
        <description>
          <![CDATA[
            
            Credit: <a href="http://www.mapleridge.org/">District of Maple Ridge</a>
          ]]>
        </description>
        <ExtendedData>
          <Data name="gx_media_links">
            <value>https://roadsideattractions.ca/images/beast.jpg</value>
          </Data>
        </ExtendedData>
        <Point>
          <coordinates>49.22035,-122.59863333333334,0</coordinates>
        </Point>
      </Placemark>
    
      <Placemark>
        <name>Mountie, Prospectors And Pack Dog</name>
        <description>
          <![CDATA[
            
            Credit: <a href="mailto:mrsadamn@pacbell.net">Sandy Adamson</a>
          ]]>
        </description>
        <ExtendedData>
          <Data name="gx_media_links">
            <value>https://roadsideattractions.ca/images/beavercreek.jpg</value>
          </Data>
        </ExtendedData>
        <Point>
          <coordinates>62.38346666666666,-140.87571666666668,0</coordinates>
        </Point>
      </Placemark>
    
      <Placemark>
        <name>World's Largest Beaver</name>
        <description>
          <![CDATA[
            Located just off of Highway 43.
            Credit: Town of Beaverlodge
          ]]>
        </description>
        <ExtendedData>
          <Data name="gx_media_links">
            <value>https://roadsideattractions.ca/images/beaverlodge.jpg</value>
          </Data>
        </ExtendedData>
        <Point>
          <coordinates>55.204116666666664,-119.42321666666666,0</coordinates>
        </Point>
      </Placemark>
    
      <Placemark>
        <name>Large Bed</name>
        <description>
          <![CDATA[
            
            Credit: Laurie of <a href="http://mennonitefurniture.on.ca/">Mennonite Furniture and Gifts Inc.</a>. update (2016) - <a href="mailto:roadsides@roadsideattractions.ca">Mira van Bodegom</a>
          ]]>
        </description>
        <ExtendedData>
          <Data name="gx_media_links">
            <value>https://roadsideattractions.ca/images/bed.jpg</value>
          </Data>
        </ExtendedData>
        <Point>
          <coordinates>43.414433333333335,-80.30411666666667,0</coordinates>
        </Point>
      </Placemark>
    
      <Placemark>
        <name>Lobster</name>
        <description>
          <![CDATA[
            757 Bedford Highway, Bedford, Nova Scotia. At the Clearwater Head Office.
            Credit: <a href="mailto:ron.gashinski@ndm.gov.on.ca">Ron Gashinski</a>
          ]]>
        </description>
        <ExtendedData>
          <Data name="gx_media_links">
            <value>https://roadsideattractions.ca/images/bedford.jpg</value>
          </Data>
        </ExtendedData>
        <Point>
          <coordinates>44.707316666666664,-63.66481666666667,0</coordinates>
        </Point>
      </Placemark>
    
      <Placemark>
        <name>World's Largest Bee</name>
        <description>
          <![CDATA[
            306 Main Street.
            Credit: Town of Falher
          ]]>
        </description>
        <ExtendedData>
          <Data name="gx_media_links">
            <value>https://roadsideattractions.ca/images/bee.jpg</value>
          </Data>
        </ExtendedData>
        <Point>
          <coordinates>55.734033333333336,-117.20143333333333,0</coordinates>
        </Point>
      </Placemark>
    
      <Placemark>
        <name>Flower Clock</name>
        <description>
          <![CDATA[
            
            Credit: <a href="mailto:nomad1@nbnet.nb.ca%20">Victor</a>
          ]]>
        </description>
        <ExtendedData>
          <Data name="gx_media_links">
            <value>https://roadsideattractions.ca/images/beechwood.jpg</value>
          </Data>
        </ExtendedData>
        <Point>
          <coordinates>46.5447,-67.66913333333333,0</coordinates>
        </Point>
      </Placemark>
    
      <Placemark>
        <name>Beehive</name>
        <description>
          <![CDATA[
            Dutchman's Gold 300 Carlisle Road
            Credit: <a href="mailto:bowser@iaw.on.ca">James Bowser</a>
          ]]>
        </description>
        <ExtendedData>
          <Data name="gx_media_links">
            <value>https://roadsideattractions.ca/images/beehive.jpg</value>
          </Data>
        </ExtendedData>
        <Point>
          <coordinates>43.39553333333333,-79.9786,0</coordinates>
        </Point>
      </Placemark>
    
      <Placemark>
        <name>Elk</name>
        <description>
          <![CDATA[
            
            Credit: <a href="mailto:jbowser%20%3Cbowser@iaw.com%3E">James Bowser</a>
          ]]>
        </description>
        <ExtendedData>
          <Data name="gx_media_links">
            <value>https://roadsideattractions.ca/images/belk.jpg</value>
          </Data>
        </ExtendedData>
        <Point>
          <coordinates>43.188,-79.46333333333334,0</coordinates>
        </Point>
      </Placemark>
    
      <Placemark>
        <name>Back To God Chapel</name>
        <description>
          <![CDATA[
            
            Credit: <a href="mailto:rdonnan@shaw.ca">Richard Donnan</a>
          ]]>
        </description>
        <ExtendedData>
          <Data name="gx_media_links">
            <value>https://roadsideattractions.ca/images/bellevue.jpg</value>
          </Data>
        </ExtendedData>
        <Point>
          <coordinates>49.570366666666665,-114.3597,0</coordinates>
        </Point>
      </Placemark>
    
      <Placemark>
        <name>Crows</name>
        <description>
          <![CDATA[
            
            Credit: <a href="mailto:rdonnan@shaw.ca">Richard Donnan</a>
          ]]>
        </description>
        <ExtendedData>
          <Data name="gx_media_links">
            <value>https://roadsideattractions.ca/images/bellevuecrows.jpg</value>
          </Data>
        </ExtendedData>
        <Point>
          <coordinates>49.57051666666667,-114.35995,0</coordinates>
        </Point>
      </Placemark>
    
      <Placemark>
        <name>Bell Tower</name>
        <description>
          <![CDATA[
            
            Credit: Town of Oak Lake
          ]]>
        </description>
        <ExtendedData>
          <Data name="gx_media_links">
            <value>https://roadsideattractions.ca/images/belltower.jpg</value>
          </Data>
        </ExtendedData>
        <Point>
          <coordinates>49.76618333333333,-100.63328333333334,0</coordinates>
        </Point>
      </Placemark>
    
      <Placemark>
        <name>Beluga</name>
        <description>
          <![CDATA[
            
            Credit: Steve Robinson of Attractions on the Canadian Roadside
          ]]>
        </description>
        <ExtendedData>
          <Data name="gx_media_links">
            <value>https://roadsideattractions.ca/images/beluga.jpg</value>
          </Data>
        </ExtendedData>
        <Point>
          <coordinates>48.1436,-69.71635,0</coordinates>
        </Point>
      </Placemark>
    
      <Placemark>
        <name>Belugas</name>
        <description>
          <![CDATA[
            
            Credit: Patrice Corbeil of <a href="http://baleinesendirect.org/">Baleines En Direct</a>. Photo: Lise Gagnon, GREMM
          ]]>
        </description>
        <ExtendedData>
          <Data name="gx_media_links">
            <value>https://roadsideattractions.ca/images/belugas.jpg</value>
          </Data>
        </ExtendedData>
        <Point>
          <coordinates>48.138783333333336,-69.71895,0</coordinates>
        </Point>
      </Placemark>
    
      <Placemark>
        <name>Apple</name>
        <description>
          <![CDATA[
            
            Credit: <a href="mailto:bowser@iaw.on.ca">James Bowser</a>
          ]]>
        </description>
        <ExtendedData>
          <Data name="gx_media_links">
            <value>https://roadsideattractions.ca/images/berwick.jpg</value>
          </Data>
        </ExtendedData>
        <Point>
          <coordinates>45.046166666666664,-64.73631666666667,0</coordinates>
        </Point>
      </Placemark>
    
      <Placemark>
        <name>Veteran Memorial</name>
        <description>
          <![CDATA[
            
            Credit: <a href="mailto:erven@eastlink.ca">Erven Cestnick</a>
          ]]>
        </description>
        <ExtendedData>
          <Data name="gx_media_links">
            <value>https://roadsideattractions.ca/images/berwicksoldier.jpg</value>
          </Data>
        </ExtendedData>
        <Point>
          <coordinates>45.05115,-64.73776666666667,0</coordinates>
        </Point>
      </Placemark>
    
      <Placemark>
        <name>Black-Eyed Susan</name>
        <description>
          <![CDATA[
            
            Credit: Mandy of <a href="http://members.tripod.com/hpsmanufacturing/">HPS Manufacturing</a>
          ]]>
        </description>
        <ExtendedData>
          <Data name="gx_media_links">
            <value>https://roadsideattractions.ca/images/besusan.jpg</value>
          </Data>
        </ExtendedData>
        <Point>
          <coordinates>52.507133333333336,-110.96418333333334,0</coordinates>
        </Point>
      </Placemark>
    
      <Placemark>
        <name>Muskoka Chair</name>
        <description>
          <![CDATA[
            ~5 km W on Hwy 7a.
            Credit: <a href="mailto:hirning@shaw.ca">Lorraine Hirning</a>
          ]]>
        </description>
        <ExtendedData>
          <Data name="gx_media_links">
            <value>https://roadsideattractions.ca/images/bethany.jpg</value>
          </Data>
        </ExtendedData>
        <Point>
          <coordinates>44.167183333333334,-78.62421666666667,0</coordinates>
        </Point>
      </Placemark>
    
      <Placemark>
        <name>Oil Derrick</name>
        <description>
          <![CDATA[
            
            Credit: <a href="mailto:tjohns@vianet.on.ca">Peter Whittaker</a>
          ]]>
        </description>
        <ExtendedData>
          <Data name="gx_media_links">
            <value>https://roadsideattractions.ca/images/biderrick.jpg</value>
          </Data>
        </ExtendedData>
        <Point>
          <coordinates>49.86808333333333,-111.37531666666666,0</coordinates>
        </Point>
      </Placemark>
    
      <Placemark>
        <name>Big Ben And Ian Miller</name>
        <description>
          <![CDATA[
            Herriot Street and Wilson Street East
            Credit: Cheryl and Sarah
          ]]>
        </description>
        <ExtendedData>
          <Data name="gx_media_links">
            <value>https://roadsideattractions.ca/images/bigben.jpg</value>
          </Data>
        </ExtendedData>
        <Point>
          <coordinates>44.89953333333333,-76.25161666666666,0</coordinates>
        </Point>
      </Placemark>
    
      <Placemark>
        <name>Big Berta - Portable Tree Spar</name>
        <description>
          <![CDATA[
            
            Credit: <a href="mailto:hirning@shaw.ca">Lorraine Hirning</a>
          ]]>
        </description>
        <ExtendedData>
          <Data name="gx_media_links">
            <value>https://roadsideattractions.ca/images/bigberta.jpg</value>
          </Data>
        </ExtendedData>
        <Point>
          <coordinates>54.51298333333333,-128.58255,0</coordinates>
        </Point>
      </Placemark>
    
      <Placemark>
        <name>Bigfoot</name>
        <description>
          <![CDATA[
            
            Credit: <a href="mailto:Robin.L.Oxley@notesmta.gd-is.com">Robin Oxley</a>
          ]]>
        </description>
        <ExtendedData>
          <Data name="gx_media_links">
            <value>https://roadsideattractions.ca/images/bigfoot.jpg</value>
          </Data>
        </ExtendedData>
        <Point>
          <coordinates>49.856716666666664,-93.37801666666667,0</coordinates>
        </Point>
      </Placemark>
    
      <Placemark>
        <name>Hanson Buck</name>
        <description>
          <![CDATA[
            
            Credit: <a href="http://www.townofbiggar.com/">Town of Biggar</a>
          ]]>
        </description>
        <ExtendedData>
          <Data name="gx_media_links">
            <value>https://roadsideattractions.ca/images/biggar.jpg</value>
          </Data>
        </ExtendedData>
        <Point>
          <coordinates>52.06206666666667,-107.98148333333333,0</coordinates>
        </Point>
      </Placemark>
    
      <Placemark>
        <name>Angry Combine</name>
        <description>
          <![CDATA[
            
            Credit: <a href="mailto:rdonnan49@sasktel.net">Richard Donnan</a>
          ]]>
        </description>
        <ExtendedData>
          <Data name="gx_media_links">
            <value>https://roadsideattractions.ca/images/biggarac.jpg</value>
          </Data>
        </ExtendedData>
        <Point>
          <coordinates>52.07815,-108.02616666666667,0</coordinates>
        </Point>
      </Placemark>
    
      <Placemark>
        <name>Angus Bull</name>
        <description>
          <![CDATA[
            5 km east on Hwy 14.
            Credit: <a href="mailto:rdonnan49@sasktel.net">Richard Donnan</a>
          ]]>
        </description>
        <ExtendedData>
          <Data name="gx_media_links">
            <value>https://roadsideattractions.ca/images/biggarbull.jpg</value>
          </Data>
        </ExtendedData>
        <Point>
          <coordinates>52.05595,-107.90775,0</coordinates>
        </Point>
      </Placemark>
    
      <Placemark>
        <name>Cactus</name>
        <description>
          <![CDATA[
            12.5 km N on Hwy 4.
            Credit: <a href="mailto:ajimreid@shaw.ca">Jim Reid</a>
          ]]>
        </description>
        <ExtendedData>
          <Data name="gx_media_links">
            <value>https://roadsideattractions.ca/images/biggarcactus.jpg</value>
          </Data>
        </ExtendedData>
        <Point>
          <coordinates>52.1729,-107.97928333333333,0</coordinates>
        </Point>
      </Placemark>
    
      <Placemark>
        <name>Big Joe Muffraw</name>
        <description>
          <![CDATA[
            
            Credit: David Thompson of <a href="http://www.mattawavoyageurcountry.ca/">Mattawa-Bonfield</a>
          ]]>
        </description>
        <ExtendedData>
          <Data name="gx_media_links">
            <value>https://roadsideattractions.ca/images/bigjoe.jpg</value>
          </Data>
        </ExtendedData>
        <Point>
          <coordinates>46.319433333333336,-78.70928333333333,0</coordinates>
        </Point>
      </Placemark>
    
      <Placemark>
        <name>The Big Moo</name>
        <description>
          <![CDATA[
            
            Credit: <a href="mailto:lspicer@shaw.ca">Leigh Spicer</a>
          ]]>
        </description>
        <ExtendedData>
          <Data name="gx_media_links">
            <value>https://roadsideattractions.ca/images/bigmoo.jpg</value>
          </Data>
        </ExtendedData>
        <Point>
          <coordinates>52.31121666666667,-114.09376666666667,0</coordinates>
        </Point>
      </Placemark>
    
      <Placemark>
        <name>Big Nickel</name>
        <description>
          <![CDATA[
            Dynamic Earth on Big Nickel Mine Road
            Credit: Ed Solonyka
          ]]>
        </description>
        <ExtendedData>
          <Data name="gx_media_links">
            <value>https://roadsideattractions.ca/images/bignickel.jpg</value>
          </Data>
        </ExtendedData>
        <Point>
          <coordinates>46.47345,-81.03378333333333,0</coordinates>
        </Point>
      </Placemark>
    
      <Placemark>
        <name>Big Pink Fish</name>
        <description>
          <![CDATA[
            At Cadboro Gyro Park.
            Credit: L. Waters
          ]]>
        </description>
        <ExtendedData>
          <Data name="gx_media_links">
            <value>https://roadsideattractions.ca/images/bigpinkfish.jpg</value>
          </Data>
        </ExtendedData>
        <Point>
          <coordinates>48.4592,-123.29376666666667,0</coordinates>
        </Point>
      </Placemark>
    
      <Placemark>
        <name>Big Wave</name>
        <description>
          <![CDATA[
            
            Credit: <a href="mailto:thecalgaryjoneses@mac.com">The Joneses</a>
          ]]>
        </description>
        <ExtendedData>
          <Data name="gx_media_links">
            <value>https://roadsideattractions.ca/images/bigwave.jpg</value>
          </Data>
        </ExtendedData>
        <Point>
          <coordinates>44.64726666666667,-63.5701,0</coordinates>
        </Point>
      </Placemark>
    
      <Placemark>
        <name>Biker Bear</name>
        <description>
          <![CDATA[
            
            Credit: <a href="mailto:bwkohut@shaw.ca">Boris Kohut</a>
          ]]>
        </description>
        <ExtendedData>
          <Data name="gx_media_links">
            <value>https://roadsideattractions.ca/images/bikerbear.jpg</value>
          </Data>
        </ExtendedData>
        <Point>
          <coordinates>49.943666666666665,-97.18056666666666,0</coordinates>
        </Point>
      </Placemark>
    
      <Placemark>
        <name>Binoculars</name>
        <description>
          <![CDATA[
            
            Credit: Dana Sixty
          ]]>
        </description>
        <ExtendedData>
          <Data name="gx_media_links">
            <value>https://roadsideattractions.ca/images/binoculars.jpg</value>
          </Data>
        </ExtendedData>
        <Point>
          <coordinates>47.56945,-52.7019,0</coordinates>
        </Point>
      </Placemark>
    
      <Placemark>
        <name>Wire Biplane</name>
        <description>
          <![CDATA[
            
            Credit: Steve Robinson of Attractions on the Canadian Roadside
          ]]>
        </description>
        <ExtendedData>
          <Data name="gx_media_links">
            <value>https://roadsideattractions.ca/images/biplane.jpg</value>
          </Data>
        </ExtendedData>
        <Point>
          <coordinates>48.95621666666667,-54.6082,0</coordinates>
        </Point>
      </Placemark>
    
      <Placemark>
        <name>Wanuskewin Bison Run</name>
        <description>
          <![CDATA[
            
            Credit: <a href="mailto:rdonnan49@sasktel.net">Richard Donnan</a>
          ]]>
        </description>
        <ExtendedData>
          <Data name="gx_media_links">
            <value>https://roadsideattractions.ca/images/bisonrun.jpg</value>
          </Data>
        </ExtendedData>
        <Point>
          <coordinates>52.1243,-106.66803333333333,0</coordinates>
        </Point>
      </Placemark>
    
      <Placemark>
        <name>Blacksmith</name>
        <description>
          <![CDATA[
            
            Credit: <a href="mailto:rdonnan49@sasktel.net">Richard Donnan</a>
          ]]>
        </description>
        <ExtendedData>
          <Data name="gx_media_links">
            <value>https://roadsideattractions.ca/images/blacksmith.jpg</value>
          </Data>
        </ExtendedData>
        <Point>
          <coordinates>52.12371666666667,-106.67028333333333,0</coordinates>
        </Point>
      </Placemark>
    
      <Placemark>
        <name>Lily</name>
        <description>
          <![CDATA[
            
            Credit: <a href="mailto:wenjen@sasktel.net">Wendalynn Jensen</a>
          ]]>
        </description>
        <ExtendedData>
          <Data name="gx_media_links">
            <value>https://roadsideattractions.ca/images/blily.jpg</value>
          </Data>
        </ExtendedData>
        <Point>
          <coordinates>50.79861666666667,-103.54065,0</coordinates>
        </Point>
      </Placemark>
    
      <Placemark>
        <name>Northern Ontario Logging Memorial</name>
        <description>
          <![CDATA[
            
            Credit: Timber Village Museum
          ]]>
        </description>
        <ExtendedData>
          <Data name="gx_media_links">
            <value>https://roadsideattractions.ca/images/blindriverb.jpg</value>
          </Data>
        </ExtendedData>
        <Point>
          <coordinates>46.183733333333336,-82.93456666666667,0</coordinates>
        </Point>
      </Placemark>
    
      <Placemark>
        <name>Blue Bear</name>
        <description>
          <![CDATA[
            
            Credit: <a href="mailto:hirning@shaw.ca">Lorraine Hirning</a>
          ]]>
        </description>
        <ExtendedData>
          <Data name="gx_media_links">
            <value>https://roadsideattractions.ca/images/bluebear.jpg</value>
          </Data>
        </ExtendedData>
        <Point>
          <coordinates>49.887933333333336,-119.49728333333333,0</coordinates>
        </Point>
      </Placemark>
    
      <Placemark>
        <name>World's Largest Blueberry</name>
        <description>
          <![CDATA[
            Main Street (Highway 321), north of the Trans-Canada Highway.
            Credit: L&L van Bodegom
          ]]>
        </description>
        <ExtendedData>
          <Data name="gx_media_links">
            <value>https://roadsideattractions.ca/images/blueberry.jpg</value>
          </Data>
        </ExtendedData>
        <Point>
          <coordinates>45.72521666666667,-63.879933333333334,0</coordinates>
        </Point>
      </Placemark>
    
      <Placemark>
        <name>Grizzly Bears</name>
        <description>
          <![CDATA[
            Bear Creek Mountain Resort, ~ 12 km S of Lake Louise on Bow Valley Parkway.
            Credit: <a href="mailto:wenjen@sasktel.net">Wendalynn Jensen Donnan</a>
          ]]>
        </description>
        <ExtendedData>
          <Data name="gx_media_links">
            <value>https://roadsideattractions.ca/images/bnpbears.jpg</value>
          </Data>
        </ExtendedData>
        <Point>
          <coordinates>51.34931666666667,-116.06861666666667,0</coordinates>
        </Point>
      </Placemark>
    
      <Placemark>
        <name>Bob</name>
        <description>
          <![CDATA[
            ~ 36 km SE just N of Hwy 716.
            Credit: <a href="mailto:dalyn2@shaw.ca">Dale
Redekopp</a>
          ]]>
        </description>
        <ExtendedData>
          <Data name="gx_media_links">
            <value>https://roadsideattractions.ca/images/bob.jpg</value>
          </Data>
        </ExtendedData>
        <Point>
          <coordinates>50.16915,-105.39525,0</coordinates>
        </Point>
      </Placemark>
    
      <Placemark>
        <name>Fisherman</name>
        <description>
          <![CDATA[
            
            Credit: Promoting New Brunswick
          ]]>
        </description>
        <ExtendedData>
          <Data name="gx_media_links">
            <value>https://roadsideattractions.ca/images/boiestownf.jpg</value>
          </Data>
        </ExtendedData>
        <Point>
          <coordinates>46.468383333333335,-66.3984,0</coordinates>
        </Point>
      </Placemark>
    
      <Placemark>
        <name>Peerless Self Oiling Lombardi Steam Engine</name>
        <description>
          <![CDATA[
            
            Credit: <a href="mailto:nomad1@nbnet.nb.ca">Victor</a>
          ]]>
        </description>
        <ExtendedData>
          <Data name="gx_media_links">
            <value>https://roadsideattractions.ca/images/boiestownsteamengine.jpg</value>
          </Data>
        </ExtendedData>
        <Point>
          <coordinates>46.46785,-66.39823333333334,0</coordinates>
        </Point>
      </Placemark>
    
      <Placemark>
        <name>Purple Martin Colony</name>
        <description>
          <![CDATA[
            
            Credit: <a href="mailto:rch31739@mts.net">Bob Hill</a>
          ]]>
        </description>
        <ExtendedData>
          <Data name="gx_media_links">
            <value>https://roadsideattractions.ca/images/boissevain.jpg</value>
          </Data>
        </ExtendedData>
        <Point>
          <coordinates>49.230583333333335,-100.05885,0</coordinates>
        </Point>
      </Placemark>
    
      <Placemark>
        <name>Lumberjack</name>
        <description>
          <![CDATA[
            
            Credit: Promoting New Brunswick
          ]]>
        </description>
        <ExtendedData>
          <Data name="gx_media_links">
            <value>https://roadsideattractions.ca/images/boiestownl.jpg</value>
          </Data>
        </ExtendedData>
        <Point>
          <coordinates>46.46848333333333,-66.39825,0</coordinates>
        </Point>
      </Placemark>
    
      <Placemark>
        <name>Bear</name>
        <description>
          <![CDATA[
            
            Credit: <a href="mailto:rdonnan49@sasktel.net">Richard Donnan</a>
          ]]>
        </description>
        <ExtendedData>
          <Data name="gx_media_links">
            <value>https://roadsideattractions.ca/images/boissevainbear.jpg</value>
          </Data>
        </ExtendedData>
        <Point>
          <coordinates>49.224983333333334,-100.0582,0</coordinates>
        </Point>
      </Placemark>
    
      <Placemark>
        <name>Bone Gatherer</name>
        <description>
          <![CDATA[
            
            Credit: <a href="mailto:rdonnan49@hotmail.com">Richard Donnan</a>
          ]]>
        </description>
        <ExtendedData>
          <Data name="gx_media_links">
            <value>https://roadsideattractions.ca/images/bonegatherer.jpg</value>
          </Data>
        </ExtendedData>
        <Point>
          <coordinates>51.80925,-106.49646666666666,0</coordinates>
        </Point>
      </Placemark>
    
      <Placemark>
        <name>Grizzly Bear</name>
        <description>
          <![CDATA[
            
            Credit: <a href="mailto:rdonnan49@sasktel.net">Richard Donnan</a>
          ]]>
        </description>
        <ExtendedData>
          <Data name="gx_media_links">
            <value>https://roadsideattractions.ca/images/bonnyvillegb.jpg</value>
          </Data>
        </ExtendedData>
        <Point>
          <coordinates>54.26753333333333,-110.79616666666666,0</coordinates>
        </Point>
      </Placemark>
    
      <Placemark>
        <name>World's Largest Western Boot</name>
        <description>
          <![CDATA[
            
            Credit: <a href="mailto:jim_cross@bigfoot.com">Jim Cross</a>
          ]]>
        </description>
        <ExtendedData>
          <Data name="gx_media_links">
            <value>https://roadsideattractions.ca/images/boot.jpg</value>
          </Data>
        </ExtendedData>
        <Point>
          <coordinates>53.53948333333334,-113.60911666666667,0</coordinates>
        </Point>
      </Placemark>
    
      <Placemark>
        <name>Potash Borer</name>
        <description>
          <![CDATA[
            
            Credit: <a href="mailto:dalyn2@shaw.ca">Dale
Redekopp</a>
          ]]>
        </description>
        <ExtendedData>
          <Data name="gx_media_links">
            <value>https://roadsideattractions.ca/images/borer.jpg</value>
          </Data>
        </ExtendedData>
        <Point>
          <coordinates>50.65363333333333,-102.08695,0</coordinates>
        </Point>
      </Placemark>
    
      <Placemark>
        <name>Bowling Pin</name>
        <description>
          <![CDATA[
            
            Credit: <a href="mailto:hirning@shaw.ca">Lorraine Hirning</a>
          ]]>
        </description>
        <ExtendedData>
          <Data name="gx_media_links">
            <value>https://roadsideattractions.ca/images/bowlingpin.jpg</value>
          </Data>
        </ExtendedData>
        <Point>
          <coordinates>51.016133333333336,-114.03848333333333,0</coordinates>
        </Point>
      </Placemark>
    
      <Placemark>
        <name>Boxing Gloves</name>
        <description>
          <![CDATA[
            Bloor Street Fitness
            Credit: Dana Sixty
          ]]>
        </description>
        <ExtendedData>
          <Data name="gx_media_links">
            <value>https://roadsideattractions.ca/images/boxinggloves.jpg</value>
          </Data>
        </ExtendedData>
        <Point>
          <coordinates>43.6554,-79.45235,0</coordinates>
        </Point>
      </Placemark>
    
      <Placemark>
        <name>Herbert - The Used Car Salesman</name>
        <description>
          <![CDATA[
            
            Credit: Darron Hyrsak of <a href="http://firststreetfirst.com/">First Street First</a>
          ]]>
        </description>
        <ExtendedData>
          <Data name="gx_media_links">
            <value>https://roadsideattractions.ca/images/brandon.jpg</value>
          </Data>
        </ExtendedData>
        <Point>
          <coordinates>49.827133333333336,-99.93336666666667,0</coordinates>
        </Point>
      </Placemark>
    
      <Placemark>
        <name>Apple</name>
        <description>
          <![CDATA[
            
            Credit: <a href="mailto:bowser@iaw.on.ca">James Bowser</a>
          ]]>
        </description>
        <ExtendedData>
          <Data name="gx_media_links">
            <value>https://roadsideattractions.ca/images/bramptonapple.jpg</value>
          </Data>
        </ExtendedData>
        <Point>
          <coordinates>43.666516666666666,-79.83041666666666,0</coordinates>
        </Point>
      </Placemark>
    
      <Placemark>
        <name>Brown Bull</name>
        <description>
          <![CDATA[
            
            Credit: <a href="mailto:rdonnan49@sasktel.net">Richard Donnan</a>
          ]]>
        </description>
        <ExtendedData>
          <Data name="gx_media_links">
            <value>https://roadsideattractions.ca/images/brandonbb.jpg</value>
          </Data>
        </ExtendedData>
        <Point>
          <coordinates>49.88506666666667,-99.98501666666667,0</coordinates>
        </Point>
      </Placemark>
    
      <Placemark>
        <name>Buffalo</name>
        <description>
          <![CDATA[
            
            Credit: <a href="mailto:rdonnan49@sasktel.net">Richard Donnan</a>
          ]]>
        </description>
        <ExtendedData>
          <Data name="gx_media_links">
            <value>https://roadsideattractions.ca/images/brandonbuffalo.jpg</value>
          </Data>
        </ExtendedData>
        <Point>
          <coordinates>49.8737,-99.9614,0</coordinates>
        </Point>
      </Placemark>
    
      <Placemark>
        <name>White Bull</name>
        <description>
          <![CDATA[
            
            Credit: <a href="mailto:rdonnan49@sasktel.net">Richard Donnan</a>
          ]]>
        </description>
        <ExtendedData>
          <Data name="gx_media_links">
            <value>https://roadsideattractions.ca/images/brandonwb.jpg</value>
          </Data>
        </ExtendedData>
        <Point>
          <coordinates>49.887483333333336,-99.8886,0</coordinates>
        </Point>
      </Placemark>
    
      <Placemark>
        <name>Wayside Chapel</name>
        <description>
          <![CDATA[
            
            Credit: <a href="mailto:rdonnan49@sasktel.net">Richard Donnan</a>
          ]]>
        </description>
        <ExtendedData>
          <Data name="gx_media_links">
            <value>https://roadsideattractions.ca/images/brandonwc.jpg</value>
          </Data>
        </ExtendedData>
        <Point>
          <coordinates>49.88741666666667,-99.96178333333333,0</coordinates>
        </Point>
      </Placemark>
    
      <Placemark>
        <name>Brick Rabbit</name>
        <description>
          <![CDATA[
            
            Credit: <a href="mailto:brankare@telus.net">Karen Branton</a>
          ]]>
        </description>
        <ExtendedData>
          <Data name="gx_media_links">
            <value>https://roadsideattractions.ca/images/brickrabbit.jpg</value>
          </Data>
        </ExtendedData>
        <Point>
          <coordinates>52.266933333333334,-113.81135,0</coordinates>
        </Point>
      </Placemark>
    
      <Placemark>
        <name>Bridge Girder</name>
        <description>
          <![CDATA[
            Behind the Borden-Carleton Visitor Information Centre.  It can also be seen from the Trans-Canada Highway.
            Credit: <a href="mailto:bowser@iaw.on.ca">James Bowser</a>
          ]]>
        </description>
        <ExtendedData>
          <Data name="gx_media_links">
            <value>https://roadsideattractions.ca/images/bridgegirder.jpg</value>
          </Data>
        </ExtendedData>
        <Point>
          <coordinates>46.25556666666667,-63.696283333333334,0</coordinates>
        </Point>
      </Placemark>
    
      <Placemark>
        <name>Home Hardware Dog</name>
        <description>
          <![CDATA[
            
            Credit: <a href="mailto:valgreg@eastlink.ca">Valerie Sweeney</a>
          ]]>
        </description>
        <ExtendedData>
          <Data name="gx_media_links">
            <value>https://roadsideattractions.ca/images/bridgetown.jpg</value>
          </Data>
        </ExtendedData>
        <Point>
          <coordinates>44.839866666666666,-65.29013333333333,0</coordinates>
        </Point>
      </Placemark>
    
      <Placemark>
        <name>Muskoka Chair</name>
        <description>
          <![CDATA[
            
            Credit: <a href="mailto:kerrytom@av.eastlink.ca">Tom</a>
          ]]>
        </description>
        <ExtendedData>
          <Data name="gx_media_links">
            <value>https://roadsideattractions.ca/images/bridgewater.jpg</value>
          </Data>
        </ExtendedData>
        <Point>
          <coordinates>44.36745,-64.45023333333333,0</coordinates>
        </Point>
      </Placemark>
    
      <Placemark>
        <name>Black Bear</name>
        <description>
          <![CDATA[
            
            Credit: <a href="mailto:alicegreene@ns.sympatico.ca">Alice
Greene</a>
          ]]>
        </description>
        <ExtendedData>
          <Data name="gx_media_links">
            <value>https://roadsideattractions.ca/images/bridgewaterbear.jpg</value>
          </Data>
        </ExtendedData>
        <Point>
          <coordinates>44.438833333333335,-64.88753333333334,0</coordinates>
        </Point>
      </Placemark>
    
      <Placemark>
        <name>The Ploughman</name>
        <description>
          <![CDATA[
            Courtright Line and Brigden sideroad
            Credit: <a HREF="http://www.brigdenfair.ca/">Moore Agricultural Society</a>
          ]]>
        </description>
        <ExtendedData>
          <Data name="gx_media_links">
            <value>https://roadsideattractions.ca/images/brigden.jpg</value>
          </Data>
        </ExtendedData>
        <Point>
          <coordinates>42.81013333333333,-82.28273333333334,0</coordinates>
        </Point>
      </Placemark>
    
      <Placemark>
        <name>Mickey Mouse And Minnie Mouse</name>
        <description>
          <![CDATA[
            
            Credit: <a href="mailto:coryjking@gmail.com">The King Family</a>
          ]]>
        </description>
        <ExtendedData>
          <Data name="gx_media_links">
            <value>https://roadsideattractions.ca/images/brockville.jpg</value>
          </Data>
        </ExtendedData>
        <Point>
          <coordinates>44.60561666666667,-75.69798333333334,0</coordinates>
        </Point>
      </Placemark>
    
      <Placemark>
        <name>Helmet Lizard</name>
        <description>
          <![CDATA[
            
            Credit: <a href="mailto:lonecrow42@gmail.com">Scott McDonald</a>
          ]]>
        </description>
        <ExtendedData>
          <Data name="gx_media_links">
            <value>https://roadsideattractions.ca/images/brooks.jpg</value>
          </Data>
        </ExtendedData>
        <Point>
          <coordinates>50.570933333333336,-111.87345,0</coordinates>
        </Point>
      </Placemark>
    
      <Placemark>
        <name>CT114 Beechcraft Musketeer</name>
        <description>
          <![CDATA[
            
            Credit: Stephane Demers
          ]]>
        </description>
        <ExtendedData>
          <Data name="gx_media_links">
            <value>https://roadsideattractions.ca/images/brockvillep.jpg</value>
          </Data>
        </ExtendedData>
        <Point>
          <coordinates>44.572516666666665,-75.71486666666667,0</coordinates>
        </Point>
      </Placemark>
    
      <Placemark>
        <name>Brotherhood Of Mankind</name>
        <description>
          <![CDATA[
            
            Credit: <a href="http://www.downtowncalgary.com/">Calgary 
  Downtown Association</a>
          ]]>
        </description>
        <ExtendedData>
          <Data name="gx_media_links">
            <value>https://roadsideattractions.ca/images/brotherhood.jpg</value>
          </Data>
        </ExtendedData>
        <Point>
          <coordinates>51.047783333333335,-114.05996666666667,0</coordinates>
        </Point>
      </Placemark>
    
      <Placemark>
        <name>Bucking Brahma Bull</name>
        <description>
          <![CDATA[
            
            Credit: <a href="http://www.peacecountry.net/brownvale/"> Hamlet of Brownvale</a>
          ]]>
        </description>
        <ExtendedData>
          <Data name="gx_media_links">
            <value>https://roadsideattractions.ca/images/brownvale.jpg</value>
          </Data>
        </ExtendedData>
        <Point>
          <coordinates>56.1291,-117.88941666666666,0</coordinates>
        </Point>
      </Placemark>
    
      <Placemark>
        <name>Big Bruce The Bull</name>
        <description>
          <![CDATA[
            First Avenue North
            Credit: Sara-Lynne Leask
          ]]>
        </description>
        <ExtendedData>
          <Data name="gx_media_links">
            <value>https://roadsideattractions.ca/images/bruce.jpg</value>
          </Data>
        </ExtendedData>
        <Point>
          <coordinates>44.311733333333336,-81.09946666666667,0</coordinates>
        </Point>
      </Placemark>
    
      <Placemark>
        <name>Large Spider</name>
        <description>
          <![CDATA[
            ~ 5 km E on Hwy. 14.
            Credit: <a href="mailto:dalyn2@shaw.ca">Dale
Redekopp</a>
          ]]>
        </description>
        <ExtendedData>
          <Data name="gx_media_links">
            <value>https://roadsideattractions.ca/images/bspider.jpg</value>
          </Data>
        </ExtendedData>
        <Point>
          <coordinates>52.05651666666667,-107.90641666666667,0</coordinates>
        </Point>
      </Placemark>
    
      <Placemark>
        <name>Sunflower</name>
        <description>
          <![CDATA[
            
            Credit: <a href="mailto:wenjen@sasktel.net">Wendalynn Jensen</a>
          ]]>
        </description>
        <ExtendedData>
          <Data name="gx_media_links">
            <value>https://roadsideattractions.ca/images/bsunflower.jpg</value>
          </Data>
        </ExtendedData>
        <Point>
          <coordinates>50.79861666666667,-103.54053333333333,0</coordinates>
        </Point>
      </Placemark>
    
      <Placemark>
        <name>Tractor</name>
        <description>
          <![CDATA[
            
            Credit: <a href="mailto:rdonnan49@sasktel.net">Richard Donnan</a>
          ]]>
        </description>
        <ExtendedData>
          <Data name="gx_media_links">
            <value>https://roadsideattractions.ca/images/btractor.jpg</value>
          </Data>
        </ExtendedData>
        <Point>
          <coordinates>52.386316666666666,-107.18243333333334,0</coordinates>
        </Point>
      </Placemark>
    
      <Placemark>
        <name>Buckhorn Buck</name>
        <description>
          <![CDATA[
            Trent Severn Waterway
            Credit: Kawartha Guide '99
          ]]>
        </description>
        <ExtendedData>
          <Data name="gx_media_links">
            <value>https://roadsideattractions.ca/images/buckhorn.jpg</value>
          </Data>
        </ExtendedData>
        <Point>
          <coordinates>44.556016666666665,-78.3472,0</coordinates>
        </Point>
      </Placemark>
    
      <Placemark>
        <name>Budweiser Can</name>
        <description>
          <![CDATA[
            
            Credit: <a href="mailto:rdonnan49@sasktel.net">Richard Donnan</a>
          ]]>
        </description>
        <ExtendedData>
          <Data name="gx_media_links">
            <value>https://roadsideattractions.ca/images/budweiser.jpg</value>
          </Data>
        </ExtendedData>
        <Point>
          <coordinates>53.481316666666665,-113.48841666666667,0</coordinates>
        </Point>
      </Placemark>
    
      <Placemark>
        <name>Buffalo</name>
        <description>
          <![CDATA[
            
            Credit:  HREF="http://www.discoveralberta.com/AlbertasHeartland/Wainwright/">Town of Wainwright</a>
          ]]>
        </description>
        <ExtendedData>
          <Data name="gx_media_links">
            <value>https://roadsideattractions.ca/images/buffalo.jpg</value>
          </Data>
        </ExtendedData>
        <Point>
          <coordinates>52.842483333333334,-110.85086666666666,0</coordinates>
        </Point>
      </Placemark>
    
      <Placemark>
        <name>Bug-eyed Cow</name>
        <description>
          <![CDATA[
            
            Credit: <a href="mailto:hirning@shaw.ca">Lorraine Hirning</a>
          ]]>
        </description>
        <ExtendedData>
          <Data name="gx_media_links">
            <value>https://roadsideattractions.ca/images/bugeyedcow.jpg</value>
          </Data>
        </ExtendedData>
        <Point>
          <coordinates>50.04898333333333,-110.66798333333334,0</coordinates>
        </Point>
      </Placemark>
    
      <Placemark>
        <name>Bulldog</name>
        <description>
          <![CDATA[
            
            Credit: ><a href="http://www.bulldogstorage.ca/">Bulldog
Self Storage</a>
          ]]>
        </description>
        <ExtendedData>
          <Data name="gx_media_links">
            <value>https://roadsideattractions.ca/images/bulldog.jpg</value>
          </Data>
        </ExtendedData>
        <Point>
          <coordinates>49.96465,-97.08135,0</coordinates>
        </Point>
      </Placemark>
    
      <Placemark>
        <name>World's Largest Bunnock</name>
        <description>
          <![CDATA[
            
            Credit: <a HREF="http://www.macklin.ca/">Town of Macklin</a>
          ]]>
        </description>
        <ExtendedData>
          <Data name="gx_media_links">
            <value>https://roadsideattractions.ca/images/bunnock.jpg</value>
          </Data>
        </ExtendedData>
        <Point>
          <coordinates>52.34675,-109.93503333333334,0</coordinates>
        </Point>
      </Placemark>
    
      <Placemark>
        <name>World's Second Largest Burl</name>
        <description>
          <![CDATA[
            
            Credit: <a href="mailto:gfoxedm@telusplanet.net">Gerry Fox</a>. Update: <a href="mailto:cymagic@shaw.ca">Chris Yuill</a>
          ]]>
        </description>
        <ExtendedData>
          <Data name="gx_media_links">
            <value>https://roadsideattractions.ca/images/burl.jpg</value>
          </Data>
        </ExtendedData>
        <Point>
          <coordinates>50.57293333333333,-127.1199,0</coordinates>
        </Point>
      </Placemark>
    
      <Placemark>
        <name>Truck And Trailer On Roof</name>
        <description>
          <![CDATA[
            1200 Plains Road East
            Credit: <a href="mailto:glen-lori@sympatico.ca">Glen McLean-Storrie</a>
          ]]>
        </description>
        <ExtendedData>
          <Data name="gx_media_links">
            <value>https://roadsideattractions.ca/images/burlingtontt.jpg</value>
          </Data>
        </ExtendedData>
        <Point>
          <coordinates>43.33055,-79.82263333333333,0</coordinates>
        </Point>
      </Placemark>
    
      <Placemark>
        <name>World's Largest Gold Pan</name>
        <description>
          <![CDATA[
            
            Credit: Roger Found of <a href="http://www.karo-ent.com/">Karo
Enterprises
</a>
          ]]>
        </description>
        <ExtendedData>
          <Data name="gx_media_links">
            <value>https://roadsideattractions.ca/images/burwash.jpg</value>
          </Data>
        </ExtendedData>
        <Point>
          <coordinates>61.35413333333333,-138.998,0</coordinates>
        </Point>
      </Placemark>
    
      <Placemark>
        <name>Butterfly</name>
        <description>
          <![CDATA[
            
            Credit: <a href="mailto:mhazell@kingston.net">Bonnie Hazell</a>
          ]]>
        </description>
        <ExtendedData>
          <Data name="gx_media_links">
            <value>https://roadsideattractions.ca/images/butterfly.jpg</value>
          </Data>
        </ExtendedData>
        <Point>
          <coordinates>54.34245,-109.7245,0</coordinates>
        </Point>
      </Placemark>
    
      <Placemark>
        <name>Pronghorn Antelope, Wheat Stalks  And Goose</name>
        <description>
          <![CDATA[
            
            Credit: <a href="MAILTO:gfoxedm@telusplanet.net">Gerry Fox</a>
and <a href="mailto:rdonnan49@sasktel.net">Richard Donnan</a>
          ]]>
        </description>
        <ExtendedData>
          <Data name="gx_media_links">
            <value>https://roadsideattractions.ca/images/cabri.jpg</value>
          </Data>
        </ExtendedData>
        <Point>
          <coordinates>50.61905,-108.45511666666667,0</coordinates>
        </Point>
      </Placemark>
    
      <Placemark>
        <name>Cariboo Sam</name>
        <description>
          <![CDATA[
            
            Credit: <a href="MAILTO:brooksr@telus.net">Ron Brooks</a>
          ]]>
        </description>
        <ExtendedData>
          <Data name="gx_media_links">
            <value>https://roadsideattractions.ca/images/cachecreek.jpg</value>
          </Data>
        </ExtendedData>
        <Point>
          <coordinates>50.80945,-121.3248,0</coordinates>
        </Point>
      </Placemark>
    
      <Placemark>
        <name>Cadborosaurus</name>
        <description>
          <![CDATA[
            At Cadboro Gyro Park.
            Credit: L. Waters
          ]]>
        </description>
        <ExtendedData>
          <Data name="gx_media_links">
            <value>https://roadsideattractions.ca/images/cadborosaurus.jpg</value>
          </Data>
        </ExtendedData>
        <Point>
          <coordinates>48.45915,-123.29343333333334,0</coordinates>
        </Point>
      </Placemark>
    
      <Placemark>
        <name>59 Caddy</name>
        <description>
          <![CDATA[
            
            Credit: LCRA
          ]]>
        </description>
        <ExtendedData>
          <Data name="gx_media_links">
            <value>https://roadsideattractions.ca/images/caddy.jpg</value>
          </Data>
        </ExtendedData>
        <Point>
          <coordinates>43.736866666666664,-79.24573333333333,0</coordinates>
        </Point>
      </Placemark>
    
      <Placemark>
        <name>Western Boot With Wheels</name>
        <description>
          <![CDATA[
            
            Credit: <a href="mailto:hirning@shaw.ca">Lorraine Hirning</a> and <a href="mailto:lonecrow42@gmail.com">Scott McDonald</a>
          ]]>
        </description>
        <ExtendedData>
          <Data name="gx_media_links">
            <value>https://roadsideattractions.ca/images/calgaryboot.jpg</value>
          </Data>
        </ExtendedData>
        <Point>
          <coordinates>51.00893333333333,-114.06741666666667,0</coordinates>
        </Point>
      </Placemark>
    
      <Placemark>
        <name>Horse</name>
        <description>
          <![CDATA[
            
            Credit: <a href="mailtordonnan49@sasktel.net">Richard Donnan</a>
          ]]>
        </description>
        <ExtendedData>
          <Data name="gx_media_links">
            <value>https://roadsideattractions.ca/images/calgaryhorse.jpg</value>
          </Data>
        </ExtendedData>
        <Point>
          <coordinates>51.005716666666665,-114.06938333333333,0</coordinates>
        </Point>
      </Placemark>
    
      <Placemark>
        <name>Oggie</name>
        <description>
          <![CDATA[
            
            Credit: <a href="mailto:hirning@shaw.ca">Lorraine Hirning</a>
          ]]>
        </description>
        <ExtendedData>
          <Data name="gx_media_links">
            <value>https://roadsideattractions.ca/images/calgaryoggie.jpg</value>
          </Data>
        </ExtendedData>
        <Point>
          <coordinates>50.98898333333333,-114.00046666666667,0</coordinates>
        </Point>
      </Placemark>
    
      <Placemark>
        <name>Rooster</name>
        <description>
          <![CDATA[
            
            Credit: <a href="mailto:hirning@shaw.ca">Lorraine Hirning</a>
          ]]>
        </description>
        <ExtendedData>
          <Data name="gx_media_links">
            <value>https://roadsideattractions.ca/images/calgaryrooster.jpg</value>
          </Data>
        </ExtendedData>
        <Point>
          <coordinates>51.05211666666667,-114.09456666666667,0</coordinates>
        </Point>
      </Placemark>
    
      <Placemark>
        <name>Camarasaurus</name>
        <description>
          <![CDATA[
            
            Credit: Trevor Appelt
          ]]>
        </description>
        <ExtendedData>
          <Data name="gx_media_links">
            <value>https://roadsideattractions.ca/images/camarasaurus.jpg</value>
          </Data>
        </ExtendedData>
        <Point>
          <coordinates>51.46905,-112.74343333333333,0</coordinates>
        </Point>
      </Placemark>
    
      <Placemark>
        <name>Toonie</name>
        <description>
          <![CDATA[
            Old Mill Park
            Credit: Elizabeth Iozzo
          ]]>
        </description>
        <ExtendedData>
          <Data name="gx_media_links">
            <value>https://roadsideattractions.ca/images/campbellford.jpg</value>
          </Data>
        </ExtendedData>
        <Point>
          <coordinates>44.30746666666667,-77.8004,0</coordinates>
        </Point>
      </Placemark>
    
      <Placemark>
        <name>Toonie (2)</name>
        <description>
          <![CDATA[
            Old Mill Park
            Credit: <a href="mailto:rrichman@ascap.com">Rich
Richman,
Staten Island, N.Y.</a> and <a href="mailto:Bill_Patterson@tricolour.queensu.ca">Bill
Patterson</a> (tails), <a href="mailto:debbieanded@sympatico.ca">Debbie Foster</a> (heads)
          ]]>
        </description>
        <ExtendedData>
          <Data name="gx_media_links">
            <value>https://roadsideattractions.ca/images/campbellford2.jpg</value>
          </Data>
        </ExtendedData>
        <Point>
          <coordinates>44.30755,-77.80028333333334,0</coordinates>
        </Point>
      </Placemark>
    
      <Placemark>
        <name>Candle</name>
        <description>
          <![CDATA[
            
            Credit: <a href="mailto:JJohn@Suncor.com">Jason John</a>
          ]]>
        </description>
        <ExtendedData>
          <Data name="gx_media_links">
            <value>https://roadsideattractions.ca/images/candlelake.jpg</value>
          </Data>
        </ExtendedData>
        <Point>
          <coordinates>53.71046666666667,-105.24281666666667,0</coordinates>
        </Point>
      </Placemark>
    
      <Placemark>
        <name>Rooster</name>
        <description>
          <![CDATA[
            
            Credit: <a href="mailto:hirning@shaw.ca">Lorraine Hirning</a>
          ]]>
        </description>
        <ExtendedData>
          <Data name="gx_media_links">
            <value>https://roadsideattractions.ca/images/canmore.jpg</value>
          </Data>
        </ExtendedData>
        <Point>
          <coordinates>51.097433333333335,-115.36213333333333,0</coordinates>
        </Point>
      </Placemark>
    
      <Placemark>
        <name>Black Bear</name>
        <description>
          <![CDATA[
            
            Credit: <a href="mailto:rdonnan49@sasktel.net">Richard Donnan</a>
          ]]>
        </description>
        <ExtendedData>
          <Data name="gx_media_links">
            <value>https://roadsideattractions.ca/images/canmorebb.jpg</value>
          </Data>
        </ExtendedData>
        <Point>
          <coordinates>51.09288333333333,-115.35325,0</coordinates>
        </Point>
      </Placemark>
    
      <Placemark>
        <name>Grizzly Bear</name>
        <description>
          <![CDATA[
            
            Credit: <a href="mailto:rdonnan49@sasktel.net">Richard Donnan</a>
          ]]>
        </description>
        <ExtendedData>
          <Data name="gx_media_links">
            <value>https://roadsideattractions.ca/images/canmoregb.jpg</value>
          </Data>
        </ExtendedData>
        <Point>
          <coordinates>51.09401666666667,-115.35448333333333,0</coordinates>
        </Point>
      </Placemark>
    
      <Placemark>
        <name>The Head</name>
        <description>
          <![CDATA[
            
            Credit: <a href="mailto:hirning@shaw.ca">Lorraine Hirning</a>
          ]]>
        </description>
        <ExtendedData>
          <Data name="gx_media_links">
            <value>https://roadsideattractions.ca/images/canmorehead.jpg</value>
          </Data>
        </ExtendedData>
        <Point>
          <coordinates>51.08946666666667,-115.35553333333333,0</coordinates>
        </Point>
      </Placemark>
    
      <Placemark>
        <name>Inuksuk</name>
        <description>
          <![CDATA[
            
            Credit: <a href="mailto:hirning@shaw.ca">Lorraine Hirning</a>
          ]]>
        </description>
        <ExtendedData>
          <Data name="gx_media_links">
            <value>https://roadsideattractions.ca/images/canmoreinukshuk.jpg</value>
          </Data>
        </ExtendedData>
        <Point>
          <coordinates>51.09758333333333,-115.3574,0</coordinates>
        </Point>
      </Placemark>
    
      <Placemark>
        <name>Miner</name>
        <description>
          <![CDATA[
            
            Credit: <a href="mailto:hirning@shaw.ca">Lorraine Hirning</a>
          ]]>
        </description>
        <ExtendedData>
          <Data name="gx_media_links">
            <value>https://roadsideattractions.ca/images/canmoreminer.jpg</value>
          </Data>
        </ExtendedData>
        <Point>
          <coordinates>51.08931666666667,-115.36035,0</coordinates>
        </Point>
      </Placemark>
    
      <Placemark>
        <name>Canoe</name>
        <description>
          <![CDATA[
            
            Credit: Town of Longlac
          ]]>
        </description>
        <ExtendedData>
          <Data name="gx_media_links">
            <value>https://roadsideattractions.ca/images/canoe.jpg</value>
          </Data>
        </ExtendedData>
        <Point>
          <coordinates>49.781216666666666,-86.53516666666667,0</coordinates>
        </Point>
      </Placemark>
    
      <Placemark>
        <name>Canola (Rapeseed) Plant</name>
        <description>
          <![CDATA[
            
            Credit: <a href="mailto:gfoxedm@telusplanet.net">Gerry Fox</a>
          ]]>
        </description>
        <ExtendedData>
          <Data name="gx_media_links">
            <value>https://roadsideattractions.ca/images/canola.jpg</value>
          </Data>
        </ExtendedData>
        <Point>
          <coordinates>53.084983333333334,-109.291,0</coordinates>
        </Point>
      </Placemark>
    
      <Placemark>
        <name>Lesia - Ukrainian Girl</name>
        <description>
          <![CDATA[
            
            Credit: Tourism Saskatchewan
          ]]>
        </description>
        <ExtendedData>
          <Data name="gx_media_links">
            <value>https://roadsideattractions.ca/images/canora.jpg</value>
          </Data>
        </ExtendedData>
        <Point>
          <coordinates>51.629933333333334,-102.43058333333333,0</coordinates>
        </Point>
      </Placemark>
    
      <Placemark>
        <name>Gold Pans</name>
        <description>
          <![CDATA[
            
            Credit: <a href="mailto:rch31739@mts.net">Bob Hill</a>
          ]]>
        </description>
        <ExtendedData>
          <Data name="gx_media_links">
            <value>https://roadsideattractions.ca/images/carcross.jpg</value>
          </Data>
        </ExtendedData>
        <Point>
          <coordinates>60.16566666666667,-134.70641666666666,0</coordinates>
        </Point>
      </Placemark>
    
      <Placemark>
        <name>Caribou</name>
        <description>
          <![CDATA[
            Caribou Crossing Trading Post.
            Credit: Naomi
          ]]>
        </description>
        <ExtendedData>
          <Data name="gx_media_links">
            <value>https://roadsideattractions.ca/images/cariboucrossing.jpg</value>
          </Data>
        </ExtendedData>
        <Point>
          <coordinates>60.19428333333333,-134.70508333333333,0</coordinates>
        </Point>
      </Placemark>
    
      <Placemark>
        <name>Metal Fish</name>
        <description>
          <![CDATA[
            
            Credit: Mona Lee Switzer
          ]]>
        </description>
        <ExtendedData>
          <Data name="gx_media_links">
            <value>https://roadsideattractions.ca/images/carseland.jpg</value>
          </Data>
        </ExtendedData>
        <Point>
          <coordinates>50.849066666666666,-113.46441666666666,0</coordinates>
        </Point>
      </Placemark>
    
      <Placemark>
        <name>Whissell's Castle</name>
        <description>
          <![CDATA[
            ~ 5.5 km east of Clyde on Hwy 18.
            Credit: <a href="mailto:dalyn2@shaw.ca">Dale Redekopp</a>
          ]]>
        </description>
        <ExtendedData>
          <Data name="gx_media_links">
            <value>https://roadsideattractions.ca/images/castle.jpg</value>
          </Data>
        </ExtendedData>
        <Point>
          <coordinates>54.144983333333336,-113.52796666666667,0</coordinates>
        </Point>
      </Placemark>
    
      <Placemark>
        <name>Beaver</name>
        <description>
          <![CDATA[
            
            Credit: Original - <a href="mailto:rdonnan49@sasktel.net">Richard Donnan</a>.  Update (June 2017) - Glen Thayer. 
          ]]>
        </description>
        <ExtendedData>
          <Data name="gx_media_links">
            <value>https://roadsideattractions.ca/images/castorbeaver.jpg</value>
          </Data>
        </ExtendedData>
        <Point>
          <coordinates>52.21863333333334,-111.90935,0</coordinates>
        </Point>
      </Placemark>
    
      <Placemark>
        <name>Chuck The Channel Cat</name>
        <description>
          <![CDATA[
            
            Credit: Richard Pullano Services
          ]]>
        </description>
        <ExtendedData>
          <Data name="gx_media_links">
            <value>https://roadsideattractions.ca/images/catfish.jpg</value>
          </Data>
        </ExtendedData>
        <Point>
          <coordinates>50.13348333333333,-96.88498333333334,0</coordinates>
        </Point>
      </Placemark>
    
      <Placemark>
        <name>Cat On A Chair On A Pole</name>
        <description>
          <![CDATA[
            Spadina and St. Andrews Street
            Credit: <a href="mailto:ebes010@hotmail.com">Jessica Eby</a>
          ]]>
        </description>
        <ExtendedData>
          <Data name="gx_media_links">
            <value>https://roadsideattractions.ca/images/catonchaironpole.jpg</value>
          </Data>
        </ExtendedData>
        <Point>
          <coordinates>43.6544,-79.39888333333333,0</coordinates>
        </Point>
      </Placemark>
    
      <Placemark>
        <name>Cow</name>
        <description>
          <![CDATA[
            9139 Cavendish Road, at the Cavendish Boardwalk.
            Credit: L&L van Bodegom
          ]]>
        </description>
        <ExtendedData>
          <Data name="gx_media_links">
            <value>https://roadsideattractions.ca/images/cavendishcow.jpg</value>
          </Data>
        </ExtendedData>
        <Point>
          <coordinates>46.481366666666666,-63.411366666666666,0</coordinates>
        </Point>
      </Placemark>
    
      <Placemark>
        <name>Shark Head</name>
        <description>
          <![CDATA[
            9139 Cavendish Road, at the Cavendish Boardwalk.
            Credit: <a href="mailto:mfdc5@yahoo.com">Ryan King</a>
          ]]>
        </description>
        <ExtendedData>
          <Data name="gx_media_links">
            <value>https://roadsideattractions.ca/images/cavendishshark.jpg</value>
          </Data>
        </ExtendedData>
        <Point>
          <coordinates>46.48146666666667,-63.411883333333336,0</coordinates>
        </Point>
      </Placemark>
    
      <Placemark>
        <name>Strange Bird</name>
        <description>
          <![CDATA[
            
            Credit: <a href="mailto:bowser@iaw.on.ca">James Bowser</a>
          ]]>
        </description>
        <ExtendedData>
          <Data name="gx_media_links">
            <value>https://roadsideattractions.ca/images/cbird.jpg</value>
          </Data>
        </ExtendedData>
        <Point>
          <coordinates>43.05996666666667,-79.05325,0</coordinates>
        </Point>
      </Placemark>
    
      <Placemark>
        <name>Bears</name>
        <description>
          <![CDATA[
            Century Gardens
            Credit: <a href="mailto:rdonnan49@sasktel.net">Richard Donnan</a>
          ]]>
        </description>
        <ExtendedData>
          <Data name="gx_media_links">
            <value>https://roadsideattractions.ca/images/cbears.jpg</value>
          </Data>
        </ExtendedData>
        <Point>
          <coordinates>51.04645,-114.07981666666667,0</coordinates>
        </Point>
      </Placemark>
    
      <Placemark>
        <name>Metal Buffalo</name>
        <description>
          <![CDATA[
            
            Credit: <a href="mailto:rdonnan49@sasktel.net">Richard Donnan</a>
          ]]>
        </description>
        <ExtendedData>
          <Data name="gx_media_links">
            <value>https://roadsideattractions.ca/images/cbuffalo.jpg</value>
          </Data>
        </ExtendedData>
        <Point>
          <coordinates>51.05076666666667,-114.07585,0</coordinates>
        </Point>
      </Placemark>
    
      <Placemark>
        <name>Coca Cola Mug</name>
        <description>
          <![CDATA[
            
            Credit: <a href="mailto:bwkohut@shaw.ca">Boris Kohut</a>
          ]]>
        </description>
        <ExtendedData>
          <Data name="gx_media_links">
            <value>https://roadsideattractions.ca/images/ccmug.jpg</value>
          </Data>
        </ExtendedData>
        <Point>
          <coordinates>49.87551666666667,-97.1184,0</coordinates>
        </Point>
      </Placemark>
    
      <Placemark>
        <name>Large Cow</name>
        <description>
          <![CDATA[
            At Cow's Creamery on Poplar Island
            Credit: <a href="mailto:coryjking@gmail.com">The King Family</a>
          ]]>
        </description>
        <ExtendedData>
          <Data name="gx_media_links">
            <value>https://roadsideattractions.ca/images/ccow.jpg</value>
          </Data>
        </ExtendedData>
        <Point>
          <coordinates>46.2594,-63.17955,0</coordinates>
        </Point>
      </Placemark>
    
      <Placemark>
        <name>Cell Phone</name>
        <description>
          <![CDATA[
            
            Credit: Ed Solonyka
          ]]>
        </description>
        <ExtendedData>
          <Data name="gx_media_links">
            <value>https://roadsideattractions.ca/images/cellphone.jpg</value>
          </Data>
        </ExtendedData>
        <Point>
          <coordinates>43.68548333333333,-79.61383333333333,0</coordinates>
        </Point>
      </Placemark>
    
      <Placemark>
        <name>Pronghorn Antelope</name>
        <description>
          <![CDATA[
            
            Credit: <a href="mailto:gfoxedm@telusplanet.net">Gerry Fox</a>
          ]]>
        </description>
        <ExtendedData>
          <Data name="gx_media_links">
            <value>https://roadsideattractions.ca/images/cereal.jpg</value>
          </Data>
        </ExtendedData>
        <Point>
          <coordinates>51.42025,-110.79978333333334,0</coordinates>
        </Point>
      </Placemark>
    
      <Placemark>
        <name>Golf Ball</name>
        <description>
          <![CDATA[
            
            Credit: <a href="mailto:hirning@shaw.ca">Lorraine Hirning</a>
          ]]>
        </description>
        <ExtendedData>
          <Data name="gx_media_links">
            <value>https://roadsideattractions.ca/images/cgolfball.jpg</value>
          </Data>
        </ExtendedData>
        <Point>
          <coordinates>50.99001666666667,-114.02441666666667,0</coordinates>
        </Point>
      </Placemark>
    
      <Placemark>
        <name>Guitar</name>
        <description>
          <![CDATA[
            
            Credit: <a href="mailto:hirning@shaw.ca">Lorraine Hirning</a>
          ]]>
        </description>
        <ExtendedData>
          <Data name="gx_media_links">
            <value>https://roadsideattractions.ca/images/cguitar.jpg</value>
          </Data>
        </ExtendedData>
        <Point>
          <coordinates>50.99028333333333,-114.07078333333334,0</coordinates>
        </Point>
      </Placemark>
    
      <Placemark>
        <name>World's Largest Chain Saw</name>
        <description>
          <![CDATA[
            
            Credit: <a href="mailto:James_Brewer@bcit.ca">James Brewer</a>
          ]]>
        </description>
        <ExtendedData>
          <Data name="gx_media_links">
            <value>https://roadsideattractions.ca/images/chainsaw.jpg</value>
          </Data>
        </ExtendedData>
        <Point>
          <coordinates>50.699866666666665,-121.9261,0</coordinates>
        </Point>
      </Placemark>
    
      <Placemark>
        <name>The Chair</name>
        <description>
          <![CDATA[
            
            Credit: Dora
          ]]>
        </description>
        <ExtendedData>
          <Data name="gx_media_links">
            <value>https://roadsideattractions.ca/images/chair.jpg</value>
          </Data>
        </ExtendedData>
        <Point>
          <coordinates>49.11115,-122.67343333333334,0</coordinates>
        </Point>
      </Placemark>
    
      <Placemark>
        <name>Large Chairs</name>
        <description>
          <![CDATA[
            NW on Hwy 20.
            Credit: <a href="mailto:bowser@iaw.com">James Bowser</a>
          ]]>
        </description>
        <ExtendedData>
          <Data name="gx_media_links">
            <value>https://roadsideattractions.ca/images/chairs.jpg</value>
          </Data>
        </ExtendedData>
        <Point>
          <coordinates>43.04253333333333,-79.37335,0</coordinates>
        </Point>
      </Placemark>
    
      <Placemark>
        <name>Large Purple Chair</name>
        <description>
          <![CDATA[
            
            Credit: <a href="mailto:mfdc5@yahoo.com">Ryan King</a>
          ]]>
        </description>
        <ExtendedData>
          <Data name="gx_media_links">
            <value>https://roadsideattractions.ca/images/chairt.jpg</value>
          </Data>
        </ExtendedData>
        <Point>
          <coordinates>45.39216666666667,-63.2913,0</coordinates>
        </Point>
      </Placemark>
    
      <Placemark>
        <name>Champange Bottle And Glass</name>
        <description>
          <![CDATA[
            
            Credit: <a href="mailto:jewhitnack@hotmail.com">Enid 
    and Jim Whitnack</a>
          ]]>
        </description>
        <ExtendedData>
          <Data name="gx_media_links">
            <value>https://roadsideattractions.ca/images/champagne.jpg</value>
          </Data>
        </ExtendedData>
        <Point>
          <coordinates>49.806466666666665,-119.5015,0</coordinates>
        </Point>
      </Placemark>
    
      <Placemark>
        <name>Grain Elevators</name>
        <description>
          <![CDATA[
            
            Credit: <a href="mailto:dalyn2@shaw.ca">Dale
Redekopp</a>
          ]]>
        </description>
        <ExtendedData>
          <Data name="gx_media_links">
            <value>https://roadsideattractions.ca/images/champione.jpg</value>
          </Data>
        </ExtendedData>
        <Point>
          <coordinates>50.239466666666665,-113.15266666666666,0</coordinates>
        </Point>
      </Placemark>
    
      <Placemark>
        <name>Oil Pumpjack</name>
        <description>
          <![CDATA[
            
            Credit: <a href="mailto:dalyn2@shaw.ca">Dale
Redekopp</a>
          ]]>
        </description>
        <ExtendedData>
          <Data name="gx_media_links">
            <value>https://roadsideattractions.ca/images/championop.jpg</value>
          </Data>
        </ExtendedData>
        <Point>
          <coordinates>50.2397,-113.15291666666667,0</coordinates>
        </Point>
      </Placemark>
    
      <Placemark>
        <name>American Avocet</name>
        <description>
          <![CDATA[
            
            Credit: <a HREF="mailto:chaplintourism@sk.sympatico.ca">Ken Kessler, Saskatchewan Birding Trail</a>
          ]]>
        </description>
        <ExtendedData>
          <Data name="gx_media_links">
            <value>https://roadsideattractions.ca/images/chaplin.jpg</value>
          </Data>
        </ExtendedData>
        <Point>
          <coordinates>50.4565,-106.65931666666667,0</coordinates>
        </Point>
      </Placemark>
    
      <Placemark>
        <name>Piping Plover</name>
        <description>
          <![CDATA[
            
            Credit: <a HREF="mailto:jewhitnack@hotmail.com">Jim and Enid Whitnack</a>
          ]]>
        </description>
        <ExtendedData>
          <Data name="gx_media_links">
            <value>https://roadsideattractions.ca/images/chaplina.jpg</value>
          </Data>
        </ExtendedData>
        <Point>
          <coordinates>50.4565,-106.65923333333333,0</coordinates>
        </Point>
      </Placemark>
    
      <Placemark>
        <name>Lumberjack</name>
        <description>
          <![CDATA[
            ~10 km north.
            Credit: <a href="mailto:rch31739@mts.net">Bob Hill</a>
          ]]>
        </description>
        <ExtendedData>
          <Data name="gx_media_links">
            <value>https://roadsideattractions.ca/images/charlelake.jpg</value>
          </Data>
        </ExtendedData>
        <Point>
          <coordinates>56.3978,-121.13883333333334,0</coordinates>
        </Point>
      </Placemark>
    
      <Placemark>
        <name>Charolais Bull</name>
        <description>
          <![CDATA[
            ~ 8 km West on Hwy. 1.
            Credit: <a href="mailto:hirning@shaw.ca">Lorraine Hirning</a>
          ]]>
        </description>
        <ExtendedData>
          <Data name="gx_media_links">
            <value>https://roadsideattractions.ca/images/charolaisbull.jpg</value>
          </Data>
        </ExtendedData>
        <Point>
          <coordinates>49.97743333333333,-110.40066666666667,0</coordinates>
        </Point>
      </Placemark>
    
      <Placemark>
        <name>Fire Hydrant Spectators</name>
        <description>
          <![CDATA[
            
            Credit: <a href="mailto:lspicer@shaw.ca">Barb and Leigh Spicer</a>
          ]]>
        </description>
        <ExtendedData>
          <Data name="gx_media_links">
            <value>https://roadsideattractions.ca/images/chauvin.jpg</value>
          </Data>
        </ExtendedData>
        <Point>
          <coordinates>52.6962,-110.14915,0</coordinates>
        </Point>
      </Placemark>
    
      <Placemark>
        <name>Heron</name>
        <description>
          <![CDATA[
            In front of Carvell Building.
            Credit: <a href="mailto:mfdc5@yahoo.com">Ryan King</a>
          ]]>
        </description>
        <ExtendedData>
          <Data name="gx_media_links">
            <value>https://roadsideattractions.ca/images/cheron.jpg</value>
          </Data>
        </ExtendedData>
        <Point>
          <coordinates>46.23193333333333,-63.12486666666667,0</coordinates>
        </Point>
      </Placemark>
    
      <Placemark>
        <name>Large Outdoor Chess Set</name>
        <description>
          <![CDATA[
            
            Credit: <a href="mailto:b.g.lewis@rogers.com">Bob
Lewis</a>
          ]]>
        </description>
        <ExtendedData>
          <Data name="gx_media_links">
            <value>https://roadsideattractions.ca/images/chessset.jpg</value>
          </Data>
        </ExtendedData>
        <Point>
          <coordinates>50.04058333333333,-110.68038333333334,0</coordinates>
        </Point>
      </Placemark>
    
      <Placemark>
        <name>Bears</name>
        <description>
          <![CDATA[
            
            Credit: <a href="mailto:hirning@shaw.ca">Lorraine Hirning</a>
          ]]>
        </description>
        <ExtendedData>
          <Data name="gx_media_links">
            <value>https://roadsideattractions.ca/images/chetwynd.jpg</value>
          </Data>
        </ExtendedData>
        <Point>
          <coordinates>55.696983333333336,-121.6334,0</coordinates>
        </Point>
      </Placemark>
    
      <Placemark>
        <name>Praying Mantis</name>
        <description>
          <![CDATA[
            
            Credit: <a href="mailto:hirning@shaw.ca">Lorraine Hirning</a>
          ]]>
        </description>
        <ExtendedData>
          <Data name="gx_media_links">
            <value>https://roadsideattractions.ca/images/chetwyndpm.jpg</value>
          </Data>
        </ExtendedData>
        <Point>
          <coordinates>55.696283333333334,-121.6352,0</coordinates>
        </Point>
      </Placemark>
    
      <Placemark>
        <name>Chimo The Polar Bear</name>
        <description>
          <![CDATA[
            
            Credit: <a href="http://www.gbkphoto.com/">Gerald Kornelsen</a>
          ]]>
        </description>
        <ExtendedData>
          <Data name="gx_media_links">
            <value>https://roadsideattractions.ca/images/chimo.jpg</value>
          </Data>
        </ExtendedData>
        <Point>
          <coordinates>49.05883333333333,-81.02938333333333,0</coordinates>
        </Point>
      </Placemark>
    
      <Placemark>
        <name>Gun Carriage</name>
        <description>
          <![CDATA[
            
            Credit: <a href="mailto:bowser@iaw.on.ca">James Bowser</a>
          ]]>
        </description>
        <ExtendedData>
          <Data name="gx_media_links">
            <value>https://roadsideattractions.ca/images/chippawa.jpg</value>
          </Data>
        </ExtendedData>
        <Point>
          <coordinates>43.03423333333333,-79.0192,0</coordinates>
        </Point>
      </Placemark>
    
      <Placemark>
        <name>Canadian Dollar Coin</name>
        <description>
          <![CDATA[
            
            Credit: <aHREF="http://www.churchbridge.com/">Town of Churchbridge</a>
          ]]>
        </description>
        <ExtendedData>
          <Data name="gx_media_links">
            <value>https://roadsideattractions.ca/images/chloonie.jpg</value>
          </Data>
        </ExtendedData>
        <Point>
          <coordinates>50.89738333333333,-101.89903333333334,0</coordinates>
        </Point>
      </Placemark>
    
      <Placemark>
        <name>Choices</name>
        <description>
          <![CDATA[
            
            Credit: <a href="mailto:brankare@telus.net">Karen Branton</a>
          ]]>
        </description>
        <ExtendedData>
          <Data name="gx_media_links">
            <value>https://roadsideattractions.ca/images/choices.jpg</value>
          </Data>
        </ExtendedData>
        <Point>
          <coordinates>52.26696666666667,-113.81191666666666,0</coordinates>
        </Point>
      </Placemark>
    
      <Placemark>
        <name>Les Chuchoteuses</name>
        <description>
          <![CDATA[
            
            Credit: Ashburn Peever
          ]]>
        </description>
        <ExtendedData>
          <Data name="gx_media_links">
            <value>https://roadsideattractions.ca/images/chuchoteuses.jpg</value>
          </Data>
        </ExtendedData>
        <Point>
          <coordinates>45.50528333333333,-73.55406666666667,0</coordinates>
        </Point>
      </Placemark>
    
      <Placemark>
        <name>World's Largest Chuckwagon</name>
        <description>
          <![CDATA[
            
            Credit:  Village of Dewberry, update <a href="mailto:lspicer@shaw.ca">Leigh Spicer</a>
          ]]>
        </description>
        <ExtendedData>
          <Data name="gx_media_links">
            <value>https://roadsideattractions.ca/images/chuckwagon.jpg</value>
          </Data>
        </ExtendedData>
        <Point>
          <coordinates>53.588816666666666,-110.52226666666667,0</coordinates>
        </Point>
      </Placemark>
    
      <Placemark>
        <name>Inuksuk</name>
        <description>
          <![CDATA[
            
            Credit: <a href="mailto:rons@mymts.net">Ron Schirlie</a>
          ]]>
        </description>
        <ExtendedData>
          <Data name="gx_media_links">
            <value>https://roadsideattractions.ca/images/churchill.jpg</value>
          </Data>
        </ExtendedData>
        <Point>
          <coordinates>58.77066666666666,-94.17783333333334,0</coordinates>
        </Point>
      </Placemark>
    
      <Placemark>
        <name>Bears</name>
        <description>
          <![CDATA[
            
            Credit: <a href="mailto:rdonnan49@sasktel.net">Richard Donnan</a>
          ]]>
        </description>
        <ExtendedData>
          <Data name="gx_media_links">
            <value>https://roadsideattractions.ca/images/cibear.jpg</value>
          </Data>
        </ExtendedData>
        <Point>
          <coordinates>52.2204,-117.22585,0</coordinates>
        </Point>
      </Placemark>
    
      <Placemark>
        <name>Mountain Goat</name>
        <description>
          <![CDATA[
            
            Credit: <a href="mailto:rdonnan49@sasktel.net">Richard Donnan</a>
          ]]>
        </description>
        <ExtendedData>
          <Data name="gx_media_links">
            <value>https://roadsideattractions.ca/images/cigoat.jpg</value>
          </Data>
        </ExtendedData>
        <Point>
          <coordinates>52.220283333333334,-117.22568333333334,0</coordinates>
        </Point>
      </Placemark>
    
      <Placemark>
        <name>Guitar</name>
        <description>
          <![CDATA[
            
            Credit: <a href="mailto:dalyn2@shaw.ca">Dale
Redekopp</a>
          ]]>
        </description>
        <ExtendedData>
          <Data name="gx_media_links">
            <value>https://roadsideattractions.ca/images/ckguitar.jpg</value>
          </Data>
        </ExtendedData>
        <Point>
          <coordinates>52.748466666666666,-109.02093333333333,0</coordinates>
        </Point>
      </Placemark>
    
      <Placemark>
        <name>World's Largest Claim Post</name>
        <description>
          <![CDATA[
            
            Credit: Ed Solonyka
          ]]>
        </description>
        <ExtendedData>
          <Data name="gx_media_links">
            <value>https://roadsideattractions.ca/images/claimpost.jpg</value>
          </Data>
        </ExtendedData>
        <Point>
          <coordinates>47.39678333333333,-79.6843,0</coordinates>
        </Point>
      </Placemark>
    
      <Placemark>
        <name>Lilies</name>
        <description>
          <![CDATA[
            
            Credit: <a href="mailto:dalyn2@shaw.ca">Dale
Redekopp</a>
          ]]>
        </description>
        <ExtendedData>
          <Data name="gx_media_links">
            <value>https://roadsideattractions.ca/images/clilies.jpg</value>
          </Data>
        </ExtendedData>
        <Point>
          <coordinates>50.8499,-105.56513333333334,0</coordinates>
        </Point>
      </Placemark>
    
      <Placemark>
        <name>Radar</name>
        <description>
          <![CDATA[
            
            Credit: Town of Clinton
          ]]>
        </description>
        <ExtendedData>
          <Data name="gx_media_links">
            <value>https://roadsideattractions.ca/images/clinton.jpg</value>
          </Data>
        </ExtendedData>
        <Point>
          <coordinates>43.616283333333335,-81.53955,0</coordinates>
        </Point>
      </Placemark>
    
      <Placemark>
        <name>Lobster</name>
        <description>
          <![CDATA[
            At River of Adventure Mini Golf
            Credit: <a href="mailto:hirning@shaw.ca">Lorraine Hirning</a>
          ]]>
        </description>
        <ExtendedData>
          <Data name="gx_media_links">
            <value>https://roadsideattractions.ca/images/clobster.jpg</value>
          </Data>
        </ExtendedData>
        <Point>
          <coordinates>46.48461666666667,-63.40656666666667,0</coordinates>
        </Point>
      </Placemark>
    
      <Placemark>
        <name>Clock Tower</name>
        <description>
          <![CDATA[
            
            Credit: <a href="mailto:lspicer@shaw.ca">Barb and Leigh Spicer</a>
          ]]>
        </description>
        <ExtendedData>
          <Data name="gx_media_links">
            <value>https://roadsideattractions.ca/images/clocktower.jpg</value>
          </Data>
        </ExtendedData>
        <Point>
          <coordinates>52.83351666666667,-110.86103333333334,0</coordinates>
        </Point>
      </Placemark>
    
      <Placemark>
        <name>Muskoka Chair</name>
        <description>
          <![CDATA[
            
            Credit: Eric Treleaven and Lindsay Bryson
          ]]>
        </description>
        <ExtendedData>
          <Data name="gx_media_links">
            <value>https://roadsideattractions.ca/images/cloyne.jpg</value>
          </Data>
        </ExtendedData>
        <Point>
          <coordinates>44.82058333333333,-77.18618333333333,0</coordinates>
        </Point>
      </Placemark>
    
      <Placemark>
        <name>Lumberjack</name>
        <description>
          <![CDATA[
            
            Credit: <a href="mailto:hirning@shaw.ca">Lorraine Hirning</a>
          ]]>
        </description>
        <ExtendedData>
          <Data name="gx_media_links">
            <value>https://roadsideattractions.ca/images/clumberjack.jpg</value>
          </Data>
        </ExtendedData>
        <Point>
          <coordinates>55.69553333333333,-121.64078333333333,0</coordinates>
        </Point>
      </Placemark>
    
      <Placemark>
        <name>Central Meats Bull</name>
        <description>
          <![CDATA[
            
            Credit: <a href="mailto:bwkohut@shaw.ca">Boris Kohut</a>
          ]]>
        </description>
        <ExtendedData>
          <Data name="gx_media_links">
            <value>https://roadsideattractions.ca/images/cmbull.jpg</value>
          </Data>
        </ExtendedData>
        <Point>
          <coordinates>49.90271666666666,-97.09508333333333,0</coordinates>
        </Point>
      </Placemark>
    
      <Placemark>
        <name>7au Sullivan Universal Coal Cutter</name>
        <description>
          <![CDATA[
            Beside the Rosedale Community Hall.
            Credit: <a href="mailto:dtaje@telus.net">Darlene
Taje</a>
          ]]>
        </description>
        <ExtendedData>
          <Data name="gx_media_links">
            <value>https://roadsideattractions.ca/images/coalcutter.jpg</value>
          </Data>
        </ExtendedData>
        <Point>
          <coordinates>51.417433333333335,-112.63088333333333,0</coordinates>
        </Point>
      </Placemark>
    
      <Placemark>
        <name>Bald Eagle</name>
        <description>
          <![CDATA[
            
            Credit: <a href="mailto:rdonnan49@sasktel.net">Richard Donnan</a>
          ]]>
        </description>
        <ExtendedData>
          <Data name="gx_media_links">
            <value>https://roadsideattractions.ca/images/coaldale.jpg</value>
          </Data>
        </ExtendedData>
        <Point>
          <coordinates>49.72736666666667,-112.6229,0</coordinates>
        </Point>
      </Placemark>
    
      <Placemark>
        <name>Coal Miner</name>
        <description>
          <![CDATA[
            
            Credit: <a href="mailto:mlswitzer@shaw.ca">Mona Switzer</a>
          ]]>
        </description>
        <ExtendedData>
          <Data name="gx_media_links">
            <value>https://roadsideattractions.ca/images/coalminer.jpg</value>
          </Data>
        </ExtendedData>
        <Point>
          <coordinates>49.57803333333333,-114.36555,0</coordinates>
        </Point>
      </Placemark>
    
      <Placemark>
        <name>Bull</name>
        <description>
          <![CDATA[
            
            Credit: <a href="mailto:rdonnan49@sasktel.net">Richard Donnan</a>
          ]]>
        </description>
        <ExtendedData>
          <Data name="gx_media_links">
            <value>https://roadsideattractions.ca/images/coaticook.jpg</value>
          </Data>
        </ExtendedData>
        <Point>
          <coordinates>45.132083333333334,-71.82026666666667,0</coordinates>
        </Point>
      </Placemark>
    
      <Placemark>
        <name>Mine Head Frame</name>
        <description>
          <![CDATA[
            
            Credit: Ed Solonyka
          ]]>
        </description>
        <ExtendedData>
          <Data name="gx_media_links">
            <value>https://roadsideattractions.ca/images/cobalthf.jpg</value>
          </Data>
        </ExtendedData>
        <Point>
          <coordinates>47.395583333333335,-79.68546666666667,0</coordinates>
        </Point>
      </Placemark>
    
      <Placemark>
        <name>Lighthouse</name>
        <description>
          <![CDATA[
            
            Credit: <a href="mailto:ajimreid@shaw.ca">James Reid</a> 
          ]]>
        </description>
        <ExtendedData>
          <Data name="gx_media_links">
            <value>https://roadsideattractions.ca/images/cochin.jpg</value>
          </Data>
        </ExtendedData>
        <Point>
          <coordinates>53.08618333333333,-108.3463,0</coordinates>
        </Point>
      </Placemark>
    
      <Placemark>
        <name>The Coffee Pot And Cup</name>
        <description>
          <![CDATA[
            
            Credit: David Yanko of <a href="http://www.virtualsk.com/" target="vs">Virtual 
  Saskatchewan</a> 
          ]]>
        </description>
        <ExtendedData>
          <Data name="gx_media_links">
            <value>https://roadsideattractions.ca/images/coffeepot.jpg</value>
          </Data>
        </ExtendedData>
        <Point>
          <coordinates>51.26963333333333,-105.99381666666666,0</coordinates>
        </Point>
      </Placemark>
    
      <Placemark>
        <name>Coke Bottle</name>
        <description>
          <![CDATA[
            
            Credit: <a href="mailto:rdonnan49@sasktel.net">Richard Donnan</a>
          ]]>
        </description>
        <ExtendedData>
          <Data name="gx_media_links">
            <value>https://roadsideattractions.ca/images/cokebottle.jpg</value>
          </Data>
        </ExtendedData>
        <Point>
          <coordinates>52.29208333333333,-113.85046666666666,0</coordinates>
        </Point>
      </Placemark>
    
      <Placemark>
        <name>World's Largest Coke Can</name>
        <description>
          <![CDATA[
            
            Credit: <a href="mailto:antoine-1er@hotmail.com">Antoine Thibault</a>
          ]]>
        </description>
        <ExtendedData>
          <Data name="gx_media_links">
            <value>https://roadsideattractions.ca/images/cokecan.jpg</value>
          </Data>
        </ExtendedData>
        <Point>
          <coordinates>49.971583333333335,-98.331,0</coordinates>
        </Point>
      </Placemark>
    
      <Placemark>
        <name>Inuksuk</name>
        <description>
          <![CDATA[
            
            Credit: <a href="mailto:michaelclarkcyc@yahoo.ca">Michael Clark</a>
          ]]>
        </description>
        <ExtendedData>
          <Data name="gx_media_links">
            <value>https://roadsideattractions.ca/images/collingwood.jpg</value>
          </Data>
        </ExtendedData>
        <Point>
          <coordinates>44.50913333333333,-80.20558333333334,0</coordinates>
        </Point>
      </Placemark>
    
      <Placemark>
        <name>Combine In The Sky</name>
        <description>
          <![CDATA[
            NW at Hwy 16 and Krary Road.
            Credit: Dave Allen of <a href="http://www.combineworld.com/">Combine World 
    Inc</a>
          ]]>
        </description>
        <ExtendedData>
          <Data name="gx_media_links">
            <value>https://roadsideattractions.ca/images/combine.jpg</value>
          </Data>
        </ExtendedData>
        <Point>
          <coordinates>52.002266666666664,-106.12096666666666,0</coordinates>
        </Point>
      </Placemark>
    
      <Placemark>
        <name>World's Largest Conch</name>
        <description>
          <![CDATA[
            
            Credit: Promoting New Brunswick

          ]]>
        </description>
        <ExtendedData>
          <Data name="gx_media_links">
            <value>https://roadsideattractions.ca/images/conch.jpg</value>
          </Data>
        </ExtendedData>
        <Point>
          <coordinates>47.78523333333333,-64.97481666666667,0</coordinates>
        </Point>
      </Placemark>
    
      <Placemark>
        <name>Wire Concorde</name>
        <description>
          <![CDATA[
            
            Credit: Steve Robinson of Attractions on the Canadian Roadside
          ]]>
        </description>
        <ExtendedData>
          <Data name="gx_media_links">
            <value>https://roadsideattractions.ca/images/concorde.jpg</value>
          </Data>
        </ExtendedData>
        <Point>
          <coordinates>48.947783333333334,-54.61333333333333,0</coordinates>
        </Point>
      </Placemark>
    
      <Placemark>
        <name>Cornstalks</name>
        <description>
          <![CDATA[
            Northwest corner of Highway 3 and 50th Street.
            Credit: <a HREF="http://www.telusplanet.net/public/ppeters/">Taber Lions Club</a>
          ]]>
        </description>
        <ExtendedData>
          <Data name="gx_media_links">
            <value>https://roadsideattractions.ca/images/cornstalk.jpg</value>
          </Data>
        </ExtendedData>
        <Point>
          <coordinates>49.782383333333335,-112.15013333333333,0</coordinates>
        </Point>
      </Placemark>
    
      <Placemark>
        <name>Corona Beer Bottle</name>
        <description>
          <![CDATA[
            
            Credit: Dana Sixty
          ]]>
        </description>
        <ExtendedData>
          <Data name="gx_media_links">
            <value>https://roadsideattractions.ca/images/corona.jpg</value>
          </Data>
        </ExtendedData>
        <Point>
          <coordinates>43.64833333333333,-79.38856666666666,0</coordinates>
        </Point>
      </Placemark>
    
      <Placemark>
        <name>Racing Horse</name>
        <description>
          <![CDATA[
            
            Credit: <a href="mailto:wenjen@sasktel.net">Wendalynn Jensen</a>
          ]]>
        </description>
        <ExtendedData>
          <Data name="gx_media_links">
            <value>https://roadsideattractions.ca/images/coronach.jpg</value>
          </Data>
        </ExtendedData>
        <Point>
          <coordinates>49.11168333333333,-105.51556666666667,0</coordinates>
        </Point>
      </Placemark>
    
      <Placemark>
        <name>Crown</name>
        <description>
          <![CDATA[
            
            Credit: <a href="mailto:mailto:thompsonk@sasktel.net">Krystal Thompson</a>
          ]]>
        </description>
        <ExtendedData>
          <Data name="gx_media_links">
            <value>https://roadsideattractions.ca/images/coronation.jpg</value>
          </Data>
        </ExtendedData>
        <Point>
          <coordinates>52.093183333333336,-111.45703333333333,0</coordinates>
        </Point>
      </Placemark>
    
      <Placemark>
        <name>Cougar</name>
        <description>
          <![CDATA[
            
            Credit: <a href="mailto:rdonnan49@sasktel.net">Richard Donnan</a>
          ]]>
        </description>
        <ExtendedData>
          <Data name="gx_media_links">
            <value>https://roadsideattractions.ca/images/cougar.jpg</value>
          </Data>
        </ExtendedData>
        <Point>
          <coordinates>52.1243,-106.66803333333333,0</coordinates>
        </Point>
      </Placemark>
    
      <Placemark>
        <name>Cougars</name>
        <description>
          <![CDATA[
            
            Credit: <a href="mailto:rdonnan49@sasktel.net">Richard Donnan</a>
          ]]>
        </description>
        <ExtendedData>
          <Data name="gx_media_links">
            <value>https://roadsideattractions.ca/images/cougars.jpg</value>
          </Data>
        </ExtendedData>
        <Point>
          <coordinates>49.38028333333333,-121.44218333333333,0</coordinates>
        </Point>
      </Placemark>
    
      <Placemark>
        <name>Ms. Claybelt The Cow</name>
        <description>
          <![CDATA[
            
            Credit: Original - Township of Dymond, Ontario. Update - <a href="mailto:smilie@ntl.sympatico.ca">Dawn Axcell</a>.
          ]]>
        </description>
        <ExtendedData>
          <Data name="gx_media_links">
            <value>https://roadsideattractions.ca/images/cow.jpg</value>
          </Data>
        </ExtendedData>
        <Point>
          <coordinates>47.52883333333333,-79.67533333333333,0</coordinates>
        </Point>
      </Placemark>
    
      <Placemark>
        <name>Moose</name>
        <description>
          <![CDATA[
            
            Credit: LCRA
          ]]>
        </description>
        <ExtendedData>
          <Data name="gx_media_links">
            <value>https://roadsideattractions.ca/images/cowbay.jpg</value>
          </Data>
        </ExtendedData>
        <Point>
          <coordinates>44.6148,-63.4326,0</coordinates>
        </Point>
      </Placemark>
    
      <Placemark>
        <name>Cowboy</name>
        <description>
          <![CDATA[
            
            Credit: <a href="http://www.gbkphoto.com/">Gerald Kornelsen</a>
          ]]>
        </description>
        <ExtendedData>
          <Data name="gx_media_links">
            <value>https://roadsideattractions.ca/images/cowboy.jpg</value>
          </Data>
        </ExtendedData>
        <Point>
          <coordinates>51.19781666666667,-114.48223333333334,0</coordinates>
        </Point>
      </Placemark>
    
      <Placemark>
        <name>Three Cows</name>
        <description>
          <![CDATA[
            
            Credit: <a href="mailto:lindsaynorton_12@hotmail.com">Lindsay Norton</a>
          ]]>
        </description>
        <ExtendedData>
          <Data name="gx_media_links">
            <value>https://roadsideattractions.ca/images/cows.jpg</value>
          </Data>
        </ExtendedData>
        <Point>
          <coordinates>46.522483333333334,-84.28016666666667,0</coordinates>
        </Point>
      </Placemark>
    
      <Placemark>
        <name>Cow Lookout</name>
        <description>
          <![CDATA[
            
            Credit: <a href="mailto:roadsister@sanfranmail.com">Genevieve Lauziere</a>
          ]]>
        </description>
        <ExtendedData>
          <Data name="gx_media_links">
            <value>https://roadsideattractions.ca/images/cowlookout.jpg</value>
          </Data>
        </ExtendedData>
        <Point>
          <coordinates>45.68236666666667,-71.86023333333333,0</coordinates>
        </Point>
      </Placemark>
    
      <Placemark>
        <name>Car Out Of Wall</name>
        <description>
          <![CDATA[
            CTV Building   299 Queen Street West
            Credit: <a href="mailto:bhamilton_4@sympatico.ca">Brenda Hamilton</a>
          ]]>
        </description>
        <ExtendedData>
          <Data name="gx_media_links">
            <value>https://roadsideattractions.ca/images/cp24.jpg</value>
          </Data>
        </ExtendedData>
        <Point>
          <coordinates>43.64985,-79.39035,0</coordinates>
        </Point>
      </Placemark>
    
      <Placemark>
        <name>Tribute To Ss Canadiana</name>
        <description>
          <![CDATA[
            
            Credit: <a href="mailto:bowser@iaw.com/">James Bowser</a>
          ]]>
        </description>
        <ExtendedData>
          <Data name="gx_media_links">
            <value>https://roadsideattractions.ca/images/cprop.jpg</value>
          </Data>
        </ExtendedData>
        <Point>
          <coordinates>42.86051666666667,-79.0573,0</coordinates>
        </Point>
      </Placemark>
    
      <Placemark>
        <name>Metal Golfer Putting</name>
        <description>
          <![CDATA[
            
            Credit: <a href="mailto:alvinc59@me.com">Alvin Carpentier</a>
          ]]>
        </description>
        <ExtendedData>
          <Data name="gx_media_links">
            <value>https://roadsideattractions.ca/images/cputter.jpg</value>
          </Data>
        </ExtendedData>
        <Point>
          <coordinates>51.086483333333334,-114.34606666666667,0</coordinates>
        </Point>
      </Placemark>
    
      <Placemark>
        <name>Craft</name>
        <description>
          <![CDATA[
            
            Credit: <a href="http://www.citywindsor.ca/residents/culture/windsor-sculpture-park/pages/windsor-sculpture-park.aspx" target="windsor">Windsor 
  Sculpture Park</a>
          ]]>
        </description>
        <ExtendedData>
          <Data name="gx_media_links">
            <value>https://roadsideattractions.ca/images/craft.jpg</value>
          </Data>
        </ExtendedData>
        <Point>
          <coordinates>42.31775,-83.0501,0</coordinates>
        </Point>
      </Placemark>
    
      <Placemark>
        <name>Buffalo Hunter</name>
        <description>
          <![CDATA[
            
            Credit:  <A HREF="mailto:getwhyte@sk.sympatico.ca">Erin Whyte</a>
          ]]>
        </description>
        <ExtendedData>
          <Data name="gx_media_links">
            <value>https://roadsideattractions.ca/images/craik.jpg</value>
          </Data>
        </ExtendedData>
        <Point>
          <coordinates>51.0457,-105.80616666666667,0</coordinates>
        </Point>
      </Placemark>
    
      <Placemark>
        <name>Junk Yard Bear</name>
        <description>
          <![CDATA[
            
            Credit: <a href="mailto:patriciahrock@hotmail.com">Patricia Rock</a>
          ]]>
        </description>
        <ExtendedData>
          <Data name="gx_media_links">
            <value>https://roadsideattractions.ca/images/cranbrook.jpg</value>
          </Data>
        </ExtendedData>
        <Point>
          <coordinates>49.51233333333333,-115.76178333333333,0</coordinates>
        </Point>
      </Placemark>
    
      <Placemark>
        <name>Baseball And Bat</name>
        <description>
          <![CDATA[
            
            Credit: <a href="mailto:mlswitzer@shaw.ca">Mona Switzer</a>
          ]]>
        </description>
        <ExtendedData>
          <Data name="gx_media_links">
            <value>https://roadsideattractions.ca/images/cranbrookbb.jpg</value>
          </Data>
        </ExtendedData>
        <Point>
          <coordinates>49.53241666666667,-115.7695,0</coordinates>
        </Point>
      </Placemark>
    
      <Placemark>
        <name>Crayon</name>
        <description>
          <![CDATA[
            
            Credit: <a href="mailto:ChrisBruceC@CML.CA">Christine Bruce</a>
          ]]>
        </description>
        <ExtendedData>
          <Data name="gx_media_links">
            <value>https://roadsideattractions.ca/images/crayon.jpg</value>
          </Data>
        </ExtendedData>
        <Point>
          <coordinates>58.8044,-122.71683333333333,0</coordinates>
        </Point>
      </Placemark>
    
      <Placemark>
        <name>Cream Can</name>
        <description>
          <![CDATA[
            
            Credit: <a HREF="MAILTO:sking@greenpointsoftware.com">Stephen King</a>
          ]]>
        </description>
        <ExtendedData>
          <Data name="gx_media_links">
            <value>https://roadsideattractions.ca/images/creamcan.jpg</value>
          </Data>
        </ExtendedData>
        <Point>
          <coordinates>52.12298333333333,-114.17196666666666,0</coordinates>
        </Point>
      </Placemark>
    
      <Placemark>
        <name>Bear</name>
        <description>
          <![CDATA[
            
            Credit: <a href="mailto:hirning@shaw.ca">Lorraine Hirning</a>
          ]]>
        </description>
        <ExtendedData>
          <Data name="gx_media_links">
            <value>https://roadsideattractions.ca/images/crestonbear.jpg</value>
          </Data>
        </ExtendedData>
        <Point>
          <coordinates>49.09596666666667,-116.51506666666667,0</coordinates>
        </Point>
      </Placemark>
    
      <Placemark>
        <name>Sasquatch</name>
        <description>
          <![CDATA[
            
            Credit: <a href="mailto:whiteknight_2000_98@hotmail.com">Ryan McLeod</a>
          ]]>
        </description>
        <ExtendedData>
          <Data name="gx_media_links">
            <value>https://roadsideattractions.ca/images/crestonsasquatch.jpg</value>
          </Data>
        </ExtendedData>
        <Point>
          <coordinates>49.088366666666666,-116.50826666666667,0</coordinates>
        </Point>
      </Placemark>
    
      <Placemark>
        <name>Rocket</name>
        <description>
          <![CDATA[
            Satellite Motel on Hespeler Road
            Credit: <a href="mailto:bowser@iaw.on.ca">James Bowser</a>
          ]]>
        </description>
        <ExtendedData>
          <Data name="gx_media_links">
            <value>https://roadsideattractions.ca/images/crocket.jpg</value>
          </Data>
        </ExtendedData>
        <Point>
          <coordinates>43.38356666666667,-80.32006666666666,0</coordinates>
        </Point>
      </Placemark>
    
      <Placemark>
        <name>Black Rooster</name>
        <description>
          <![CDATA[
            
            Credit: <a href="mailto:cymagic@shaw.ca">Chris Yuill</a>
          ]]>
        </description>
        <ExtendedData>
          <Data name="gx_media_links">
            <value>https://roadsideattractions.ca/images/crooster.jpg</value>
          </Data>
        </ExtendedData>
        <Point>
          <coordinates>49.30015,-117.65708333333333,0</coordinates>
        </Point>
      </Placemark>
    
      <Placemark>
        <name>Mont-Royal Cross</name>
        <description>
          <![CDATA[
            
            Credit: <A HREF="MAILTO:sueclerc@yahoo.com">Sue Clerc</A>
          ]]>
        </description>
        <ExtendedData>
          <Data name="gx_media_links">
            <value>https://roadsideattractions.ca/images/cross.jpg</value>
          </Data>
        </ExtendedData>
        <Point>
          <coordinates>45.5089,-73.58795,0</coordinates>
        </Point>
      </Placemark>
    
      <Placemark>
        <name>Crows</name>
        <description>
          <![CDATA[
            Main Street (20th Avenue)
            Credit: <a HREF="MAILTO:sking@greenpointsoftware.com">Stephen King</a>
          ]]>
        </description>
        <ExtendedData>
          <Data name="gx_media_links">
            <value>https://roadsideattractions.ca/images/crows.jpg</value>
          </Data>
        </ExtendedData>
        <Point>
          <coordinates>49.61228333333333,-114.45893333333333,0</coordinates>
        </Point>
      </Placemark>
    
      <Placemark>
        <name>World's Largest Tree Crusher</name>
        <description>
          <![CDATA[
            
            Credit: <A HREF="mailto:tango1020@hotmail.com">Steamfitter Scotty T.</a>
          ]]>
        </description>
        <ExtendedData>
          <Data name="gx_media_links">
            <value>https://roadsideattractions.ca/images/crusher.jpg</value>
          </Data>
        </ExtendedData>
        <Point>
          <coordinates>55.3337,-123.09408333333333,0</coordinates>
        </Point>
      </Placemark>
    
      <Placemark>
        <name>Muskoka Chair</name>
        <description>
          <![CDATA[
            
            Credit: <a href="mailto:bowser@iaw.on.ca">James Bowser</a>
          ]]>
        </description>
        <ExtendedData>
          <Data name="gx_media_links">
            <value>https://roadsideattractions.ca/images/crystalbeach.jpg</value>
          </Data>
        </ExtendedData>
        <Point>
          <coordinates>42.863883333333334,-79.06143333333333,0</coordinates>
        </Point>
      </Placemark>
    
      <Placemark>
        <name>Sunflower</name>
        <description>
          <![CDATA[
            In front of Founders Hall.
            Credit: <a href="mailto:mfdc5@yahoo.com">Ryan King</a>
          ]]>
        </description>
        <ExtendedData>
          <Data name="gx_media_links">
            <value>https://roadsideattractions.ca/images/csunflower.jpg</value>
          </Data>
        </ExtendedData>
        <Point>
          <coordinates>46.23375,-63.12126666666666,0</coordinates>
        </Point>
      </Placemark>
    
      <Placemark>
        <name>Clem T. Gofur</name>
        <description>
          <![CDATA[
            
            Credit: Megan Edwards of <a href="http://www.roadtripamerica.com/places/gopher.html"> 
  RoadTrip America</a>
          ]]>
        </description>
        <ExtendedData>
          <Data name="gx_media_links">
            <value>https://roadsideattractions.ca/images/ctgopher.jpg</value>
          </Data>
        </ExtendedData>
        <Point>
          <coordinates>51.79156666666667,-113.60463333333334,0</coordinates>
        </Point>
      </Placemark>
    
      <Placemark>
        <name>1950 GM Truck In The Sky</name>
        <description>
          <![CDATA[
            
            Credit: <a href="mailto:rdonnan49@sasktel.net">Richard Donnan</a>
          ]]>
        </description>
        <ExtendedData>
          <Data name="gx_media_links">
            <value>https://roadsideattractions.ca/images/cudworth.jpg</value>
          </Data>
        </ExtendedData>
        <Point>
          <coordinates>52.49791666666667,-105.74653333333333,0</coordinates>
        </Point>
      </Placemark>
    
      <Placemark>
        <name>Water Wheel</name>
        <description>
          <![CDATA[
            
            Credit: <a href="mailto:hirning@shaw.ca">Lorraine Hirning</a>
          ]]>
        </description>
        <ExtendedData>
          <Data name="gx_media_links">
            <value>https://roadsideattractions.ca/images/cwaterwheel.jpg</value>
          </Data>
        </ExtendedData>
        <Point>
          <coordinates>51.062916666666666,-121.56653333333334,0</coordinates>
        </Point>
      </Placemark>
    
      <Placemark>
        <name>Dala Horse</name>
        <description>
          <![CDATA[
            
            Credit: <a href="mailto:bwkohut@shaw.ca">Boris Kohut</a>
          ]]>
        </description>
        <ExtendedData>
          <Data name="gx_media_links">
            <value>https://roadsideattractions.ca/images/dala.jpg</value>
          </Data>
        </ExtendedData>
        <Point>
          <coordinates>49.85973333333333,-97.29255,0</coordinates>
        </Point>
      </Placemark>
    
      <Placemark>
        <name>Dancer</name>
        <description>
          <![CDATA[
            
            Credit: <a href="mailto:rdonnan49@sasktel.net">Richard Donnan</a>
          ]]>
        </description>
        <ExtendedData>
          <Data name="gx_media_links">
            <value>https://roadsideattractions.ca/images/dancer.jpg</value>
          </Data>
        </ExtendedData>
        <Point>
          <coordinates>56.245533333333334,-120.84765,0</coordinates>
        </Point>
      </Placemark>
    
      <Placemark>
        <name>Tire Man</name>
        <description>
          <![CDATA[
            
            Credit: <a href="mailto:rdonnan49@sasktel.net">Richard Donnan</a>
          ]]>
        </description>
        <ExtendedData>
          <Data name="gx_media_links">
            <value>https://roadsideattractions.ca/images/daphnetm.jpg</value>
          </Data>
        </ExtendedData>
        <Point>
          <coordinates>52.23191666666666,-104.50673333333333,0</coordinates>
        </Point>
      </Placemark>
    
      <Placemark>
        <name>Metis Fiddler And Oxcart</name>
        <description>
          <![CDATA[
            
            Credit: <a href="mailto:ajimreid@shaw.ca"></a>
          ]]>
        </description>
        <ExtendedData>
          <Data name="gx_media_links">
            <value>https://roadsideattractions.ca/images/davidson.jpg</value>
          </Data>
        </ExtendedData>
        <Point>
          <coordinates>51.26965,-105.99308333333333,0</coordinates>
        </Point>
      </Placemark>
    
      <Placemark>
        <name>Henry Fuller "twelve Foot" Davis</name>
        <description>
          <![CDATA[
            
            Credit:  <a HREF="MAILTO:sking@greenpointsoftware.com">Stephen King</a>
          ]]>
        </description>
        <ExtendedData>
          <Data name="gx_media_links">
            <value>https://roadsideattractions.ca/images/davis.jpg</value>
          </Data>
        </ExtendedData>
        <Point>
          <coordinates>56.233983333333335,-117.29565,0</coordinates>
        </Point>
      </Placemark>
    
      <Placemark>
        <name>Construction Worker</name>
        <description>
          <![CDATA[
            
            Credit: <a href="mailto:rdonnan49@sasktel.net">Richard Donnan</a>
          ]]>
        </description>
        <ExtendedData>
          <Data name="gx_media_links">
            <value>https://roadsideattractions.ca/images/dawsoncreek.jpg</value>
          </Data>
        </ExtendedData>
        <Point>
          <coordinates>55.75978333333333,-120.2354,0</coordinates>
        </Point>
      </Placemark>
    
      <Placemark>
        <name>Crocuses</name>
        <description>
          <![CDATA[
            
            Credit: G. Bellingham of
the <a href="http://www.daysland.com/">Town
of Daysland</a>
          ]]>
        </description>
        <ExtendedData>
          <Data name="gx_media_links">
            <value>https://roadsideattractions.ca/images/daysland.jpg</value>
          </Data>
        </ExtendedData>
        <Point>
          <coordinates>52.86265,-112.26161666666667,0</coordinates>
        </Point>
      </Placemark>
    
      <Placemark>
        <name>Brontosaurus</name>
        <description>
          <![CDATA[
            
            Credit: <a href="mailto:lspicer@shaw.ca">Barb and Leigh Spicer</a>
          ]]>
        </description>
        <ExtendedData>
          <Data name="gx_media_links">
            <value>https://roadsideattractions.ca/images/dbrontosaurus.jpg</value>
          </Data>
        </ExtendedData>
        <Point>
          <coordinates>51.468783333333334,-112.74543333333334,0</coordinates>
        </Point>
      </Placemark>
    
      <Placemark>
        <name>Entrance Sign</name>
        <description>
          <![CDATA[
            
            Credit: <a href="mailto:rch31739@mts.net">Bob Hill</a>
          ]]>
        </description>
        <ExtendedData>
          <Data name="gx_media_links">
            <value>https://roadsideattractions.ca/images/dcentrance.jpg</value>
          </Data>
        </ExtendedData>
        <Point>
          <coordinates>64.03713333333333,-139.30088333333333,0</coordinates>
        </Point>
      </Placemark>
    
      <Placemark>
        <name>Dredge No. 4</name>
        <description>
          <![CDATA[
            
            Credit: <a href="mailto:rch31739@mts.net">Bob Hill</a>
          ]]>
        </description>
        <ExtendedData>
          <Data name="gx_media_links">
            <value>https://roadsideattractions.ca/images/dcdredge.jpg</value>
          </Data>
        </ExtendedData>
        <Point>
          <coordinates>63.943533333333335,-139.33565,0</coordinates>
        </Point>
      </Placemark>
    
      <Placemark>
        <name>Little Church</name>
        <description>
          <![CDATA[
            
            Credit: <a href="mailto:rdonnan@shaw.ca">Richard Donnan</a>
          ]]>
        </description>
        <ExtendedData>
          <Data name="gx_media_links">
            <value>https://roadsideattractions.ca/images/dchurch.jpg</value>
          </Data>
        </ExtendedData>
        <Point>
          <coordinates>51.47906666666667,-112.79748333333333,0</coordinates>
        </Point>
      </Placemark>
    
      <Placemark>
        <name>Prospector And Sluice Box</name>
        <description>
          <![CDATA[
            
            Credit: <a href="mailto:rch31739@mts.net">Bob Hill</a>
          ]]>
        </description>
        <ExtendedData>
          <Data name="gx_media_links">
            <value>https://roadsideattractions.ca/images/dcprospector.jpg</value>
          </Data>
        </ExtendedData>
        <Point>
          <coordinates>64.06131666666667,-139.43718333333334,0</coordinates>
        </Point>
      </Placemark>
    
      <Placemark>
        <name>S.S. Keno - Paddlewheel Boat</name>
        <description>
          <![CDATA[
            
            Credit: <a href="mailto:rch31739@mts.net">Bob Hill</a>
          ]]>
        </description>
        <ExtendedData>
          <Data name="gx_media_links">
            <value>https://roadsideattractions.ca/images/dcpaddlewheel.jpg</value>
          </Data>
        </ExtendedData>
        <Point>
          <coordinates>64.06316666666666,-139.43496666666667,0</coordinates>
        </Point>
      </Placemark>
    
      <Placemark>
        <name>Traffic Circle Surveyor</name>
        <description>
          <![CDATA[
            
            Credit: <a href="mailto:rdonnan49@sasktel.net">Richard Donnan</a>
          ]]>
        </description>
        <ExtendedData>
          <Data name="gx_media_links">
            <value>https://roadsideattractions.ca/images/dcsurveyor.jpg</value>
          </Data>
        </ExtendedData>
        <Point>
          <coordinates>55.758633333333336,-120.22458333333333,0</coordinates>
        </Point>
      </Placemark>
    
      <Placemark>
        <name>Dueling Deer</name>
        <description>
          <![CDATA[
            
            Credit: <a href="mailto:gfoxedm@telusplanet.net">Gerry Fox</a>
          ]]>
        </description>
        <ExtendedData>
          <Data name="gx_media_links">
            <value>https://roadsideattractions.ca/images/ddeer.jpg</value>
          </Data>
        </ExtendedData>
        <Point>
          <coordinates>46.21236666666667,-82.57133333333333,0</coordinates>
        </Point>
      </Placemark>
    
      <Placemark>
        <name>Bear And Tiger</name>
        <description>
          <![CDATA[
            ~6.5 km North on Deacon Road.
            Credit: <a href="mailto:bwkohut@shaw.ca">Boris Kohut</a>
          ]]>
        </description>
        <ExtendedData>
          <Data name="gx_media_links">
            <value>https://roadsideattractions.ca/images/deacon.jpg</value>
          </Data>
        </ExtendedData>
        <Point>
          <coordinates>49.90985,-96.93515,0</coordinates>
        </Point>
      </Placemark>
    
      <Placemark>
        <name>Large Lawnmower</name>
        <description>
          <![CDATA[
            
            Credit: Herb and Linda Higginbottom of <a href="mailto:deepcrk@telus.net">Deep Creek Tool Museum</a>
          ]]>
        </description>
        <ExtendedData>
          <Data name="gx_media_links">
            <value>https://roadsideattractions.ca/images/deepcreek.jpg</value>
          </Data>
        </ExtendedData>
        <Point>
          <coordinates>50.62725,-119.20166666666667,0</coordinates>
        </Point>
      </Placemark>
    
      <Placemark>
        <name>Uranium Atom</name>
        <description>
          <![CDATA[
            
            Credit: <a href="mailto:brent.hagen@ontario.ca">Brent Hagen</a>
          ]]>
        </description>
        <ExtendedData>
          <Data name="gx_media_links">
            <value>https://roadsideattractions.ca/images/deepriver.jpg</value>
          </Data>
        </ExtendedData>
        <Point>
          <coordinates>46.09785,-77.49355,0</coordinates>
        </Point>
      </Placemark>
    
      <Placemark>
        <name>Deer</name>
        <description>
          <![CDATA[
            
            Credit: Murielle Bugera of the Chaboille Community Development Corporation
          ]]>
        </description>
        <ExtendedData>
          <Data name="gx_media_links">
            <value>https://roadsideattractions.ca/images/deer.jpg</value>
          </Data>
        </ExtendedData>
        <Point>
          <coordinates>49.31836666666667,-96.9517,0</coordinates>
        </Point>
      </Placemark>
    
      <Placemark>
        <name>Moose</name>
        <description>
          <![CDATA[
            
            Credit: <a href="mailto:bill.patterson@tricolour.queensu.ca%20">Bill Patterson</a>
          ]]>
        </description>
        <ExtendedData>
          <Data name="gx_media_links">
            <value>https://roadsideattractions.ca/images/deerlake.jpg</value>
          </Data>
        </ExtendedData>
        <Point>
          <coordinates>49.18848333333333,-57.426966666666665,0</coordinates>
        </Point>
      </Placemark>
    
      <Placemark>
        <name>Muskoka Chair</name>
        <description>
          <![CDATA[
            
            Credit: <a href="mailto:mfdc5@yahoo.com">Ryan King</a>
          ]]>
        </description>
        <ExtendedData>
          <Data name="gx_media_links">
            <value>https://roadsideattractions.ca/images/denmark.jpg</value>
          </Data>
        </ExtendedData>
        <Point>
          <coordinates>45.71135,-63.160183333333336,0</coordinates>
        </Point>
      </Placemark>
    
      <Placemark>
        <name>Dentures</name>
        <description>
          <![CDATA[
            Atlantic Denture Clinic, 193 Portland Street
            Credit: <a href="mailto:mfdc5@yahoo.com">Ryan King</a>
          ]]>
        </description>
        <ExtendedData>
          <Data name="gx_media_links">
            <value>https://roadsideattractions.ca/images/dentures.jpg</value>
          </Data>
        </ExtendedData>
        <Point>
          <coordinates>44.66791666666667,-63.56255,0</coordinates>
        </Point>
      </Placemark>
    
      <Placemark>
        <name>Eraser And Desk</name>
        <description>
          <![CDATA[
            130 Ochterloney Street
            Credit: <a href="mailto:mfdc5@yahoo.com">Ryan King</a>
          ]]>
        </description>
        <ExtendedData>
          <Data name="gx_media_links">
            <value>https://roadsideattractions.ca/images/desk.jpg</value>
          </Data>
        </ExtendedData>
        <Point>
          <coordinates>44.669183333333336,-63.5652,0</coordinates>
        </Point>
      </Placemark>
    
      <Placemark>
        <name>Tire Person 1</name>
        <description>
          <![CDATA[
            West, on Hwy. 45 near Hwy. 893.
            Credit: <a href="mailto:dalyn2@shaw.ca">Dale Redekopp</a>
          ]]>
        </description>
        <ExtendedData>
          <Data name="gx_media_links">
            <value>https://roadsideattractions.ca/images/dewberry1.jpg</value>
          </Data>
        </ExtendedData>
        <Point>
          <coordinates>53.598733333333335,-110.55396666666667,0</coordinates>
        </Point>
      </Placemark>
    
      <Placemark>
        <name>Tire Person 2</name>
        <description>
          <![CDATA[
            West, on Hwy. 45 near Hwy. 893.
            Credit: <a href="mailto:dalyn2@shaw.ca">Dale Redekopp</a>
          ]]>
        </description>
        <ExtendedData>
          <Data name="gx_media_links">
            <value>https://roadsideattractions.ca/images/dewberry2.jpg</value>
          </Data>
        </ExtendedData>
        <Point>
          <coordinates>53.59875,-110.55406666666667,0</coordinates>
        </Point>
      </Placemark>
    
      <Placemark>
        <name>Black Diamond</name>
        <description>
          <![CDATA[
            
            Credit: Original - <a href="http://www.town.blackdiamond.ab.ca/">Town of Black Diamond</a>. Update - ><a href="mailto:lspicer@shaw.ca">Leigh
Spicer</a>.
          ]]>
        </description>
        <ExtendedData>
          <Data name="gx_media_links">
            <value>https://roadsideattractions.ca/images/diamond.jpg</value>
          </Data>
        </ExtendedData>
        <Point>
          <coordinates>50.6883,-114.23661666666666,0</coordinates>
        </Point>
      </Placemark>
    
      <Placemark>
        <name>Dice People</name>
        <description>
          <![CDATA[
            
            Credit: <a href="mailto:patriciahrock@hotmail.com">Patricia Rock</a>
          ]]>
        </description>
        <ExtendedData>
          <Data name="gx_media_links">
            <value>https://roadsideattractions.ca/images/dicepeople.jpg</value>
          </Data>
        </ExtendedData>
        <Point>
          <coordinates>49.11135,-116.52328333333334,0</coordinates>
        </Point>
      </Placemark>
    
      <Placemark>
        <name>Dingman #1 Oil Derrick</name>
        <description>
          <![CDATA[
            
            Credit: <a href="mailto:lspicer@shaw.ca">Leigh Spicer</a>
          ]]>
        </description>
        <ExtendedData>
          <Data name="gx_media_links">
            <value>https://roadsideattractions.ca/images/dingman.jpg</value>
          </Data>
        </ExtendedData>
        <Point>
          <coordinates>50.67415,-114.27855,0</coordinates>
        </Point>
      </Placemark>
    
      <Placemark>
        <name>World's Largest Dinosaur</name>
        <description>
          <![CDATA[
            
            Credit: <A HREF="http://www.dinosaurvalley.com/">Drumheller, Alberta</a>
          ]]>
        </description>
        <ExtendedData>
          <Data name="gx_media_links">
            <value>https://roadsideattractions.ca/images/dinosaur.jpg</value>
          </Data>
        </ExtendedData>
        <Point>
          <coordinates>51.467216666666666,-112.70876666666666,0</coordinates>
        </Point>
      </Placemark>
    
      <Placemark>
        <name>Waving Farmer On Tractor</name>
        <description>
          <![CDATA[
            ~11.5 km east on Hwy. 44.
            Credit: <a href="mailto:dalyn2@shaw.ca">Dale
Redekopp</a>
          ]]>
        </description>
        <ExtendedData>
          <Data name="gx_media_links">
            <value>https://roadsideattractions.ca/images/dinsmore.jpg</value>
          </Data>
        </ExtendedData>
        <Point>
          <coordinates>51.32941666666667,-107.26996666666666,0</coordinates>
        </Point>
      </Placemark>
    
      <Placemark>
        <name>Brontosaurus</name>
        <description>
          <![CDATA[
            
            Credit: Josee Rainville of <a href="http://www.dinosaursudbury.ca/">Dinosaur 
  Valley Mini Golf, Sudbury</a>
          ]]>
        </description>
        <ExtendedData>
          <Data name="gx_media_links">
            <value>https://roadsideattractions.ca/images/dinvalley.jpg</value>
          </Data>
        </ExtendedData>
        <Point>
          <coordinates>46.594966666666664,-81.08286666666666,0</coordinates>
        </Point>
      </Placemark>
    
      <Placemark>
        <name>Strawberry</name>
        <description>
          <![CDATA[
            
            Credit: Shannon Warren of <a href="http://www.grosmorne.ca/">Grosmorne.ca</a>
          ]]>
        </description>
        <ExtendedData>
          <Data name="gx_media_links">
            <value>https://roadsideattractions.ca/images/dlstrawberry.jpg</value>
          </Data>
        </ExtendedData>
        <Point>
          <coordinates>49.1938,-57.43385,0</coordinates>
        </Point>
      </Placemark>
    
      <Placemark>
        <name>Miner</name>
        <description>
          <![CDATA[
            
            Credit: <a href="mailto:rdonnan49@sasktel.net">Richard Donnan</a>
          ]]>
        </description>
        <ExtendedData>
          <Data name="gx_media_links">
            <value>https://roadsideattractions.ca/images/dminer.jpg</value>
          </Data>
        </ExtendedData>
        <Point>
          <coordinates>51.463033333333335,-112.70646666666667,0</coordinates>
        </Point>
      </Placemark>
    
      <Placemark>
        <name>Bruce The Moose</name>
        <description>
          <![CDATA[
            
            Credit: <a HREF="mailto:grb@nbnet.nb.ca">Gary Boole</a>
          ]]>
        </description>
        <ExtendedData>
          <Data name="gx_media_links">
            <value>https://roadsideattractions.ca/images/doaktown.jpg</value>
          </Data>
        </ExtendedData>
        <Point>
          <coordinates>46.57001666666667,-66.1038,0</coordinates>
        </Point>
      </Placemark>
    
      <Placemark>
        <name>Doctors Of Star Trek</name>
        <description>
          <![CDATA[
            Centre Street
            Credit: <a href="mailto:lonecrow42@gmail.com">Scott McDonald</a>
          ]]>
        </description>
        <ExtendedData>
          <Data name="gx_media_links">
            <value>https://roadsideattractions.ca/images/doctors.jpg</value>
          </Data>
        </ExtendedData>
        <Point>
          <coordinates>50.40343333333333,-113.26345,0</coordinates>
        </Point>
      </Placemark>
    
      <Placemark>
        <name>Doctor</name>
        <description>
          <![CDATA[
            
            Credit: Dana Sixty
          ]]>
        </description>
        <ExtendedData>
          <Data name="gx_media_links">
            <value>https://roadsideattractions.ca/images/doctor.jpg</value>
          </Data>
        </ExtendedData>
        <Point>
          <coordinates>43.7042,-79.41098333333333,0</coordinates>
        </Point>
      </Placemark>
    
      <Placemark>
        <name>Dogs</name>
        <description>
          <![CDATA[
            
            Credit: <a href="mailto:forever2gether98@yahoo.com">Gary and Debbie
Spouses</a>
          ]]>
        </description>
        <ExtendedData>
          <Data name="gx_media_links">
            <value>https://roadsideattractions.ca/images/dogs.jpg</value>
          </Data>
        </ExtendedData>
        <Point>
          <coordinates>46.999233333333336,-70.974,0</coordinates>
        </Point>
      </Placemark>
    
      <Placemark>
        <name>Dolphin Fountain</name>
        <description>
          <![CDATA[
            
            Credit: Barry Pomeray of <a href="http://jackovacs.0catch.com/big_things/">Big 
    Things Across Canada</a>
          ]]>
        </description>
        <ExtendedData>
          <Data name="gx_media_links">
            <value>https://roadsideattractions.ca/images/dolphinfountain.jpg</value>
          </Data>
        </ExtendedData>
        <Point>
          <coordinates>49.89351666666666,-119.49665,0</coordinates>
        </Point>
      </Placemark>
    
      <Placemark>
        <name>World's Largest Sturgeon</name>
        <description>
          <![CDATA[
            
            Credit: <a href="http://www.gbkphoto.com/">Gerald Kornelsen</a>
          ]]>
        </description>
        <ExtendedData>
          <Data name="gx_media_links">
            <value>https://roadsideattractions.ca/images/dominioncity.jpg</value>
          </Data>
        </ExtendedData>
        <Point>
          <coordinates>49.14235,-97.15593333333334,0</coordinates>
        </Point>
      </Placemark>
    
      <Placemark>
        <name>Farmer And Plow</name>
        <description>
          <![CDATA[
            
            Credit: <a href="mailto:rdonnan49@sasktel.net">Richard Donnan</a>
          ]]>
        </description>
        <ExtendedData>
          <Data name="gx_media_links">
            <value>https://roadsideattractions.ca/images/donaldafp.jpg</value>
          </Data>
        </ExtendedData>
        <Point>
          <coordinates>52.20516666666666,-113.81501666666666,0</coordinates>
        </Point>
      </Placemark>
    
      <Placemark>
        <name>The Donut Mill</name>
        <description>
          <![CDATA[
            
            Credit: <a href="mailto:rdonnan49@hotmail.com">Richard Donnan</a>
          ]]>
        </description>
        <ExtendedData>
          <Data name="gx_media_links">
            <value>https://roadsideattractions.ca/images/donutmill.jpg</value>
          </Data>
        </ExtendedData>
        <Point>
          <coordinates>52.20516666666666,-113.81501666666666,0</coordinates>
        </Point>
      </Placemark>
    
      <Placemark>
        <name>Semipalmated Sandpiper</name>
        <description>
          <![CDATA[
            
            Credit: Promoting New Brunswick
          ]]>
        </description>
        <ExtendedData>
          <Data name="gx_media_links">
            <value>https://roadsideattractions.ca/images/dorchester.jpg</value>
          </Data>
        </ExtendedData>
        <Point>
          <coordinates>45.89978333333333,-64.51656666666666,0</coordinates>
        </Point>
      </Placemark>
    
      <Placemark>
        <name>Unfeasibly Large Binoculars</name>
        <description>
          <![CDATA[
            
            Credit: <a href="mailto:oberfurher@msn.com">John Klein</a>
          ]]>
        </description>
        <ExtendedData>
          <Data name="gx_media_links">
            <value>https://roadsideattractions.ca/images/dorset.jpg</value>
          </Data>
        </ExtendedData>
        <Point>
          <coordinates>45.252383333333334,-78.89396666666667,0</coordinates>
        </Point>
      </Placemark>
    
      <Placemark>
        <name>Dove Of Peace</name>
        <description>
          <![CDATA[
            
            Credit: <a href="mailto:gfoxedm@telusplanet.net">Gerry Fox</a>
          ]]>
        </description>
        <ExtendedData>
          <Data name="gx_media_links">
            <value>https://roadsideattractions.ca/images/dove.jpg</value>
          </Data>
        </ExtendedData>
        <Point>
          <coordinates>53.534216666666666,-113.47988333333333,0</coordinates>
        </Point>
      </Placemark>
    
      <Placemark>
        <name>Dragonfly</name>
        <description>
          <![CDATA[
            
            Credit: <a href="mailto:saragekelly@hotmail.com">Sara Kelly</a>
          ]]>
        </description>
        <ExtendedData>
          <Data name="gx_media_links">
            <value>https://roadsideattractions.ca/images/dragonfly.jpg</value>
          </Data>
        </ExtendedData>
        <Point>
          <coordinates>44.992466666666665,-78.01606666666666,0</coordinates>
        </Point>
      </Placemark>
    
      <Placemark>
        <name>Dragon Skull</name>
        <description>
          <![CDATA[
            
            Credit: Josee Rainville of <a href="http://www.dinosaursudbury.ca/">Dinosaur Valley Mini Golf, Sudbury</a>
          ]]>
        </description>
        <ExtendedData>
          <Data name="gx_media_links">
            <value>https://roadsideattractions.ca/images/dragonskull.jpg</value>
          </Data>
        </ExtendedData>
        <Point>
          <coordinates>46.594966666666664,-81.08286666666666,0</coordinates>
        </Point>
      </Placemark>
    
      <Placemark>
        <name>Oil Derricks</name>
        <description>
          <![CDATA[
            
            Credit:  <a href="mailto:brankare@telus.net">Karen Branton</a>
          ]]>
        </description>
        <ExtendedData>
          <Data name="gx_media_links">
            <value>https://roadsideattractions.ca/images/draytonvalley.jpg</value>
          </Data>
        </ExtendedData>
        <Point>
          <coordinates>53.192116666666664,-114.97706666666667,0</coordinates>
        </Point>
      </Placemark>
    
      <Placemark>
        <name>Drug Store Mural</name>
        <description>
          <![CDATA[
            
            Credit: Andrea Mulder-Slater of <a href="http://www.jareaart.com/drugstore">Jarea 
  Art Studio</a>
          ]]>
        </description>
        <ExtendedData>
          <Data name="gx_media_links">
            <value>https://roadsideattractions.ca/images/drugstore.jpg</value>
          </Data>
        </ExtendedData>
        <Point>
          <coordinates>45.073966666666664,-67.05303333333333,0</coordinates>
        </Point>
      </Placemark>
    
      <Placemark>
        <name>David Thompson</name>
        <description>
          <![CDATA[
            
            Credit: Lac La Biche Post
          ]]>
        </description>
        <ExtendedData>
          <Data name="gx_media_links">
            <value>https://roadsideattractions.ca/images/dthompson.jpg</value>
          </Data>
        </ExtendedData>
        <Point>
          <coordinates>54.773133333333334,-111.988,0</coordinates>
        </Point>
      </Placemark>
    
      <Placemark>
        <name>World's Largest Mallard Duck</name>
        <description>
          <![CDATA[
            
            Credit: Bill Gilson of <a href="http://www.aerophotointernational.com/" target="ai">Aerophoto International</a>
          ]]>
        </description>
        <ExtendedData>
          <Data name="gx_media_links">
            <value>https://roadsideattractions.ca/images/duck.jpg</value>
          </Data>
        </ExtendedData>
        <Point>
          <coordinates>53.87821666666667,-112.33228333333334,0</coordinates>
        </Point>
      </Placemark>
    
      <Placemark>
        <name>Horse And Wagon</name>
        <description>
          <![CDATA[
            
            Credit: <a href="mailto:mistymtn@sasktel.net">Ernie Wlock</a>
          ]]>
        </description>
        <ExtendedData>
          <Data name="gx_media_links">
            <value>https://roadsideattractions.ca/images/dundurn.jpg</value>
          </Data>
        </ExtendedData>
        <Point>
          <coordinates>51.80931666666667,-106.49643333333333,0</coordinates>
        </Point>
      </Placemark>
    
      <Placemark>
        <name>Cabrea The Snow Goose</name>
        <description>
          <![CDATA[
            
            Credit: <a href="mailto:gfoxedm@telusplanet.net">Gerry Fox</a>
          ]]>
        </description>
        <ExtendedData>
          <Data name="gx_media_links">
            <value>https://roadsideattractions.ca/images/dunrea.jpg</value>
          </Data>
        </ExtendedData>
        <Point>
          <coordinates>49.40346666666667,-99.73276666666666,0</coordinates>
        </Point>
      </Placemark>
    
      <Placemark>
        <name>Eagle</name>
        <description>
          <![CDATA[
            18.5 km east on Hwy 3.
            Credit: <a href="mailto:hirning@shaw.ca">Lorraine Hirning</a>
          ]]>
        </description>
        <ExtendedData>
          <Data name="gx_media_links">
            <value>https://roadsideattractions.ca/images/eagleo.jpg</value>
          </Data>
        </ExtendedData>
        <Point>
          <coordinates>49.013616666666664,-119.35618333333333,0</coordinates>
        </Point>
      </Placemark>
    
      <Placemark>
        <name>Inuksuk</name>
        <description>
          <![CDATA[
            
            Credit: Steve Robinson of Attractions on the Canadian Roadside
          ]]>
        </description>
        <ExtendedData>
          <Data name="gx_media_links">
            <value>https://roadsideattractions.ca/images/eaglecanyon.jpg</value>
          </Data>
        </ExtendedData>
        <Point>
          <coordinates>48.797383333333336,-88.61661666666667,0</coordinates>
        </Point>
      </Placemark>
    
      <Placemark>
        <name>Patricia The Tug Boat</name>
        <description>
          <![CDATA[
            
            Credit: Liz Ward of <a href="http://www.visitredlakeregion.com/">Red Lake Touring Region</a>
          ]]>
        </description>
        <ExtendedData>
          <Data name="gx_media_links">
            <value>https://roadsideattractions.ca/images/earfalls.jpg</value>
          </Data>
        </ExtendedData>
        <Point>
          <coordinates>50.63106666666667,-93.22321666666667,0</coordinates>
        </Point>
      </Placemark>
    
      <Placemark>
        <name>Miniature Pioneer Grain Elevators</name>
        <description>
          <![CDATA[
            
            Credit: <a href="mailto:rdonnan49@sasktel.net">Richard Donnan</a>
          ]]>
        </description>
        <ExtendedData>
          <Data name="gx_media_links">
            <value>https://roadsideattractions.ca/images/earlgrey.jpg</value>
          </Data>
        </ExtendedData>
        <Point>
          <coordinates>50.93735,-104.71098333333333,0</coordinates>
        </Point>
      </Placemark>
    
      <Placemark>
        <name>Earl The Bison</name>
        <description>
          <![CDATA[
            
            Credit: <a href="mailto:mystar@wightman.ca">Sandra Hemstock</a>
          ]]>
        </description>
        <ExtendedData>
          <Data name="gx_media_links">
            <value>https://roadsideattractions.ca/images/earlton.jpg</value>
          </Data>
        </ExtendedData>
        <Point>
          <coordinates>47.74743333333333,-79.82498333333334,0</coordinates>
        </Point>
      </Placemark>
    
      <Placemark>
        <name>Memorial</name>
        <description>
          <![CDATA[
            
            Credit: <a href="mailto:dalyn2@shaw.ca">Dale
Redekopp</a>
          ]]>
        </description>
        <ExtendedData>
          <Data name="gx_media_links">
            <value>https://roadsideattractions.ca/images/ebenezer.jpg</value>
          </Data>
        </ExtendedData>
        <Point>
          <coordinates>51.35743333333333,-102.45405,0</coordinates>
        </Point>
      </Placemark>
    
      <Placemark>
        <name>Marion Dragline Bucket</name>
        <description>
          <![CDATA[
            
            Credit: <a href="mailto:rdonnan49@sasktel.net">Richard Donnan</a>
          ]]>
        </description>
        <ExtendedData>
          <Data name="gx_media_links">
            <value>https://roadsideattractions.ca/images/ebucket.jpg</value>
          </Data>
        </ExtendedData>
        <Point>
          <coordinates>49.15593333333333,-103.02683333333333,0</coordinates>
        </Point>
      </Placemark>
    
      <Placemark>
        <name>Baseball Bat</name>
        <description>
          <![CDATA[
            118 Avenue.
            Credit: <a href="mailto:gfoxedm@telusplanet.net">Gerry Fox</a>
          ]]>
        </description>
        <ExtendedData>
          <Data name="gx_media_links">
            <value>https://roadsideattractions.ca/images/edbat.jpg</value>
          </Data>
        </ExtendedData>
        <Point>
          <coordinates>53.570566666666664,-113.4927,0</coordinates>
        </Point>
      </Placemark>
    
      <Placemark>
        <name>Milk Bottle</name>
        <description>
          <![CDATA[
            
            Credit: <a href="mailto:dalyn2@shaw.ca">Dale
Redekopp</a>
          ]]>
        </description>
        <ExtendedData>
          <Data name="gx_media_links">
            <value>https://roadsideattractions.ca/images/edmontonbottle.jpg</value>
          </Data>
        </ExtendedData>
        <Point>
          <coordinates>53.5654,-113.45256666666667,0</coordinates>
        </Point>
      </Placemark>
    
      <Placemark>
        <name>Bull</name>
        <description>
          <![CDATA[
            
            Credit: <a href="mailto:rdonnan49@sasktel.net">Richard Donnan</a>
          ]]>
        </description>
        <ExtendedData>
          <Data name="gx_media_links">
            <value>https://roadsideattractions.ca/images/edmontonbull.jpg</value>
          </Data>
        </ExtendedData>
        <Point>
          <coordinates>53.54105,-113.51426666666667,0</coordinates>
        </Point>
      </Placemark>
    
      <Placemark>
        <name>Big Horn Sheep</name>
        <description>
          <![CDATA[
            
            Credit: <a href="mailto:lspicer@shaw.ca">Barb and Leigh Spicer</a>
          ]]>
        </description>
        <ExtendedData>
          <Data name="gx_media_links">
            <value>https://roadsideattractions.ca/images/edson.jpg</value>
          </Data>
        </ExtendedData>
        <Point>
          <coordinates>53.58003333333333,-116.44301666666667,0</coordinates>
        </Point>
      </Placemark>
    
      <Placemark>
        <name>Pysanka (Easter Egg)</name>
        <description>
          <![CDATA[
            
            Credit: Ed Solonyka
          ]]>
        </description>
        <ExtendedData>
          <Data name="gx_media_links">
            <value>https://roadsideattractions.ca/images/egg.jpg</value>
          </Data>
        </ExtendedData>
        <Point>
          <coordinates>53.49153333333334,-112.0366,0</coordinates>
        </Point>
      </Placemark>
    
      <Placemark>
        <name>World's Largest Hand Held Eggbeater</name>
        <description>
          <![CDATA[
            1176 Center Line Road, Lauretta. Note: not visible from the road - follow the sign.
            Credit: Cory and Jen King
          ]]>
        </description>
        <ExtendedData>
          <Data name="gx_media_links">
            <value>https://roadsideattractions.ca/images/eggbeater.jpg</value>
          </Data>
        </ExtendedData>
        <Point>
          <coordinates>46.860733333333336,-64.14118333333333,0</coordinates>
        </Point>
      </Placemark>
    
      <Placemark>
        <name>Ed The Elephant</name>
        <description>
          <![CDATA[
            
            Credit: <a href="mailto:patriciahrock@hotmail.com">Patricia Rock</a>
          ]]>
        </description>
        <ExtendedData>
          <Data name="gx_media_links">
            <value>https://roadsideattractions.ca/images/elephant.jpg</value>
          </Data>
        </ExtendedData>
        <Point>
          <coordinates>49.5123,-115.77041666666666,0</coordinates>
        </Point>
      </Placemark>
    
      <Placemark>
        <name>Elephants</name>
        <description>
          <![CDATA[
            
            Credit: <a href="mailto:bowser@iaw.com">James Bowser</a>
          ]]>
        </description>
        <ExtendedData>
          <Data name="gx_media_links">
            <value>https://roadsideattractions.ca/images/elephants.jpg</value>
          </Data>
        </ExtendedData>
        <Point>
          <coordinates>43.188116666666666,-79.4631,0</coordinates>
        </Point>
      </Placemark>
    
      <Placemark>
        <name>Elk</name>
        <description>
          <![CDATA[
            
            Credit: <a href="mailto:gfoxedm@telusplanet.net">Gerry Fox</a>
          ]]>
        </description>
        <ExtendedData>
          <Data name="gx_media_links">
            <value>https://roadsideattractions.ca/images/elk.jpg</value>
          </Data>
        </ExtendedData>
        <Point>
          <coordinates>50.62076666666667,-99.96745,0</coordinates>
        </Point>
      </Placemark>
    
      <Placemark>
        <name>Grain Elevators Bench</name>
        <description>
          <![CDATA[
            
            Credit: <a href="mailto:lspicer@shaw.ca">Leigh Spicer</a>
          ]]>
        </description>
        <ExtendedData>
          <Data name="gx_media_links">
            <value>https://roadsideattractions.ca/images/elevatorbench.jpg</value>
          </Data>
        </ExtendedData>
        <Point>
          <coordinates>52.264633333333336,-113.80611666666667,0</coordinates>
        </Point>
      </Placemark>
    
      <Placemark>
        <name>Uranium Atom</name>
        <description>
          <![CDATA[
            
            Credit: Preston Scott
          ]]>
        </description>
        <ExtendedData>
          <Data name="gx_media_links">
            <value>https://roadsideattractions.ca/images/elliotlake.jpg</value>
          </Data>
        </ExtendedData>
        <Point>
          <coordinates>46.3821,-82.64161666666666,0</coordinates>
        </Point>
      </Placemark>
    
      <Placemark>
        <name>The Miner</name>
        <description>
          <![CDATA[
            
            Credit: <a href="mailto:1sgreene1@rogers.com">Stephen
Greene</a>
          ]]>
        </description>
        <ExtendedData>
          <Data name="gx_media_links">
            <value>https://roadsideattractions.ca/images/elminer.jpg</value>
          </Data>
        </ExtendedData>
        <Point>
          <coordinates>46.4048,-82.64255,0</coordinates>
        </Point>
      </Placemark>
    
      <Placemark>
        <name>Mining Memorial</name>
        <description>
          <![CDATA[
            
            Credit: <a href="mailto:blue_oriole@hotmail.com">Catherine Benvenuti</a>
          ]]>
        </description>
        <ExtendedData>
          <Data name="gx_media_links">
            <value>https://roadsideattractions.ca/images/elminingmemorial.jpg</value>
          </Data>
        </ExtendedData>
        <Point>
          <coordinates>46.389633333333336,-82.65166666666667,0</coordinates>
        </Point>
      </Placemark>
    
      <Placemark>
        <name>Northwest Mounted Police</name>
        <description>
          <![CDATA[
            
            Credit: <A HREF="http://www.redrivervalley.com/">Red River Valley</A>
          ]]>
        </description>
        <ExtendedData>
          <Data name="gx_media_links">
            <value>https://roadsideattractions.ca/images/emerson.jpg</value>
          </Data>
        </ExtendedData>
        <Point>
          <coordinates>49.0098,-97.2395,0</coordinates>
        </Point>
      </Placemark>
    
      <Placemark>
        <name>Norlund Chapel</name>
        <description>
          <![CDATA[
            
            Credit:  <a href="mailto:Cigarpaul@aol.com ">Cigarpaul</a>
          ]]>
        </description>
        <ExtendedData>
          <Data name="gx_media_links">
            <value>https://roadsideattractions.ca/images/emo.jpg</value>
          </Data>
        </ExtendedData>
        <Point>
          <coordinates>48.6351,-93.85226666666667,0</coordinates>
        </Point>
      </Placemark>
    
      <Placemark>
        <name>Self Storage Space Rocket</name>
        <description>
          <![CDATA[
            Just south of boundary with St. Albert.
            Credit: <a href="mailto:rdonnan49@sasktel.net">Richard Donnan</a>
          ]]>
        </description>
        <ExtendedData>
          <Data name="gx_media_links">
            <value>https://roadsideattractions.ca/images/erocket.jpg</value>
          </Data>
        </ExtendedData>
        <Point>
          <coordinates>53.60095,-113.5758,0</coordinates>
        </Point>
      </Placemark>
    
      <Placemark>
        <name>Pete The Miner</name>
        <description>
          <![CDATA[
            
            Credit: <a href="mailto:rdonnan49@sasktel.net">Richard Donnan</a>
          ]]>
        </description>
        <ExtendedData>
          <Data name="gx_media_links">
            <value>https://roadsideattractions.ca/images/esterhazy.jpg</value>
          </Data>
        </ExtendedData>
        <Point>
          <coordinates>50.65323333333333,-102.07808333333334,0</coordinates>
        </Point>
      </Placemark>
    
      <Placemark>
        <name>Oil Derrick</name>
        <description>
          <![CDATA[
            
            Credit: <a href="mailto:rdonnan49@sasktel.net">Richard Donnan</a>
          ]]>
        </description>
        <ExtendedData>
          <Data name="gx_media_links">
            <value>https://roadsideattractions.ca/images/estevan.jpg</value>
          </Data>
        </ExtendedData>
        <Point>
          <coordinates>49.14853333333333,-103.01106666666666,0</coordinates>
        </Point>
      </Placemark>
    
      <Placemark>
        <name>Car Sticking In The Ground</name>
        <description>
          <![CDATA[
            
            Credit: <a href="mailto:sendjokeshere@hotmail.com">Trevor
Appelt</a>
          ]]>
        </description>
        <ExtendedData>
          <Data name="gx_media_links">
            <value>https://roadsideattractions.ca/images/estevancar.jpg</value>
          </Data>
        </ExtendedData>
        <Point>
          <coordinates>49.25338333333333,-102.99353333333333,0</coordinates>
        </Point>
      </Placemark>
    
      <Placemark>
        <name>Eve's Apple</name>
        <description>
          <![CDATA[
            
            Credit: <a href="http://www.citywindsor.ca/residents/culture/windsor-sculpture-park/pages/windsor-sculpture-park.aspx">Windsor 
  Sculpture Park</a>
          ]]>
        </description>
        <ExtendedData>
          <Data name="gx_media_links">
            <value>https://roadsideattractions.ca/images/eve.jpg</value>
          </Data>
        </ExtendedData>
        <Point>
          <coordinates>42.31315,-83.0642,0</coordinates>
        </Point>
      </Placemark>
    
      <Placemark>
        <name>Bear</name>
        <description>
          <![CDATA[
            
            Credit: Michael Bowden
          ]]>
        </description>
        <ExtendedData>
          <Data name="gx_media_links">
            <value>https://roadsideattractions.ca/images/fabear.jpg</value>
          </Data>
        </ExtendedData>
        <Point>
          <coordinates>54.33195,-114.78988333333334,0</coordinates>
        </Point>
      </Placemark>
    
      <Placemark>
        <name>Oil Pumpjack</name>
        <description>
          <![CDATA[
            305 - 14 Street.
            Credit: <a href="mailto:rch31739@mts.net">Bob Hill</a>
          ]]>
        </description>
        <ExtendedData>
          <Data name="gx_media_links">
            <value>https://roadsideattractions.ca/images/fairview.jpg</value>
          </Data>
        </ExtendedData>
        <Point>
          <coordinates>56.08911666666667,-118.3918,0</coordinates>
        </Point>
      </Placemark>
    
      <Placemark>
        <name>Canadian Flag</name>
        <description>
          <![CDATA[
            
            Credit: Samantha Turner and Fran Nikon of <a href="http://hp.bccna.bc.ca/Community/Falkland/">Falkland</a>
          ]]>
        </description>
        <ExtendedData>
          <Data name="gx_media_links">
            <value>https://roadsideattractions.ca/images/falkland.jpg</value>
          </Data>
        </ExtendedData>
        <Point>
          <coordinates>50.50933333333333,-119.55393333333333,0</coordinates>
        </Point>
      </Placemark>
    
      <Placemark>
        <name>Farmer Dog</name>
        <description>
          <![CDATA[
            
            Credit: <a href="mailto:bwkohut@shaw.ca">Boris Kohut</a>
          ]]>
        </description>
        <ExtendedData>
          <Data name="gx_media_links">
            <value>https://roadsideattractions.ca/images/farmerdog.jpg</value>
          </Data>
        </ExtendedData>
        <Point>
          <coordinates>49.86338333333333,-97.38338333333333,0</coordinates>
        </Point>
      </Placemark>
    
      <Placemark>
        <name>Ore Haul Truck #3</name>
        <description>
          <![CDATA[
            
            Credit: <a href="mailto:everiman@gmail.com">Erik</a>
          ]]>
        </description>
        <ExtendedData>
          <Data name="gx_media_links">
            <value>https://roadsideattractions.ca/images/faro.jpg</value>
          </Data>
        </ExtendedData>
        <Point>
          <coordinates>62.235483333333335,-133.36648333333332,0</coordinates>
        </Point>
      </Placemark>
    
      <Placemark>
        <name>Groundhog</name>
        <description>
          <![CDATA[
            
            Credit: <a href="http://www.gbkphoto.com/">Gerald Kornelsen</a>
          ]]>
        </description>
        <ExtendedData>
          <Data name="gx_media_links">
            <value>https://roadsideattractions.ca/images/fauquier.jpg</value>
          </Data>
        </ExtendedData>
        <Point>
          <coordinates>49.31098333333333,-82.03286666666666,0</coordinates>
        </Point>
      </Placemark>
    
      <Placemark>
        <name>World's Largest Wagon Wheel</name>
        <description>
          <![CDATA[
            
            Credit: Fisher Branch and District Chamber of Commerce. Photo: Joanne Smith
          ]]>
        </description>
        <ExtendedData>
          <Data name="gx_media_links">
            <value>https://roadsideattractions.ca/images/fbwheel.jpg</value>
          </Data>
        </ExtendedData>
        <Point>
          <coordinates>51.0828,-97.60335,0</coordinates>
        </Point>
      </Placemark>
    
      <Placemark>
        <name>Feathers</name>
        <description>
          <![CDATA[
            
            Credit: <a href="mailto:ajimreid@shaw.ca"></a>
          ]]>
        </description>
        <ExtendedData>
          <Data name="gx_media_links">
            <value>https://roadsideattractions.ca/images/feathers.jpg</value>
          </Data>
        </ExtendedData>
        <Point>
          <coordinates>54.342333333333336,-109.72638333333333,0</coordinates>
        </Point>
      </Placemark>
    
      <Placemark>
        <name>Oil Rig</name>
        <description>
          <![CDATA[
            
            Credit: <a href="http://www.gbkphoto.com/">Gerald Kornelsen</a>
          ]]>
        </description>
        <ExtendedData>
          <Data name="gx_media_links">
            <value>https://roadsideattractions.ca/images/fernie.jpg</value>
          </Data>
        </ExtendedData>
        <Point>
          <coordinates>49.5248,-115.05448333333334,0</coordinates>
        </Point>
      </Placemark>
    
      <Placemark>
        <name>World's Largest Fiddleheads</name>
        <description>
          <![CDATA[
            
            Credit: Sheldon Hingst
          ]]>
        </description>
        <ExtendedData>
          <Data name="gx_media_links">
            <value>https://roadsideattractions.ca/images/fiddleheads.jpg</value>
          </Data>
        </ExtendedData>
        <Point>
          <coordinates>46.8961,-67.39566666666667,0</coordinates>
        </Point>
      </Placemark>
    
      <Placemark>
        <name>Peter Fidler - Hudson Bay Surveyor</name>
        <description>
          <![CDATA[
            
            Credit: <A HREF="http://www.elkpoint.ca/">Town of Elk Point</A>
          ]]>
        </description>
        <ExtendedData>
          <Data name="gx_media_links">
            <value>https://roadsideattractions.ca/images/fidler.jpg</value>
          </Data>
        </ExtendedData>
        <Point>
          <coordinates>53.90461666666667,-110.895,0</coordinates>
        </Point>
      </Placemark>
    
      <Placemark>
        <name>Figurehead - S.S. Empress Of Japan (replica)</name>
        <description>
          <![CDATA[
            
            Credit: Allan Taylor of <a href="http://www.greatervancouverparks.com/">The 
  Parks of Greater Vancouver and the Fraser Valley</a>
          ]]>
        </description>
        <ExtendedData>
          <Data name="gx_media_links">
            <value>https://roadsideattractions.ca/images/figurehead.jpg</value>
          </Data>
        </ExtendedData>
        <Point>
          <coordinates>49.30265,-123.12651666666666,0</coordinates>
        </Point>
      </Placemark>
    
      <Placemark>
        <name>Firebird On A Pole</name>
        <description>
          <![CDATA[
            
            Credit: Ed Solonyka
          ]]>
        </description>
        <ExtendedData>
          <Data name="gx_media_links">
            <value>https://roadsideattractions.ca/images/firebird.jpg</value>
          </Data>
        </ExtendedData>
        <Point>
          <coordinates>44.5803,-79.87345,0</coordinates>
        </Point>
      </Placemark>
    
      <Placemark>
        <name>Fish Hook</name>
        <description>
          <![CDATA[
            
            Credit: <a href="mailto:nomad1@nbnet.nb.ca">Victor</a>
          ]]>
        </description>
        <ExtendedData>
          <Data name="gx_media_links">
            <value>https://roadsideattractions.ca/images/fishhook.jpg</value>
          </Data>
        </ExtendedData>
        <Point>
          <coordinates>46.72586666666667,-65.83308333333333,0</coordinates>
        </Point>
      </Placemark>
    
      <Placemark>
        <name>Flower Clock</name>
        <description>
          <![CDATA[
            
            Credit: <a HREF="http://niagaraparks.com/">Niagara Parks Commission</a>
          ]]>
        </description>
        <ExtendedData>
          <Data name="gx_media_links">
            <value>https://roadsideattractions.ca/images/flclock.jpg</value>
          </Data>
        </ExtendedData>
        <Point>
          <coordinates>43.149433333333334,-79.04728333333334,0</coordinates>
        </Point>
      </Placemark>
    
      <Placemark>
        <name>Blue Heron</name>
        <description>
          <![CDATA[
            
            Credit: <a href="mailto:shorty.1976@yahoo.ca">Pamela
Robinson </a>, update - <a href="mailto:pplaza@nbnet.nb.ca">Robin Hanson</a> (Sculptor)
          ]]>
        </description>
        <ExtendedData>
          <Data name="gx_media_links">
            <value>https://roadsideattractions.ca/images/flheron.jpg</value>
          </Data>
        </ExtendedData>
        <Point>
          <coordinates>45.76636666666667,-66.54578333333333,0</coordinates>
        </Point>
      </Placemark>
    
      <Placemark>
        <name>Neighbours Of The North Park</name>
        <description>
          <![CDATA[
            
            Credit: Esther Peters
          ]]>
        </description>
        <ExtendedData>
          <Data name="gx_media_links">
            <value>https://roadsideattractions.ca/images/flinflonneighbours.jpg</value>
          </Data>
        </ExtendedData>
        <Point>
          <coordinates>54.76283333333333,-101.87638333333334,0</coordinates>
        </Point>
      </Placemark>
    
      <Placemark>
        <name>Flintstone House</name>
        <description>
          <![CDATA[
            Mastodon Ridge - 87 Main Street West,
Stewiacke, Nova Scotia.
            Credit: <a href="mailto:coryjking@gmail.com">Cory and Jen King</a>
          ]]>
        </description>
        <ExtendedData>
          <Data name="gx_media_links">
            <value>https://roadsideattractions.ca/images/flintstonehouse.jpg</value>
          </Data>
        </ExtendedData>
        <Point>
          <coordinates>45.141416666666665,-63.3608,0</coordinates>
        </Point>
      </Placemark>
    
      <Placemark>
        <name>Josiah Flintabbatey Flonatin (Flinty)</name>
        <description>
          <![CDATA[
            
            Credit: <a href="http://www.digistar.mb.ca/minsci/areas/FF.html">Flin
Flon Mining Area<br>
</a>
          ]]>
        </description>
        <ExtendedData>
          <Data name="gx_media_links">
            <value>https://roadsideattractions.ca/images/flinty.jpg</value>
          </Data>
        </ExtendedData>
        <Point>
          <coordinates>54.770633333333336,-101.8394,0</coordinates>
        </Point>
      </Placemark>
    
      <Placemark>
        <name>Flinty Rides A Submarine</name>
        <description>
          <![CDATA[
            
            Credit: <a href="mailto:rdonnan49@sasktel.net">Richard Donnan</a>
          ]]>
        </description>
        <ExtendedData>
          <Data name="gx_media_links">
            <value>https://roadsideattractions.ca/images/flintyrides.jpg</value>
          </Data>
        </ExtendedData>
        <Point>
          <coordinates>54.771033333333335,-101.85505,0</coordinates>
        </Point>
      </Placemark>
    
      <Placemark>
        <name>Noah's Ark</name>
        <description>
          <![CDATA[
            Located adjacent to the church on Burnham Road.
            Credit: Peter
Smith of <a href="http://www.brministries.com/">Burnham
Road Ministries</a>
          ]]>
        </description>
        <ExtendedData>
          <Data name="gx_media_links">
            <value>https://roadsideattractions.ca/images/florenceville.jpg</value>
          </Data>
        </ExtendedData>
        <Point>
          <coordinates>46.434866666666665,-67.59095,0</coordinates>
        </Point>
      </Placemark>
    
      <Placemark>
        <name>Fly Wheel</name>
        <description>
          <![CDATA[
            
            Credit: <a href="mailto:hirning@shaw.ca">Lorraine Hirning</a>
          ]]>
        </description>
        <ExtendedData>
          <Data name="gx_media_links">
            <value>https://roadsideattractions.ca/images/flywheel.jpg</value>
          </Data>
        </ExtendedData>
        <Point>
          <coordinates>51.64165,-121.29858333333334,0</coordinates>
        </Point>
      </Placemark>
    
      <Placemark>
        <name>Football Out Of Wall</name>
        <description>
          <![CDATA[
            
            Credit: <a href="mailto:bwkohut@shaw.ca">Boris Kohut</a>
          ]]>
        </description>
        <ExtendedData>
          <Data name="gx_media_links">
            <value>https://roadsideattractions.ca/images/football.jpg</value>
          </Data>
        </ExtendedData>
        <Point>
          <coordinates>49.8512,-97.15268333333333,0</coordinates>
        </Point>
      </Placemark>
    
      <Placemark>
        <name>Marion 7400 Dragline Bucket</name>
        <description>
          <![CDATA[
            
            Credit: <a href="mailto:MAdams@brsd.ab.ca">Maureen Adams</a>
          ]]>
        </description>
        <ExtendedData>
          <Data name="gx_media_links">
            <value>https://roadsideattractions.ca/images/forestburg.jpg</value>
          </Data>
        </ExtendedData>
        <Point>
          <coordinates>52.57958333333333,-112.06433333333334,0</coordinates>
        </Point>
      </Placemark>
    
      <Placemark>
        <name>Marion 360 Stripping Shovels</name>
        <description>
          <![CDATA[
            8 km west, 8 km south on Hwy. 855.
            Credit: <a href="mailto:lspicer@shaw.ca">Barb and Leigh Spicer</a>
          ]]>
        </description>
        <ExtendedData>
          <Data name="gx_media_links">
            <value>https://roadsideattractions.ca/images/forestburgss.jpg</value>
          </Data>
        </ExtendedData>
        <Point>
          <coordinates>52.505516666666665,-112.19073333333333,0</coordinates>
        </Point>
      </Placemark>
    
      <Placemark>
        <name>Moose And Buffalo</name>
        <description>
          <![CDATA[
            
            Credit: <a href="mailto:bowser@iaw.com">James Bowser</a>
          ]]>
        </description>
        <ExtendedData>
          <Data name="gx_media_links">
            <value>https://roadsideattractions.ca/images/forterie.jpg</value>
          </Data>
        </ExtendedData>
        <Point>
          <coordinates>42.90763333333334,-78.91836666666667,0</coordinates>
        </Point>
      </Placemark>
    
      <Placemark>
        <name>Big Horn Sheep</name>
        <description>
          <![CDATA[
            
            Credit: Steve Robinson of Attractions on the Canadian Roadside
          ]]>
        </description>
        <ExtendedData>
          <Data name="gx_media_links">
            <value>https://roadsideattractions.ca/images/fortnelson.jpg</value>
          </Data>
        </ExtendedData>
        <Point>
          <coordinates>58.8044,-122.71606666666666,0</coordinates>
        </Point>
      </Placemark>
    
      <Placemark>
        <name>Water Wheel</name>
        <description>
          <![CDATA[
            
            Credit: <a href="mailto:rch31739@mts.net">Bob Hill</a>
          ]]>
        </description>
        <ExtendedData>
          <Data name="gx_media_links">
            <value>https://roadsideattractions.ca/images/fortsteele.jpg</value>
          </Data>
        </ExtendedData>
        <Point>
          <coordinates>49.6137,-115.63335,0</coordinates>
        </Point>
      </Placemark>
    
      <Placemark>
        <name>Teepee</name>
        <description>
          <![CDATA[
            
            Credit: Barry Pomeroy
          ]]>
        </description>
        <ExtendedData>
          <Data name="gx_media_links">
            <value>https://roadsideattractions.ca/images/fqteepee.jpg</value>
          </Data>
        </ExtendedData>
        <Point>
          <coordinates>50.757783333333336,-103.78688333333334,0</coordinates>
        </Point>
      </Placemark>
    
      <Placemark>
        <name>Francis The Pig</name>
        <description>
          <![CDATA[
            
            Credit: Credit: Ken Shaw, update by <a href="mailto:lspicer@shaw.ca">Leigh Spicer</a>
          ]]>
        </description>
        <ExtendedData>
          <Data name="gx_media_links">
            <value>https://roadsideattractions.ca/images/francis.jpg</value>
          </Data>
        </ExtendedData>
        <Point>
          <coordinates>52.2669,-113.80581666666667,0</coordinates>
        </Point>
      </Placemark>
    
      <Placemark>
        <name>Voyageur Canoe</name>
        <description>
          <![CDATA[
            East of Alban.
            Credit: Ed Solonyka
          ]]>
        </description>
        <ExtendedData>
          <Data name="gx_media_links">
            <value>https://roadsideattractions.ca/images/frcanoe.jpg</value>
          </Data>
        </ExtendedData>
        <Point>
          <coordinates>46.10085,-80.58765,0</coordinates>
        </Point>
      </Placemark>
    
      <Placemark>
        <name>Potato</name>
        <description>
          <![CDATA[
            
            Credit: <a href="mailto:grb@brunnet.net">Gary Boole</a>
          ]]>
        </description>
        <ExtendedData>
          <Data name="gx_media_links">
            <value>https://roadsideattractions.ca/images/fredericton.jpg</value>
          </Data>
        </ExtendedData>
        <Point>
          <coordinates>45.8878,-66.52466666666666,0</coordinates>
        </Point>
      </Placemark>
    
      <Placemark>
        <name>Bear</name>
        <description>
          <![CDATA[
            
            Credit: <a href="mailto:rdonnan49@sasktel.net">Richard Donnan</a>
          ]]>
        </description>
        <ExtendedData>
          <Data name="gx_media_links">
            <value>https://roadsideattractions.ca/images/fsjbear.jpg</value>
          </Data>
        </ExtendedData>
        <Point>
          <coordinates>56.242216666666664,-120.84733333333334,0</coordinates>
        </Point>
      </Placemark>
    
      <Placemark>
        <name>Globe</name>
        <description>
          <![CDATA[
            
            Credit: <a href="mailto:rdonnan49@sasktel.net">Richard Donnan</a>
          ]]>
        </description>
        <ExtendedData>
          <Data name="gx_media_links">
            <value>https://roadsideattractions.ca/images/fsjglobe.jpg</value>
          </Data>
        </ExtendedData>
        <Point>
          <coordinates>56.242216666666664,-120.8473,0</coordinates>
        </Point>
      </Placemark>
    
      <Placemark>
        <name>Oil Derrick</name>
        <description>
          <![CDATA[
            
            Credit: <a href="mailto:lspicer@shaw.ca">Leigh Spicer</a>
          ]]>
        </description>
        <ExtendedData>
          <Data name="gx_media_links">
            <value>https://roadsideattractions.ca/images/fsjod.jpg</value>
          </Data>
        </ExtendedData>
        <Point>
          <coordinates>56.2402,-120.84653333333333,0</coordinates>
        </Point>
      </Placemark>
    
      <Placemark>
        <name>Gold Panner</name>
        <description>
          <![CDATA[
            
            Credit: <a href="mailto:hirning@shaw.ca">Lorraine Hirning</a>
          ]]>
        </description>
        <ExtendedData>
          <Data name="gx_media_links">
            <value>https://roadsideattractions.ca/images/fsjpanner.jpg</value>
          </Data>
        </ExtendedData>
        <Point>
          <coordinates>54.439416666666666,-124.25181666666667,0</coordinates>
        </Point>
      </Placemark>
    
      <Placemark>
        <name>Junkers W34 Float Plane</name>
        <description>
          <![CDATA[
            
            Credit: <a href="mailto:gfoxedm@telusplanet.net">Gerry Fox</a>
          ]]>
        </description>
        <ExtendedData>
          <Data name="gx_media_links">
            <value>https://roadsideattractions.ca/images/fsjplane.jpg</value>
          </Data>
        </ExtendedData>
        <Point>
          <coordinates>54.448033333333335,-124.26533333333333,0</coordinates>
        </Point>
      </Placemark>
    
      <Placemark>
        <name>Alaska Hi-Way Truck In The Sky</name>
        <description>
          <![CDATA[
            
            Credit: <a href="mailto:rdonnan49@sasktel.net">Richard Donnan</a>
          ]]>
        </description>
        <ExtendedData>
          <Data name="gx_media_links">
            <value>https://roadsideattractions.ca/images/fsjtruck.jpg</value>
          </Data>
        </ExtendedData>
        <Point>
          <coordinates>56.2497,-120.88571666666667,0</coordinates>
        </Point>
      </Placemark>
    
      <Placemark>
        <name>Buffalo</name>
        <description>
          <![CDATA[
            These buffalo grace the entrance to Syncrude's operations.
            Credit: <a href="mailto:hirning@shaw.ca">Lorraine Hirning</a>
          ]]>
        </description>
        <ExtendedData>
          <Data name="gx_media_links">
            <value>https://roadsideattractions.ca/images/ftmc.jpg</value>
          </Data>
        </ExtendedData>
        <Point>
          <coordinates>56.988883333333334,-111.56208333333333,0</coordinates>
        </Point>
      </Placemark>
    
      <Placemark>
        <name>Bear Sign</name>
        <description>
          <![CDATA[
            
            Credit: Linda Wallace of Fort Nelson and Northern Rockies Regional District
          ]]>
        </description>
        <ExtendedData>
          <Data name="gx_media_links">
            <value>https://roadsideattractions.ca/images/ftnelson.jpg</value>
          </Data>
        </ExtendedData>
        <Point>
          <coordinates>58.80206666666667,-122.67695,0</coordinates>
        </Point>
      </Placemark>
    
      <Placemark>
        <name>Gainer The Gopher</name>
        <description>
          <![CDATA[
            
            Credit: <a href="mailto:rdonnan49@sasktel.net">Richard Donnan</a>
          ]]>
        </description>
        <ExtendedData>
          <Data name="gx_media_links">
            <value>https://roadsideattractions.ca/images/gainer.jpg</value>
          </Data>
        </ExtendedData>
        <Point>
          <coordinates>50.0173,-105.05535,0</coordinates>
        </Point>
      </Placemark>
    
      <Placemark>
        <name>Mosquito</name>
        <description>
          <![CDATA[
            ~ 5 km south on H861.
            Credit: <a href="mailto:dalyn2@shaw.ca">Dale
Redekopp</a>
          ]]>
        </description>
        <ExtendedData>
          <Data name="gx_media_links">
            <value>https://roadsideattractions.ca/images/galahad.jpg</value>
          </Data>
        </ExtendedData>
        <Point>
          <coordinates>52.462383333333335,-111.9239,0</coordinates>
        </Point>
      </Placemark>
    
      <Placemark>
        <name>Giant Muskie</name>
        <description>
          <![CDATA[
            
            Credit: <a href="mailto:lynnebridgewater@sympatico.ca">Lynne Bridgewater</a>
          ]]>
        </description>
        <ExtendedData>
          <Data name="gx_media_links">
            <value>https://roadsideattractions.ca/images/gananoque.jpg</value>
          </Data>
        </ExtendedData>
        <Point>
          <coordinates>44.33873333333333,-76.14528333333334,0</coordinates>
        </Point>
      </Placemark>
    
      <Placemark>
        <name>Gander</name>
        <description>
          <![CDATA[
            1382 highway 7
            Credit: <a href="mailto:bowser@iaw.on.ca">James Bowser</a>
          ]]>
        </description>
        <ExtendedData>
          <Data name="gx_media_links">
            <value>https://roadsideattractions.ca/images/gander.jpg</value>
          </Data>
        </ExtendedData>
        <Point>
          <coordinates>44.31138333333333,-78.22443333333334,0</coordinates>
        </Point>
      </Placemark>
    
      <Placemark>
        <name>Gang Saw</name>
        <description>
          <![CDATA[
            
            Credit: <a href="mailto:hirning@shaw.ca">Lorraine Hirning</a>
          ]]>
        </description>
        <ExtendedData>
          <Data name="gx_media_links">
            <value>https://roadsideattractions.ca/images/gangsaw.jpg</value>
          </Data>
        </ExtendedData>
        <Point>
          <coordinates>51.64183333333333,-121.29876666666667,0</coordinates>
        </Point>
      </Placemark>
    
      <Placemark>
        <name>Imperial Leduc #1 Oil Derrick</name>
        <description>
          <![CDATA[
            
            Credit: <a href="mailto:dalyn2@shaw.ca">Dale
Redekopp</a>
          ]]>
        </description>
        <ExtendedData>
          <Data name="gx_media_links">
            <value>https://roadsideattractions.ca/images/gateway.jpg</value>
          </Data>
        </ExtendedData>
        <Point>
          <coordinates>53.41595,-113.49528333333333,0</coordinates>
        </Point>
      </Placemark>
    
      <Placemark>
        <name>Wind Gauge</name>
        <description>
          <![CDATA[
            
            Credit: <a href="MAILTO:toaster@theboss.net">Jim Todd</a>
          ]]>
        </description>
        <ExtendedData>
          <Data name="gx_media_links">
            <value>https://roadsideattractions.ca/images/gauge.jpg</value>
          </Data>
        </ExtendedData>
        <Point>
          <coordinates>49.669133333333335,-112.80011666666667,0</coordinates>
        </Point>
      </Placemark>
    
      <Placemark>
        <name>Boat And Lighthouse</name>
        <description>
          <![CDATA[
            
            Credit:  <a href="http://www.mvermeulen.com/canada/">Edward
Mugford</a>
          ]]>
        </description>
        <ExtendedData>
          <Data name="gx_media_links">
            <value>https://roadsideattractions.ca/images/gbboat.jpg</value>
          </Data>
        </ExtendedData>
        <Point>
          <coordinates>47.090916666666665,-55.7227,0</coordinates>
        </Point>
      </Placemark>
    
      <Placemark>
        <name>Miners Memorial</name>
        <description>
          <![CDATA[
            
            Credit: <a href="mailto:rdonnan49@sasktel.net">Richard Donnan</a>
          ]]>
        </description>
        <ExtendedData>
          <Data name="gx_media_links">
            <value>https://roadsideattractions.ca/images/gcmm.jpg</value>
          </Data>
        </ExtendedData>
        <Point>
          <coordinates>53.887883333333335,-119.1168,0</coordinates>
        </Point>
      </Placemark>
    
      <Placemark>
        <name>Southern Newfoundland Seaman's Museum Mural</name>
        <description>
          <![CDATA[
            
            Credit: <a href="http://www.mvermeulen.com/canada/">Edward
Mugford</a>
          ]]>
        </description>
        <ExtendedData>
          <Data name="gx_media_links">
            <value>https://roadsideattractions.ca/images/gbmural.jpg</value>
          </Data>
        </ExtendedData>
        <Point>
          <coordinates>47.0954,-55.743516666666665,0</coordinates>
        </Point>
      </Placemark>
    
      <Placemark>
        <name>Geant Antique Man</name>
        <description>
          <![CDATA[
            
            Credit: Maxime Belair of <a href="http://www.legeantantique.com/">Le Geant Antique</a>
          ]]>
        </description>
        <ExtendedData>
          <Data name="gx_media_links">
            <value>https://roadsideattractions.ca/images/geant.jpg</value>
          </Data>
        </ExtendedData>
        <Point>
          <coordinates>45.229733333333336,-73.22941666666667,0</coordinates>
        </Point>
      </Placemark>
    
      <Placemark>
        <name>Grain Elevator Tourist Centre</name>
        <description>
          <![CDATA[
            
            Credit: Suzanne Hawkshaw of the <a href="http://www.grenfell.ca/">Town of Grenfell</a>
          ]]>
        </description>
        <ExtendedData>
          <Data name="gx_media_links">
            <value>https://roadsideattractions.ca/images/gelevator.jpg</value>
          </Data>
        </ExtendedData>
        <Point>
          <coordinates>50.405566666666665,-102.93086666666666,0</coordinates>
        </Point>
      </Placemark>
    
      <Placemark>
        <name>Miniature Grain Elevators</name>
        <description>
          <![CDATA[
            
            Credit: <a href="mailto:eric@ewmanchester.com">Eric Manchester</a>
          ]]>
        </description>
        <ExtendedData>
          <Data name="gx_media_links">
            <value>https://roadsideattractions.ca/images/gelevators.jpg</value>
          </Data>
        </ExtendedData>
        <Point>
          <coordinates>50.405516666666664,-102.93113333333334,0</coordinates>
        </Point>
      </Placemark>
    
      <Placemark>
        <name>Wire Float Plane</name>
        <description>
          <![CDATA[
            
            Credit: <a href="mailto:jan_mahaney@hotmail.com">Jan Mahaney</a>
          ]]>
        </description>
        <ExtendedData>
          <Data name="gx_media_links">
            <value>https://roadsideattractions.ca/images/gfloatplane.jpg</value>
          </Data>
        </ExtendedData>
        <Point>
          <coordinates>48.9579,-54.613616666666665,0</coordinates>
        </Point>
      </Placemark>
    
      <Placemark>
        <name>Wire Helicopter</name>
        <description>
          <![CDATA[
            
            Credit: <a href="http://www.campscout.com/">CampScout.com</a>
          ]]>
        </description>
        <ExtendedData>
          <Data name="gx_media_links">
            <value>https://roadsideattractions.ca/images/ghelicopter.jpg</value>
          </Data>
        </ExtendedData>
        <Point>
          <coordinates>48.983916666666666,-54.60596666666667,0</coordinates>
        </Point>
      </Placemark>
    
      <Placemark>
        <name>Large Chair</name>
        <description>
          <![CDATA[
            
            Credit: <a href="mailto:hirning@shaw.ca">Lorraine Hirning</a>
          ]]>
        </description>
        <ExtendedData>
          <Data name="gx_media_links">
            <value>https://roadsideattractions.ca/images/ghostlake.jpg</value>
          </Data>
        </ExtendedData>
        <Point>
          <coordinates>54.89321666666667,-113.60101666666667,0</coordinates>
        </Point>
      </Placemark>
    
      <Placemark>
        <name>Edouard Beaupre - The Willow Bunch Giant</name>
        <description>
          <![CDATA[
            
            Credit: Celeste Sabourin of <a href="http://www.willowbunch.ca/museum/">Willow 
  Bunch Museum </a>
          ]]>
        </description>
        <ExtendedData>
          <Data name="gx_media_links">
            <value>https://roadsideattractions.ca/images/giant.jpg</value>
          </Data>
        </ExtendedData>
        <Point>
          <coordinates>49.389466666666664,-105.63633333333334,0</coordinates>
        </Point>
      </Placemark>
    
      <Placemark>
        <name>Giant Bottle</name>
        <description>
          <![CDATA[
            At the Bottle Houses.
            Credit: <a href="mailto:grb@brunnet.net">Gary Boole</a>
          ]]>
        </description>
        <ExtendedData>
          <Data name="gx_media_links">
            <value>https://roadsideattractions.ca/images/giantbottle.jpg</value>
          </Data>
        </ExtendedData>
        <Point>
          <coordinates>46.40225,-64.10146666666667,0</coordinates>
        </Point>
      </Placemark>
    
      <Placemark>
        <name>Giant Hand</name>
        <description>
          <![CDATA[
            
            Credit: <a href="mailto:rdonnan49@sasktel.net">Richard Donnan</a>
          ]]>
        </description>
        <ExtendedData>
          <Data name="gx_media_links">
            <value>https://roadsideattractions.ca/images/gianthand.jpg</value>
          </Data>
        </ExtendedData>
        <Point>
          <coordinates>52.135616666666664,-106.63903333333333,0</coordinates>
        </Point>
      </Placemark>
    
      <Placemark>
        <name>Gilbert The Golfer</name>
        <description>
          <![CDATA[
            
            Credit: <a href="mailto:gfoxedm@telusplanet.net">Gerry Fox</a>
          ]]>
        </description>
        <ExtendedData>
          <Data name="gx_media_links">
            <value>https://roadsideattractions.ca/images/gilbert.jpg</value>
          </Data>
        </ExtendedData>
        <Point>
          <coordinates>51.14726666666667,-100.48788333333333,0</coordinates>
        </Point>
      </Placemark>
    
      <Placemark>
        <name>Inuksuk</name>
        <description>
          <![CDATA[
            ~ 4 km east on Hwy 1.
            Credit: <a href="mailto:cymagic@shaw.ca">Chris Yuill</a>
          ]]>
        </description>
        <ExtendedData>
          <Data name="gx_media_links">
            <value>https://roadsideattractions.ca/images/ginukshuk.jpg</value>
          </Data>
        </ExtendedData>
        <Point>
          <coordinates>51.30486666666667,-116.89158333333333,0</coordinates>
        </Point>
      </Placemark>
    
      <Placemark>
        <name>Buffalo And Cart</name>
        <description>
          <![CDATA[
            
            Credit: <a HREF="MAILTO:rtubbs@state.nd.us">Robert Tubbs</a>
          ]]>
        </description>
        <ExtendedData>
          <Data name="gx_media_links">
            <value>https://roadsideattractions.ca/images/girvin.jpg</value>
          </Data>
        </ExtendedData>
        <Point>
          <coordinates>51.16218333333333,-105.91405,0</coordinates>
        </Point>
      </Placemark>
    
      <Placemark>
        <name>Giraffe</name>
        <description>
          <![CDATA[
            326 St. Paul Street West
            Credit: <a href="mailto:bowser@iaw.on.ca">James Bowser</a>
          ]]>
        </description>
        <ExtendedData>
          <Data name="gx_media_links">
            <value>https://roadsideattractions.ca/images/giraffe.jpg</value>
          </Data>
        </ExtendedData>
        <Point>
          <coordinates>43.143283333333336,-79.2703,0</coordinates>
        </Point>
      </Placemark>
    
      <Placemark>
        <name>Buffalo</name>
        <description>
          <![CDATA[
            
            Credit: <a href="mailto:rdonnan49@sasktel.net">Richard Donnan</a>
          ]]>
        </description>
        <ExtendedData>
          <Data name="gx_media_links">
            <value>https://roadsideattractions.ca/images/gleichen.jpg</value>
          </Data>
        </ExtendedData>
        <Point>
          <coordinates>50.86938333333333,-113.05198333333334,0</coordinates>
        </Point>
      </Placemark>
    
      <Placemark>
        <name>Grizzly Bear</name>
        <description>
          <![CDATA[
            
            Credit: <a href="mailto:rdonnan49@sasktel.net">Richard Donnan</a>
          ]]>
        </description>
        <ExtendedData>
          <Data name="gx_media_links">
            <value>https://roadsideattractions.ca/images/gjasper.jpg</value>
          </Data>
        </ExtendedData>
        <Point>
          <coordinates>52.878883333333334,-118.0795,0</coordinates>
        </Point>
      </Placemark>
    
      <Placemark>
        <name>Lighthouse</name>
        <description>
          <![CDATA[
            
            Credit: <a href="mailto:rdonnan49@sasktel.net">Richard Donnan</a>
          ]]>
        </description>
        <ExtendedData>
          <Data name="gx_media_links">
            <value>https://roadsideattractions.ca/images/glighthouse.jpg</value>
          </Data>
        </ExtendedData>
        <Point>
          <coordinates>50.61631666666667,-96.99458333333334,0</coordinates>
        </Point>
      </Placemark>
    
      <Placemark>
        <name>Globe</name>
        <description>
          <![CDATA[
            
            Credit: <a href="mailto:bowser@iaw.on.ca">James Bowser</a>
          ]]>
        </description>
        <ExtendedData>
          <Data name="gx_media_links">
            <value>https://roadsideattractions.ca/images/globe.jpg</value>
          </Data>
        </ExtendedData>
        <Point>
          <coordinates>42.903016666666666,-79.2545,0</coordinates>
        </Point>
      </Placemark>
    
      <Placemark>
        <name>Calgary Flames Goalie Mask</name>
        <description>
          <![CDATA[
            
            Credit: <a href="mailto:mlswitzer@shaw.ca">Mona Switzer</a>
          ]]>
        </description>
        <ExtendedData>
          <Data name="gx_media_links">
            <value>https://roadsideattractions.ca/images/goaliemask.jpg</value>
          </Data>
        </ExtendedData>
        <Point>
          <coordinates>51.038,-114.0515,0</coordinates>
        </Point>
      </Placemark>
    
      <Placemark>
        <name>Dave's Goat Walk</name>
        <description>
          <![CDATA[
            
            Credit: <a href="mailto:busjardine@hotmail.com">Lorne Jardine</a>
          ]]>
        </description>
        <ExtendedData>
          <Data name="gx_media_links">
            <value>https://roadsideattractions.ca/images/goatwalk.jpg</value>
          </Data>
        </ExtendedData>
        <Point>
          <coordinates>50.48871666666667,-119.13748333333334,0</coordinates>
        </Point>
      </Placemark>
    
      <Placemark>
        <name>Paint Can</name>
        <description>
          <![CDATA[
            
            Credit: <a href="mailto:cesawatzky@rivernet.net">Charlie Sawatzky</a>
          ]]>
        </description>
        <ExtendedData>
          <Data name="gx_media_links">
            <value>https://roadsideattractions.ca/images/goderich.jpg</value>
          </Data>
        </ExtendedData>
        <Point>
          <coordinates>43.7413,-81.70753333333333,0</coordinates>
        </Point>
      </Placemark>
    
      <Placemark>
        <name>Gold Coin</name>
        <description>
          <![CDATA[
            
            Credit: Town of Virginiatown
          ]]>
        </description>
        <ExtendedData>
          <Data name="gx_media_links">
            <value>https://roadsideattractions.ca/images/goldcoin.jpg</value>
          </Data>
        </ExtendedData>
        <Point>
          <coordinates>48.134566666666665,-79.58716666666666,0</coordinates>
        </Point>
      </Placemark>
    
      <Placemark>
        <name>Grizzly Bears</name>
        <description>
          <![CDATA[
            
            Credit: <a href="mailto:wenjen@sasktel.net">Wendalynn Donnan</a>
          ]]>
        </description>
        <ExtendedData>
          <Data name="gx_media_links">
            <value>https://roadsideattractions.ca/images/golden.jpg</value>
          </Data>
        </ExtendedData>
        <Point>
          <coordinates>51.31738333333333,-116.97435,0</coordinates>
        </Point>
      </Placemark>
    
      <Placemark>
        <name>World's Largest Gold Pan</name>
        <description>
          <![CDATA[
            
            Credit: <a href="mailto:hirning@shaw.ca">Lorraine Hirning</a> and Sally
          ]]>
        </description>
        <ExtendedData>
          <Data name="gx_media_links">
            <value>https://roadsideattractions.ca/images/goldpan.jpg</value>
          </Data>
        </ExtendedData>
        <Point>
          <coordinates>53.01421666666667,-122.49553333333333,0</coordinates>
        </Point>
      </Placemark>
    
      <Placemark>
        <name>Blossoming Boot</name>
        <description>
          <![CDATA[
            
            Credit: Lee Yatemen of <a href="http://gogetlee.com/">Gold River Carvings by Lee</a>
          ]]>
        </description>
        <ExtendedData>
          <Data name="gx_media_links">
            <value>https://roadsideattractions.ca/images/goldriver.jpg</value>
          </Data>
        </ExtendedData>
        <Point>
          <coordinates>49.78223333333333,-126.04616666666666,0</coordinates>
        </Point>
      </Placemark>
    
      <Placemark>
        <name>World's Largest Golf Bag</name>
        <description>
          <![CDATA[
            Lynbrook Family Golf Centre - 285316 County Rd 10, Laurel, Amaranth.
            Credit: Original - David Waters of <a
 href="http://dufferincountyrealestateguide.wordpress.com/author/dwaters26/">365 Things to do in Orangeville, Ontario</a>. New pics after 2016 re-painting - <a href="mailto:kbailey1616@gmail.com">Kim Bailey of the Lynnbrook Family Golf Centre</a>
          ]]>
        </description>
        <ExtendedData>
          <Data name="gx_media_links">
            <value>https://roadsideattractions.ca/images/golfbag.jpg</value>
          </Data>
        </ExtendedData>
        <Point>
          <coordinates>43.959966666666666,-80.17131666666667,0</coordinates>
        </Point>
      </Placemark>
    
      <Placemark>
        <name>Golf Ball</name>
        <description>
          <![CDATA[
            
            Credit: <a href="mailto:twyla_333@yahoo.com">Twyla LeClerc</a>
          ]]>
        </description>
        <ExtendedData>
          <Data name="gx_media_links">
            <value>https://roadsideattractions.ca/images/golfball.jpg</value>
          </Data>
        </ExtendedData>
        <Point>
          <coordinates>56.160516666666666,-120.68496666666667,0</coordinates>
        </Point>
      </Placemark>
    
      <Placemark>
        <name>Moose</name>
        <description>
          <![CDATA[
            
            Credit: <a href="http://www.mvermeulen.com/canada/">Mike's Bicycle Across Canada</a>
          ]]>
        </description>
        <ExtendedData>
          <Data name="gx_media_links">
            <value>https://roadsideattractions.ca/images/goobies.jpg</value>
          </Data>
        </ExtendedData>
        <Point>
          <coordinates>47.94635,-53.95086666666667,0</coordinates>
        </Point>
      </Placemark>
    
      <Placemark>
        <name>Goodsoil Gus The Lumberjack</name>
        <description>
          <![CDATA[
            
            Credit: DNI Web Design
          ]]>
        </description>
        <ExtendedData>
          <Data name="gx_media_links">
            <value>https://roadsideattractions.ca/images/goodsoil.jpg</value>
          </Data>
        </ExtendedData>
        <Point>
          <coordinates>54.400166666666664,-109.22793333333334,0</coordinates>
        </Point>
      </Placemark>
    
      <Placemark>
        <name>Canada Goose</name>
        <description>
          <![CDATA[
            
            Credit: Ed Solonyka
          ]]>
        </description>
        <ExtendedData>
          <Data name="gx_media_links">
            <value>https://roadsideattractions.ca/images/goose.jpg</value>
          </Data>
        </ExtendedData>
        <Point>
          <coordinates>47.97355,-84.78296666666667,0</coordinates>
        </Point>
      </Placemark>
    
      <Placemark>
        <name>Gopher</name>
        <description>
          <![CDATA[
            
            Credit: <a href="mailto:gfoxedm@telusplanet.net">Gerry Fox</a>
          ]]>
        </description>
        <ExtendedData>
          <Data name="gx_media_links">
            <value>https://roadsideattractions.ca/images/gopher.jpg</value>
          </Data>
        </ExtendedData>
        <Point>
          <coordinates>51.1539,-108.75348333333334,0</coordinates>
        </Point>
      </Placemark>
    
      <Placemark>
        <name>Gorilla</name>
        <description>
          <![CDATA[
            
            Credit: <a href="mailto:rdonnan49@sasktel.net">Richard Donnan</a>
          ]]>
        </description>
        <ExtendedData>
          <Data name="gx_media_links">
            <value>https://roadsideattractions.ca/images/gorilla.jpg</value>
          </Data>
        </ExtendedData>
        <Point>
          <coordinates>52.227666666666664,-106.65395,0</coordinates>
        </Point>
      </Placemark>
    
      <Placemark>
        <name>Bull</name>
        <description>
          <![CDATA[
            5 km west on Hwy 5.
            Credit: Barry Pomeray of <a href="http://jackovacs.0catch.com/big_things/">Big Things Across Canada</a>
          ]]>
        </description>
        <ExtendedData>
          <Data name="gx_media_links">
            <value>https://roadsideattractions.ca/images/gpbull.jpg</value>
          </Data>
        </ExtendedData>
        <Point>
          <coordinates>51.14775,-100.55481666666667,0</coordinates>
        </Point>
      </Placemark>
    
      <Placemark>
        <name>Massey 21 Combine</name>
        <description>
          <![CDATA[
            
            Credit: <a href="mailto:rch31739@mts.net">Bob Hill</a>
          ]]>
        </description>
        <ExtendedData>
          <Data name="gx_media_links">
            <value>https://roadsideattractions.ca/images/gpcombine.jpg</value>
          </Data>
        </ExtendedData>
        <Point>
          <coordinates>55.22808333333333,-118.69216666666667,0</coordinates>
        </Point>
      </Placemark>
    
      <Placemark>
        <name>Purple Martin Colony</name>
        <description>
          <![CDATA[
            
            Credit: <a href="mailto:rdonnan49@sasktel.net">Richard Donnan</a>
          ]]>
        </description>
        <ExtendedData>
          <Data name="gx_media_links">
            <value>https://roadsideattractions.ca/images/gpmc.jpg</value>
          </Data>
        </ExtendedData>
        <Point>
          <coordinates>50.6319,-96.98461666666667,0</coordinates>
        </Point>
      </Placemark>
    
      <Placemark>
        <name>Spirit Bear</name>
        <description>
          <![CDATA[
            
            Credit: <a href="mailto:rdonnan49@sasktel.net">Richard Donnan</a>
          ]]>
        </description>
        <ExtendedData>
          <Data name="gx_media_links">
            <value>https://roadsideattractions.ca/images/gpsb.jpg</value>
          </Data>
        </ExtendedData>
        <Point>
          <coordinates>55.17543333333333,-118.81928333333333,0</coordinates>
        </Point>
      </Placemark>
    
      <Placemark>
        <name>Sweet Grass Bear</name>
        <description>
          <![CDATA[
            
            Credit: <a href="mailto:rdonnan49@sasktel.net">Richard Donnan</a>
          ]]>
        </description>
        <ExtendedData>
          <Data name="gx_media_links">
            <value>https://roadsideattractions.ca/images/gpsgb.jpg</value>
          </Data>
        </ExtendedData>
        <Point>
          <coordinates>55.175466666666665,-118.81936666666667,0</coordinates>
        </Point>
      </Placemark>
    
      <Placemark>
        <name>Sundial</name>
        <description>
          <![CDATA[
            
            Credit: Emilia Browne of the <a href="http://www.northernvisitor.com/">Grande Prairie Regional Tourism Association</a>. Photo: Klaus Peters
          ]]>
        </description>
        <ExtendedData>
          <Data name="gx_media_links">
            <value>https://roadsideattractions.ca/images/gpsundial.jpg</value>
          </Data>
        </ExtendedData>
        <Point>
          <coordinates>55.18286666666667,-118.81741666666667,0</coordinates>
        </Point>
      </Placemark>
    
      <Placemark>
        <name>Horse Drawn Grader</name>
        <description>
          <![CDATA[
            
            Credit: <a href="mailto:nomad1@nbnet.nb.ca">Victor</a>
          ]]>
        </description>
        <ExtendedData>
          <Data name="gx_media_links">
            <value>https://roadsideattractions.ca/images/grader.jpg</value>
          </Data>
        </ExtendedData>
        <Point>
          <coordinates>46.4684,-66.39745,0</coordinates>
        </Point>
      </Placemark>
    
      <Placemark>
        <name>Salmon</name>
        <description>
          <![CDATA[
            
            Credit: <a href="http://www.gbkphoto.com/">Gerald Kornelsen</a>
          ]]>
        </description>
        <ExtendedData>
          <Data name="gx_media_links">
            <value>https://roadsideattractions.ca/images/grandfalls.jpg</value>
          </Data>
        </ExtendedData>
        <Point>
          <coordinates>48.97541666666667,-55.5689,0</coordinates>
        </Point>
      </Placemark>
    
      <Placemark>
        <name>Train</name>
        <description>
          <![CDATA[
            
            Credit: <a href="mailto:rdonnan49@sasktel.net">Richard Donnan</a>
          ]]>
        </description>
        <ExtendedData>
          <Data name="gx_media_links">
            <value>https://roadsideattractions.ca/images/grandview.jpg</value>
          </Data>
        </ExtendedData>
        <Point>
          <coordinates>51.17111666666667,-100.704,0</coordinates>
        </Point>
      </Placemark>
    
      <Placemark>
        <name>Tire Man</name>
        <description>
          <![CDATA[
            
            Credit: <a href="mailto:hirning@shaw.ca">Lorraine Hirning</a>
          ]]>
        </description>
        <ExtendedData>
          <Data name="gx_media_links">
            <value>https://roadsideattractions.ca/images/grassland.jpg</value>
          </Data>
        </ExtendedData>
        <Point>
          <coordinates>54.820116666666664,-112.6966,0</coordinates>
        </Point>
      </Placemark>
    
      <Placemark>
        <name>Bear And Fish Fountain</name>
        <description>
          <![CDATA[
            
            Credit: <a HREF="MAILTO:fjschulz@encode.com">Fred Schulz
</a>
          ]]>
        </description>
        <ExtendedData>
          <Data name="gx_media_links">
            <value>https://roadsideattractions.ca/images/gravenhurst.jpg</value>
          </Data>
        </ExtendedData>
        <Point>
          <coordinates>44.909,-79.36773333333333,0</coordinates>
        </Point>
      </Placemark>
    
      <Placemark>
        <name>Giant G</name>
        <description>
          <![CDATA[
            
            Credit: <a href="mailto:ajimreid@shaw.ca">James Reid</font></a>
          ]]>
        </description>
        <ExtendedData>
          <Data name="gx_media_links">
            <value>https://roadsideattractions.ca/images/grayson.jpg</value>
          </Data>
        </ExtendedData>
        <Point>
          <coordinates>50.71675,-102.63623333333334,0</coordinates>
        </Point>
      </Placemark>
    
      <Placemark>
        <name>Strawberry Man</name>
        <description>
          <![CDATA[
            ~ 5 km east on Hwy 4.
            Credit: <a href="mailto:andrew.meredith84@gmail.com">Andrew Meredith</a>
          ]]>
        </description>
        <ExtendedData>
          <Data name="gx_media_links">
            <value>https://roadsideattractions.ca/images/greatvillage.jpg</value>
          </Data>
        </ExtendedData>
        <Point>
          <coordinates>45.40363333333333,-63.5518,0</coordinates>
        </Point>
      </Placemark>
    
      <Placemark>
        <name>1956 Meteor Weather Vane</name>
        <description>
          <![CDATA[
            4 km west on Hwy. 245.
            Credit: <a href="mailto:rch31739@mts.net">Bob Hill</a> and <a href="mailto:antoine-1er@hotmail.com">Antoine Thibault</a>
          ]]>
        </description>
        <ExtendedData>
          <Data name="gx_media_links">
            <value>https://roadsideattractions.ca/images/graysville.jpg</value>
          </Data>
        </ExtendedData>
        <Point>
          <coordinates>49.50695,-98.20661666666666,0</coordinates>
        </Point>
      </Placemark>
    
      <Placemark>
        <name>Phoenix</name>
        <description>
          <![CDATA[
            
            Credit: <a href="mailto:patriciahrock@hotmail.com">Patricia Rock</a>
          ]]>
        </description>
        <ExtendedData>
          <Data name="gx_media_links">
            <value>https://roadsideattractions.ca/images/greenwood.jpg</value>
          </Data>
        </ExtendedData>
        <Point>
          <coordinates>49.0905,-118.6769,0</coordinates>
        </Point>
      </Placemark>
    
      <Placemark>
        <name>Great Wise Owl</name>
        <description>
          <![CDATA[
            
            Credit: <a href="mailto:rdonnan49@sasktel.net">Richard Donnan</a>
          ]]>
        </description>
        <ExtendedData>
          <Data name="gx_media_links">
            <value>https://roadsideattractions.ca/images/greatwiseowl.jpg</value>
          </Data>
        </ExtendedData>
        <Point>
          <coordinates>49.8873,-97.13081666666666,0</coordinates>
        </Point>
      </Placemark>
    
      <Placemark>
        <name>Grey Owl</name>
        <description>
          <![CDATA[
            
            Credit: Original - <a href="mailto:KKilbrei@fva.gov.mb.ca">Kevin Kilbrei</a> and <a href="mailto:mitchowl@mts.net">Bryan 
    Mitchell</a>. Update - <a href="mailto:llankinen@hotmail.com">Laura</a>.
          ]]>
        </description>
        <ExtendedData>
          <Data name="gx_media_links">
            <value>https://roadsideattractions.ca/images/greyowl.jpg</value>
          </Data>
        </ExtendedData>
        <Point>
          <coordinates>49.95348333333333,-98.31678333333333,0</coordinates>
        </Point>
      </Placemark>
    
      <Placemark>
        <name>Grinding Stone</name>
        <description>
          <![CDATA[
            
            Credit: <a href="mailto:hirning@shaw.ca">Lorraine Hirning</a>
          ]]>
        </description>
        <ExtendedData>
          <Data name="gx_media_links">
            <value>https://roadsideattractions.ca/images/grindingstone.jpg</value>
          </Data>
        </ExtendedData>
        <Point>
          <coordinates>54.40031666666667,-126.64915,0</coordinates>
        </Point>
      </Placemark>
    
      <Placemark>
        <name>Plains Grizzly Bear</name>
        <description>
          <![CDATA[
            
            Credit: Crystal Craig of <a href="http://www.ancientechoes.ca/">Ancient 
  Echoes of Interpretive Centre</a>
          ]]>
        </description>
        <ExtendedData>
          <Data name="gx_media_links">
            <value>https://roadsideattractions.ca/images/grizzly.jpg</value>
          </Data>
        </ExtendedData>
        <Point>
          <coordinates>51.635416666666664,-108.35973333333334,0</coordinates>
        </Point>
      </Placemark>
    
      <Placemark>
        <name>Inuksuk</name>
        <description>
          <![CDATA[
            ~4 km SW on Hwy 97A.
            Credit: <a href="mailto:hirning@shaw.ca">Lorraine Hirning</a>
          ]]>
        </description>
        <ExtendedData>
          <Data name="gx_media_links">
            <value>https://roadsideattractions.ca/images/grindrod.jpg</value>
          </Data>
        </ExtendedData>
        <Point>
          <coordinates>50.61363333333333,-119.14485,0</coordinates>
        </Point>
      </Placemark>
    
      <Placemark>
        <name>Giant Grocery Cart</name>
        <description>
          <![CDATA[
            
            Credit: David Waters of <a href="http://dufferincountyrealestateguide.wordpress.com/author/dwaters26/">365
Things to do in Orangeville, Ontario</a>
          ]]>
        </description>
        <ExtendedData>
          <Data name="gx_media_links">
            <value>https://roadsideattractions.ca/images/grocerycart.jpg</value>
          </Data>
        </ExtendedData>
        <Point>
          <coordinates>43.95225,-80.20995,0</coordinates>
        </Point>
      </Placemark>
    
      <Placemark>
        <name>Globe</name>
        <description>
          <![CDATA[
            
            Credit: Kenton Letkeman
          ]]>
        </description>
        <ExtendedData>
          <Data name="gx_media_links">
            <value>https://roadsideattractions.ca/images/gronlid.jpg</value>
          </Data>
        </ExtendedData>
        <Point>
          <coordinates>53.10061666666667,-104.46501666666667,0</coordinates>
        </Point>
      </Placemark>
    
      <Placemark>
        <name>Grounded Trucks</name>
        <description>
          <![CDATA[
            SE on Hwy. 12.
            Credit: <a href="mailto:wenjen@sasktel.net">Wendalynn Jensen Donnan</a>
          ]]>
        </description>
        <ExtendedData>
          <Data name="gx_media_links">
            <value>https://roadsideattractions.ca/images/groundedtrucks.jpg</value>
          </Data>
        </ExtendedData>
        <Point>
          <coordinates>52.63173333333334,-106.80641666666666,0</coordinates>
        </Point>
      </Placemark>
    
      <Placemark>
        <name>Sharptail Grouse</name>
        <description>
          <![CDATA[
            
            Credit: Ken Peterson
          ]]>
        </description>
        <ExtendedData>
          <Data name="gx_media_links">
            <value>https://roadsideattractions.ca/images/grouse.jpg</value>
          </Data>
        </ExtendedData>
        <Point>
          <coordinates>51.18476666666667,-98.35096666666666,0</coordinates>
        </Point>
      </Placemark>
    
      <Placemark>
        <name>Buffalo</name>
        <description>
          <![CDATA[
            
            Credit: <a href="mailto:rch31739@mts.net">Bob Hill</a>
          ]]>
        </description>
        <ExtendedData>
          <Data name="gx_media_links">
            <value>https://roadsideattractions.ca/images/grunthal.jpg</value>
          </Data>
        </ExtendedData>
        <Point>
          <coordinates>49.40956666666667,-96.8723,0</coordinates>
        </Point>
      </Placemark>
    
      <Placemark>
        <name>Bull</name>
        <description>
          <![CDATA[
            
            Credit: <a href="mailto:rdonnan49@sasktel.net">Richard Donnan</a>
          ]]>
        </description>
        <ExtendedData>
          <Data name="gx_media_links">
            <value>https://roadsideattractions.ca/images/grunthalb.jpg</value>
          </Data>
        </ExtendedData>
        <Point>
          <coordinates>49.39971666666667,-96.811,0</coordinates>
        </Point>
      </Placemark>
    
      <Placemark>
        <name>Guitar</name>
        <description>
          <![CDATA[
            
            Credit: <a href="mailto:lonecrow42@gmail.com">Scott McDonald</a>
          ]]>
        </description>
        <ExtendedData>
          <Data name="gx_media_links">
            <value>https://roadsideattractions.ca/images/guitarc.jpg</value>
          </Data>
        </ExtendedData>
        <Point>
          <coordinates>51.017266666666664,-114.06343333333334,0</coordinates>
        </Point>
      </Placemark>
    
      <Placemark>
        <name>Wind Guage</name>
        <description>
          <![CDATA[
            
            Credit: <A HREF="MAILTO:toaster@theboss.net">Jim Todd</A>
          ]]>
        </description>
        <ExtendedData>
          <Data name="gx_media_links">
            <value>https://roadsideattractions.ca/images/guage.jpg</value>
          </Data>
        </ExtendedData>
        <Point>
          <coordinates>49.669133333333335,-112.80011666666667,0</coordinates>
        </Point>
      </Placemark>
    
      <Placemark>
        <name>Guitar Pick</name>
        <description>
          <![CDATA[
            
            Credit: <a href="mailto:hirning@shaw.ca">Lorraine Hirning</a>
          ]]>
        </description>
        <ExtendedData>
          <Data name="gx_media_links">
            <value>https://roadsideattractions.ca/images/guitarpick.jpg</value>
          </Data>
        </ExtendedData>
        <Point>
          <coordinates>50.990183333333334,-114.0713,0</coordinates>
        </Point>
      </Placemark>
    
      <Placemark>
        <name>Wheat Stalks</name>
        <description>
          <![CDATA[
            
            Credit: <a href="mailto:wenjen@sasktel.net">Wendalynn Donnan</a>
          ]]>
        </description>
        <ExtendedData>
          <Data name="gx_media_links">
            <value>https://roadsideattractions.ca/images/gulllake.jpg</value>
          </Data>
        </ExtendedData>
        <Point>
          <coordinates>50.09866666666667,-108.4834,0</coordinates>
        </Point>
      </Placemark>
    
      <Placemark>
        <name>Canada Goose 3</name>
        <description>
          <![CDATA[
            Airport.
            Credit: <a href="mailto:lspicer@shaw.ca">Leigh Spicer</a>
          ]]>
        </description>
        <ExtendedData>
          <Data name="gx_media_links">
            <value>https://roadsideattractions.ca/images/hagoose.jpg</value>
          </Data>
        </ExtendedData>
        <Point>
          <coordinates>51.62956666666667,-111.90645,0</coordinates>
        </Point>
      </Placemark>
    
      <Placemark>
        <name>Muskoka Chair</name>
        <description>
          <![CDATA[
            
            Credit: <a href="mailto:tommy_gunn14@live.com">Tom
Gunchoski
</a> who also built it.
          ]]>
        </description>
        <ExtendedData>
          <Data name="gx_media_links">
            <value>https://roadsideattractions.ca/images/gunton.jpg</value>
          </Data>
        </ExtendedData>
        <Point>
          <coordinates>50.318783333333336,-97.26883333333333,0</coordinates>
        </Point>
      </Placemark>
    
      <Placemark>
        <name>Village Monument</name>
        <description>
          <![CDATA[
            
            Credit: Donna of the <A HREF="http://www.hainesjunctionyukon.com/Home.html">Village of Haines Junction</A>
          ]]>
        </description>
        <ExtendedData>
          <Data name="gx_media_links">
            <value>https://roadsideattractions.ca/images/haines.jpg</value>
          </Data>
        </ExtendedData>
        <Point>
          <coordinates>60.75275,-137.50983333333335,0</coordinates>
        </Point>
      </Placemark>
    
      <Placemark>
        <name>Haircut</name>
        <description>
          <![CDATA[
            
            Credit: <a href="mailto:rdonnan49@sasktel.net">Richard Donnan</a>
          ]]>
        </description>
        <ExtendedData>
          <Data name="gx_media_links">
            <value>https://roadsideattractions.ca/images/haircut.jpg</value>
          </Data>
        </ExtendedData>
        <Point>
          <coordinates>52.10483333333333,-106.60178333333333,0</coordinates>
        </Point>
      </Placemark>
    
      <Placemark>
        <name>Farmer On A Tractor</name>
        <description>
          <![CDATA[
            ~ 3 km SE on Hwy 29/45.
            Credit: <a href="mailto:dalyn2@shaw.ca">Dale
Redekopp</a>
          ]]>
        </description>
        <ExtendedData>
          <Data name="gx_media_links">
            <value>https://roadsideattractions.ca/images/hairyhill.jpg</value>
          </Data>
        </ExtendedData>
        <Point>
          <coordinates>53.773316666666666,-111.94653333333333,0</coordinates>
        </Point>
      </Placemark>
    
      <Placemark>
        <name>The Bell Measure</name>
        <description>
          <![CDATA[
            
            Credit: <a href="http://www.citywindsor.ca/residents/culture/windsor-sculpture-park/pages/windsor-sculpture-park.aspx">Windsor 
  Sculpture Park</a>
          ]]>
        </description>
        <ExtendedData>
          <Data name="gx_media_links">
            <value>https://roadsideattractions.ca/images/handbell.jpg</value>
          </Data>
        </ExtendedData>
        <Point>
          <coordinates>42.3112,-83.0677,0</coordinates>
        </Point>
      </Placemark>
    
      <Placemark>
        <name>Opera House Cairn</name>
        <description>
          <![CDATA[
            
            Credit: Toni Chasmar of the Wheatland Regional Library & Learn Centre - Hanley Branch
          ]]>
        </description>
        <ExtendedData>
          <Data name="gx_media_links">
            <value>https://roadsideattractions.ca/images/hanley.jpg</value>
          </Data>
        </ExtendedData>
        <Point>
          <coordinates>51.632,-106.42801666666666,0</coordinates>
        </Point>
      </Placemark>
    
      <Placemark>
        <name>The Great Sand Hills Hanging Cowboy Boots</name>
        <description>
          <![CDATA[
            32 km south.
            Credit: <a href="mailto:rdonnan49@sasktel.net">Richard Donnan</a>
          ]]>
        </description>
        <ExtendedData>
          <Data name="gx_media_links">
            <value>https://roadsideattractions.ca/images/hangingboots.jpg</value>
          </Data>
        </ExtendedData>
        <Point>
          <coordinates>50.71666666666667,-109.28343333333333,0</coordinates>
        </Point>
      </Placemark>
    
      <Placemark>
        <name>Big Cactus</name>
        <description>
          <![CDATA[
            
            Credit: <a HREF="http://www.swankola.com/">Mike Ewanus</a>
          ]]>
        </description>
        <ExtendedData>
          <Data name="gx_media_links">
            <value>https://roadsideattractions.ca/images/hanna.jpg</value>
          </Data>
        </ExtendedData>
        <Point>
          <coordinates>51.61935,-111.81136666666667,0</coordinates>
        </Point>
      </Placemark>
    
      <Placemark>
        <name>Happy Hans</name>
        <description>
          <![CDATA[
            111 Gerry Sorensen Way
            Credit: <a href="mailto:patriciahrock@hotmail.com">Patricia Rock</a>
          ]]>
        </description>
        <ExtendedData>
          <Data name="gx_media_links">
            <value>https://roadsideattractions.ca/images/happyhans.jpg</value>
          </Data>
        </ExtendedData>
        <Point>
          <coordinates>49.68808333333333,-115.98838333333333,0</coordinates>
        </Point>
      </Placemark>
    
      <Placemark>
        <name>Happy Rock</name>
        <description>
          <![CDATA[
            
            Credit: Ed Solonyka
          ]]>
        </description>
        <ExtendedData>
          <Data name="gx_media_links">
            <value>https://roadsideattractions.ca/images/happyrock.jpg</value>
          </Data>
        </ExtendedData>
        <Point>
          <coordinates>50.22011666666667,-98.95281666666666,0</coordinates>
        </Point>
      </Placemark>
    
      <Placemark>
        <name>Fiddle</name>
        <description>
          <![CDATA[
            
            Credit: <a href="mailto:eclement3@cogeco.ca">Ted Clement</a>
          ]]>
        </description>
        <ExtendedData>
          <Data name="gx_media_links">
            <value>https://roadsideattractions.ca/images/harvey.jpg</value>
          </Data>
        </ExtendedData>
        <Point>
          <coordinates>45.73095,-67.00215,0</coordinates>
        </Point>
      </Placemark>
    
      <Placemark>
        <name>Hats On Oil Tanks</name>
        <description>
          <![CDATA[
            
            Credit: <a href="mailto:ewmugford@hotmail.com">Edward Mugford </a>
          ]]>
        </description>
        <ExtendedData>
          <Data name="gx_media_links">
            <value>https://roadsideattractions.ca/images/hats.jpg</value>
          </Data>
        </ExtendedData>
        <Point>
          <coordinates>51.0982,-114.0027,0</coordinates>
        </Point>
      </Placemark>
    
      <Placemark>
        <name>World's Largest Endangered Ferrugious Hawk</name>
        <description>
          <![CDATA[
            
            Credit: <a href="mailto:rdonnan49@sasktel.net">Richard Donnan</a>
          ]]>
        </description>
        <ExtendedData>
          <Data name="gx_media_links">
            <value>https://roadsideattractions.ca/images/hawk.jpg</value>
          </Data>
        </ExtendedData>
        <Point>
          <coordinates>50.8863,-109.5363,0</coordinates>
        </Point>
      </Placemark>
    
      <Placemark>
        <name>Inuksuk</name>
        <description>
          <![CDATA[
            
            Credit: <a href="mailto:gfoxedm@telusplanet.net">Gerry Fox</a>
          ]]>
        </description>
        <ExtendedData>
          <Data name="gx_media_links">
            <value>https://roadsideattractions.ca/images/hayriver.jpg</value>
          </Data>
        </ExtendedData>
        <Point>
          <coordinates>60.81036666666667,-115.78855,0</coordinates>
        </Point>
      </Placemark>
    
      <Placemark>
        <name>Hay Bale Lifters</name>
        <description>
          <![CDATA[
            8 km west on Hwy. 21.
            Credit: <a href="mailto:dalyn2@shaw.ca">Dale Redekopp</a>
          ]]>
        </description>
        <ExtendedData>
          <Data name="gx_media_links">
            <value>https://roadsideattractions.ca/images/hayslake.jpg</value>
          </Data>
        </ExtendedData>
        <Point>
          <coordinates>53.2088,-113.14696666666667,0</coordinates>
        </Point>
      </Placemark>
    
      <Placemark>
        <name>Lumberjack</name>
        <description>
          <![CDATA[
            
            Credit: <a href="mailto:mkmiazga@shaw.ca">Matthew Miazga</a>
          ]]>
        </description>
        <ExtendedData>
          <Data name="gx_media_links">
            <value>https://roadsideattractions.ca/images/hblumberjack.jpg</value>
          </Data>
        </ExtendedData>
        <Point>
          <coordinates>52.85706666666667,-102.39716666666666,0</coordinates>
        </Point>
      </Placemark>
    
      <Placemark>
        <name>John Deer Tractor In The Sky</name>
        <description>
          <![CDATA[
            
            Credit: <a href="mailto:rdonnan49@sasktel.net">Richard Donnan</a>
          ]]>
        </description>
        <ExtendedData>
          <Data name="gx_media_links">
            <value>https://roadsideattractions.ca/images/hbtractor.jpg</value>
          </Data>
        </ExtendedData>
        <Point>
          <coordinates>52.857866666666666,-102.39735,0</coordinates>
        </Point>
      </Placemark>
    
      <Placemark>
        <name>Oil Can</name>
        <description>
          <![CDATA[
            
            Credit: <a href="mailto:bowser@iaw.on.ca">James Bowser</a>
          ]]>
        </description>
        <ExtendedData>
          <Data name="gx_media_links">
            <value>https://roadsideattractions.ca/images/hdoilcan.jpg</value>
          </Data>
        </ExtendedData>
        <Point>
          <coordinates>43.15695,-79.15701666666666,0</coordinates>
        </Point>
      </Placemark>
    
      <Placemark>
        <name>The Head</name>
        <description>
          <![CDATA[
            
            Credit:  <a HREF="MAILTO:sking@greenpointsoftware.com">Stephen King</a>
          ]]>
        </description>
        <ExtendedData>
          <Data name="gx_media_links">
            <value>https://roadsideattractions.ca/images/head.jpg</value>
          </Data>
        </ExtendedData>
        <Point>
          <coordinates>51.007533333333335,-118.21793333333333,0</coordinates>
        </Point>
      </Placemark>
    
      <Placemark>
        <name>Horse Drawn Wagon Hearse</name>
        <description>
          <![CDATA[
            ~ 1 km S on Church Street.
            Credit: <a href="mailto:jan_mahaney@hotmail.com">Jan Mahaney</a>
          ]]>
        </description>
        <ExtendedData>
          <Data name="gx_media_links">
            <value>https://roadsideattractions.ca/images/hearse.jpg</value>
          </Data>
        </ExtendedData>
        <Point>
          <coordinates>48.645266666666664,-53.75906666666667,0</coordinates>
        </Point>
      </Placemark>
    
      <Placemark>
        <name>Moose And Wolves</name>
        <description>
          <![CDATA[
            
            Credit: Francis Bouchard of <a href="http://www.hearstcoc.com/">Hearst and Area 
  Chamber of Commerce</a>
          ]]>
        </description>
        <ExtendedData>
          <Data name="gx_media_links">
            <value>https://roadsideattractions.ca/images/hearst.jpg</value>
          </Data>
        </ExtendedData>
        <Point>
          <coordinates>49.68865,-83.65153333333333,0</coordinates>
        </Point>
      </Placemark>
    
      <Placemark>
        <name>Two-Man Crosscut Saw</name>
        <description>
          <![CDATA[
            
            Credit: <a href="http://www.gbkphoto.com/">Gerald Kornelsen</a>
          ]]>
        </description>
        <ExtendedData>
          <Data name="gx_media_links">
            <value>https://roadsideattractions.ca/images/hearstsaw.jpg</value>
          </Data>
        </ExtendedData>
        <Point>
          <coordinates>49.689733333333336,-83.6644,0</coordinates>
        </Point>
      </Placemark>
    
      <Placemark>
        <name>Largest Baseball Glove</name>
        <description>
          <![CDATA[
            
            Credit: <a href="mailto:cvanderham@hbaadj.com">Christine Vanderham</a>
          ]]>
        </description>
        <ExtendedData>
          <Data name="gx_media_links">
            <value>https://roadsideattractions.ca/images/heisler.jpg</value>
          </Data>
        </ExtendedData>
        <Point>
          <coordinates>52.67281666666667,-112.22553333333333,0</coordinates>
        </Point>
      </Placemark>
    
      <Placemark>
        <name>Blue Heron</name>
        <description>
          <![CDATA[
            
            Credit: <a href="mailto:gfoxedm@telusplanet.net">Gerry Fox</a>
          ]]>
        </description>
        <ExtendedData>
          <Data name="gx_media_links">
            <value>https://roadsideattractions.ca/images/heron.jpg</value>
          </Data>
        </ExtendedData>
        <Point>
          <coordinates>54.12243333333333,-114.40196666666667,0</coordinates>
        </Point>
      </Placemark>
    
      <Placemark>
        <name>Dinosaur</name>
        <description>
          <![CDATA[
            
            Credit: <a href="mailto:rdonnan49@sasktel.net">Richard Donnan</a>
          ]]>
        </description>
        <ExtendedData>
          <Data name="gx_media_links">
            <value>https://roadsideattractions.ca/images/herschel.jpg</value>
          </Data>
        </ExtendedData>
        <Point>
          <coordinates>51.6365,-108.3581,0</coordinates>
        </Point>
      </Placemark>
    
      <Placemark>
        <name>Bear</name>
        <description>
          <![CDATA[
            
            Credit: <a href="mailto:hirning@shaw.ca">Lorraine Hirning</a>
          ]]>
        </description>
        <ExtendedData>
          <Data name="gx_media_links">
            <value>https://roadsideattractions.ca/images/hgbear.jpg</value>
          </Data>
        </ExtendedData>
        <Point>
          <coordinates>49.78078333333333,-121.45038333333333,0</coordinates>
        </Point>
      </Placemark>
    
      <Placemark>
        <name>Big Chair</name>
        <description>
          <![CDATA[
            
            Credit: <a href="mailto:moffatt_gal@yahoo.com">Krista</a>
          ]]>
        </description>
        <ExtendedData>
          <Data name="gx_media_links">
            <value>https://roadsideattractions.ca/images/hgchair.jpg</value>
          </Data>
        </ExtendedData>
        <Point>
          <coordinates>49.78066666666667,-121.4504,0</coordinates>
        </Point>
      </Placemark>
    
      <Placemark>
        <name>Canada Goose 1</name>
        <description>
          <![CDATA[
            
            Credit: a href="http://www.hanna.ca/">Town of
Hanna</a>. Update <a href="mailto:lspicer@shaw.ca">Leigh Spicer</a>
          ]]>
        </description>
        <ExtendedData>
          <Data name="gx_media_links">
            <value>https://roadsideattractions.ca/images/hgoose.jpg</value>
          </Data>
        </ExtendedData>
        <Point>
          <coordinates>51.64293333333333,-111.91831666666667,0</coordinates>
        </Point>
      </Placemark>
    
      <Placemark>
        <name>Salmon</name>
        <description>
          <![CDATA[
            
            Credit: <a href="mailto:hirning@shaw.ca">Lorraine Hirning</a>
          ]]>
        </description>
        <ExtendedData>
          <Data name="gx_media_links">
            <value>https://roadsideattractions.ca/images/hgsalmon.jpg</value>
          </Data>
        </ExtendedData>
        <Point>
          <coordinates>49.780516666666664,-121.4506,0</coordinates>
        </Point>
      </Placemark>
    
      <Placemark>
        <name>High Five</name>
        <description>
          <![CDATA[
            
            Credit: <a href="mailto:bwkohut@shaw.ca">Boris Kohut</a>
          ]]>
        </description>
        <ExtendedData>
          <Data name="gx_media_links">
            <value>https://roadsideattractions.ca/images/highfive.jpg</value>
          </Data>
        </ExtendedData>
        <Point>
          <coordinates>49.894466666666666,-97.13205,0</coordinates>
        </Point>
      </Placemark>
    
      <Placemark>
        <name>Grizzly Bear</name>
        <description>
          <![CDATA[
            
            Credit: <a href="mailto:kevanswildwood@gmail.com">Kevin Evans</a>
          ]]>
        </description>
        <ExtendedData>
          <Data name="gx_media_links">
            <value>https://roadsideattractions.ca/images/hintonbear.jpg</value>
          </Data>
        </ExtendedData>
        <Point>
          <coordinates>53.39203333333333,-117.61136666666667,0</coordinates>
        </Point>
      </Placemark>
    
      <Placemark>
        <name>Hockey Sticks</name>
        <description>
          <![CDATA[
            
            Credit: <a href="mailto:hirning@shaw.ca">Lorraine Hirning</a>
          ]]>
        </description>
        <ExtendedData>
          <Data name="gx_media_links">
            <value>https://roadsideattractions.ca/images/hockeysticks.jpg</value>
          </Data>
        </ExtendedData>
        <Point>
          <coordinates>55.75586666666667,-120.23348333333334,0</coordinates>
        </Point>
      </Placemark>
    
      <Placemark>
        <name>World's Largest Hockey Stick And Puck</name>
        <description>
          <![CDATA[
            
            Credit: <A HREF="http://www.buckys-sports.com/">Bucky's Sport Shop</A> 
          ]]>
        </description>
        <ExtendedData>
          <Data name="gx_media_links">
            <value>https://roadsideattractions.ca/images/hockey.jpg</value>
          </Data>
        </ExtendedData>
        <Point>
          <coordinates>48.78276666666667,-123.70253333333334,0</coordinates>
        </Point>
      </Placemark>
    
      <Placemark>
        <name>Home Of Champions Monument</name>
        <description>
          <![CDATA[
            
            Credit: <a href="mailto:merdeka1@telus.net"> David Dudeck</a>
          ]]>
        </description>
        <ExtendedData>
          <Data name="gx_media_links">
            <value>https://roadsideattractions.ca/images/hoctrail.jpg</value>
          </Data>
        </ExtendedData>
        <Point>
          <coordinates>49.09656666666667,-117.70981666666667,0</coordinates>
        </Point>
      </Placemark>
    
      <Placemark>
        <name>Water Tower</name>
        <description>
          <![CDATA[
            
            Credit: <a href="mailto:albertamigrant@telus.net">Sheila</a>
          ]]>
        </description>
        <ExtendedData>
          <Data name="gx_media_links">
            <value>https://roadsideattractions.ca/images/holden.jpg</value>
          </Data>
        </ExtendedData>
        <Point>
          <coordinates>53.22878333333333,-112.2389,0</coordinates>
        </Point>
      </Placemark>
    
      <Placemark>
        <name>World's Largest Honey Bee</name>
        <description>
          <![CDATA[
            
            Credit: <a href="http://www.townoftisdale.com/">Town of Tisdale</a>, updated <a href="mailto:%3Crdonnan49@sasktel.net%3E">Richard Donnan</a>
          ]]>
        </description>
        <ExtendedData>
          <Data name="gx_media_links">
            <value>https://roadsideattractions.ca/images/honeybee.jpg</value>
          </Data>
        </ExtendedData>
        <Point>
          <coordinates>52.845733333333335,-104.04876666666667,0</coordinates>
        </Point>
      </Placemark>
    
      <Placemark>
        <name>Windmill</name>
        <description>
          <![CDATA[
            
            Credit: <a href="mailto:richenst@sympatico.ca">Terry Richens</a>
          ]]>
        </description>
        <ExtendedData>
          <Data name="gx_media_links">
            <value>https://roadsideattractions.ca/images/holland.jpg</value>
          </Data>
        </ExtendedData>
        <Point>
          <coordinates>49.598933333333335,-98.88353333333333,0</coordinates>
        </Point>
      </Placemark>
    
      <Placemark>
        <name>Grizzly Bears</name>
        <description>
          <![CDATA[
            
            Credit: <a href="mailto:dalyn2@shaw.ca">Dale
Redekopp</a>
          ]]>
        </description>
        <ExtendedData>
          <Data name="gx_media_links">
            <value>https://roadsideattractions.ca/images/hopebears.jpg</value>
          </Data>
        </ExtendedData>
        <Point>
          <coordinates>49.37821666666667,-121.44196666666667,0</coordinates>
        </Point>
      </Placemark>
    
      <Placemark>
        <name>Bears</name>
        <description>
          <![CDATA[
            
            Credit: <a href="mailto:zedaron@mountaincable.net">Ron Stickland</a>
          ]]>
        </description>
        <ExtendedData>
          <Data name="gx_media_links">
            <value>https://roadsideattractions.ca/images/hornepayne.jpg</value>
          </Data>
        </ExtendedData>
        <Point>
          <coordinates>49.212666666666664,-84.77401666666667,0</coordinates>
        </Point>
      </Placemark>
    
      <Placemark>
        <name>Lumberjack</name>
        <description>
          <![CDATA[
            
            Credit: <a href="mailto:mlswitzer@shaw.ca">Mona Switzer</a>
          ]]>
        </description>
        <ExtendedData>
          <Data name="gx_media_links">
            <value>https://roadsideattractions.ca/images/hosmer.jpg</value>
          </Data>
        </ExtendedData>
        <Point>
          <coordinates>49.583016666666666,-114.97751666666667,0</coordinates>
        </Point>
      </Placemark>
    
      <Placemark>
        <name>Bull Rider</name>
        <description>
          <![CDATA[
            
            Credit: <a href="mailto:rch31739@mts.net">Bob Hill</a>
          ]]>
        </description>
        <ExtendedData>
          <Data name="gx_media_links">
            <value>https://roadsideattractions.ca/images/houston.jpg</value>
          </Data>
        </ExtendedData>
        <Point>
          <coordinates>54.39978333333333,-126.64878333333333,0</coordinates>
        </Point>
      </Placemark>
    
      <Placemark>
        <name>Tugboat</name>
        <description>
          <![CDATA[
            
            Credit: <a href="mailto:vluckese@rogers.com">Vince Luckese</a>
          ]]>
        </description>
        <ExtendedData>
          <Data name="gx_media_links">
            <value>https://roadsideattractions.ca/images/htugboat.jpg</value>
          </Data>
        </ExtendedData>
        <Point>
          <coordinates>47.44918333333333,-79.6419,0</coordinates>
        </Point>
      </Placemark>
    
      <Placemark>
        <name>Lighthouse Water Tower</name>
        <description>
          <![CDATA[
            
            Credit: <a href="mailto:rdonnan49@sasktel.net">Richard Donnan</a>
          ]]>
        </description>
        <ExtendedData>
          <Data name="gx_media_links">
            <value>https://roadsideattractions.ca/images/humboldt.jpg</value>
          </Data>
        </ExtendedData>
        <Point>
          <coordinates>52.19558333333333,-105.11706666666667,0</coordinates>
        </Point>
      </Placemark>
    
      <Placemark>
        <name>Millennium Moose</name>
        <description>
          <![CDATA[
            
            Credit: <a href="mailto:gfoxedm@telusplanet.net">Gerry Fox</a>
          ]]>
        </description>
        <ExtendedData>
          <Data name="gx_media_links">
            <value>https://roadsideattractions.ca/images/hudsonbay.jpg</value>
          </Data>
        </ExtendedData>
        <Point>
          <coordinates>52.84985,-102.39066666666666,0</coordinates>
        </Point>
      </Placemark>
    
      <Placemark>
        <name>Hummingbird</name>
        <description>
          <![CDATA[
            
            Credit: <a href="mailto:mfdc5@yahoo.com">Ryan King</a>
          ]]>
        </description>
        <ExtendedData>
          <Data name="gx_media_links">
            <value>https://roadsideattractions.ca/images/hummingbird.jpg</value>
          </Data>
        </ExtendedData>
        <Point>
          <coordinates>45.04431666666667,-63.1495,0</coordinates>
        </Point>
      </Placemark>
    
      <Placemark>
        <name>Humpty Dumpty</name>
        <description>
          <![CDATA[
            
            Credit: <a href="mailto:rdonnan49@sasktel.net">Richard Donnan</a>
          ]]>
        </description>
        <ExtendedData>
          <Data name="gx_media_links">
            <value>https://roadsideattractions.ca/images/humptydumpty.jpg</value>
          </Data>
        </ExtendedData>
        <Point>
          <coordinates>52.14541666666667,-106.66336666666666,0</coordinates>
        </Point>
      </Placemark>
    
      <Placemark>
        <name>Husky The Muskie</name>
        <description>
          <![CDATA[
            
            Credit: <a href="http://www.kwlaw.net/?page_id=244">Peter A. Hertz and family</a>
          ]]>
        </description>
        <ExtendedData>
          <Data name="gx_media_links">
            <value>https://roadsideattractions.ca/images/husky.jpg</value>
          </Data>
        </ExtendedData>
        <Point>
          <coordinates>49.77023333333333,-94.4973,0</coordinates>
        </Point>
      </Placemark>
    
      <Placemark>
        <name>Husky Dog</name>
        <description>
          <![CDATA[
            ~ 6 km west on Tran-Canada-Hwy.
            Credit: <a href="mailto:rank@globetrotter.net">Fran&#231;ois
Lapointe</a> and César Montminy
          ]]>
        </description>
        <ExtendedData>
          <Data name="gx_media_links">
            <value>https://roadsideattractions.ca/images/huskydog.jpg</value>
          </Data>
        </ExtendedData>
        <Point>
          <coordinates>46.659933333333335,-71.39165,0</coordinates>
        </Point>
      </Placemark>
    
      <Placemark>
        <name>Canada Goose 2</name>
        <description>
          <![CDATA[
            West Entrance.
            Credit: <a href="mailto:lspicer@shaw.ca">Leigh Spicer</a>
          ]]>
        </description>
        <ExtendedData>
          <Data name="gx_media_links">
            <value>https://roadsideattractions.ca/images/hwgoose.jpg</value>
          </Data>
        </ExtendedData>
        <Point>
          <coordinates>51.64053333333333,-111.94151666666667,0</coordinates>
        </Point>
      </Placemark>
    
      <Placemark>
        <name>Brontosaurus</name>
        <description>
          <![CDATA[
            highway 6
            Credit: Dana Sixty
          ]]>
        </description>
        <ExtendedData>
          <Data name="gx_media_links">
            <value>https://roadsideattractions.ca/images/hwy6bronto.jpg</value>
          </Data>
        </ExtendedData>
        <Point>
          <coordinates>43.33351666666667,-79.94783333333334,0</coordinates>
        </Point>
      </Placemark>
    
      <Placemark>
        <name>T-Rex</name>
        <description>
          <![CDATA[
            highway 6
            Credit: Dana Sixty
          ]]>
        </description>
        <ExtendedData>
          <Data name="gx_media_links">
            <value>https://roadsideattractions.ca/images/hwy6trex.jpg</value>
          </Data>
        </ExtendedData>
        <Point>
          <coordinates>43.333983333333336,-79.94813333333333,0</coordinates>
        </Point>
      </Placemark>
    
      <Placemark>
        <name>World's Largest Fire Hydrant</name>
        <description>
          <![CDATA[
            ~ 5.5 km SW on Talbot Line (Hwy. 3).
            Credit:  Ron Poulson of <A HREF="http://www.ec-cdc.com/" Target="ec">Elm Creek and District CDC</A>
          ]]>
        </description>
        <ExtendedData>
          <Data name="gx_media_links">
            <value>https://roadsideattractions.ca/images/hydrant.jpg</value>
          </Data>
        </ExtendedData>
        <Point>
          <coordinates>49.677283333333335,-97.99278333333334,0</coordinates>
        </Point>
      </Placemark>
    
      <Placemark>
        <name>Ice Cream Cone</name>
        <description>
          <![CDATA[
            
            Credit: <a href="mailto:bowser@iaw.on.ca">James Bowser</a>
          ]]>
        </description>
        <ExtendedData>
          <Data name="gx_media_links">
            <value>https://roadsideattractions.ca/images/iccone.jpg</value>
          </Data>
        </ExtendedData>
        <Point>
          <coordinates>42.825966666666666,-80.77705,0</coordinates>
        </Point>
      </Placemark>
    
      <Placemark>
        <name>Immigrant Family</name>
        <description>
          <![CDATA[
            
            Credit: <a href="http://www.tomostudio.com/">Tom Otterness</a> (Sculptor)
          ]]>
        </description>
        <ExtendedData>
          <Data name="gx_media_links">
            <value>https://roadsideattractions.ca/images/ifamily.jpg</value>
          </Data>
        </ExtendedData>
        <Point>
          <coordinates>43.644466666666666,-79.37626666666667,0</coordinates>
        </Point>
      </Placemark>
    
      <Placemark>
        <name>Igloos</name>
        <description>
          <![CDATA[
            
            Credit: <A HREF="mailto:rrichman@ascap.com">Rich Richman, Staten Island, N.Y.</a>
          ]]>
        </description>
        <ExtendedData>
          <Data name="gx_media_links">
            <value>https://roadsideattractions.ca/images/igloos.jpg</value>
          </Data>
        </ExtendedData>
        <Point>
          <coordinates>49.06191666666667,-81.06593333333333,0</coordinates>
        </Point>
      </Placemark>
    
      <Placemark>
        <name>Beech 18 On Floats</name>
        <description>
          <![CDATA[
            
            Credit: <a href="mailto:mailto:richenst@sympatico.ca">Terry Richens</a>
          ]]>
        </description>
        <ExtendedData>
          <Data name="gx_media_links">
            <value>https://roadsideattractions.ca/images/ignace.jpg</value>
          </Data>
        </ExtendedData>
        <Point>
          <coordinates>49.41636666666667,-91.65938333333334,0</coordinates>
        </Point>
      </Placemark>
    
      <Placemark>
        <name>Mouse On A Fire Hydrant</name>
        <description>
          <![CDATA[
            
            Credit: <a href="http://www.tradingpostmotel.com/">Trading Post Motel</a>
          ]]>
        </description>
        <ExtendedData>
          <Data name="gx_media_links">
            <value>https://roadsideattractions.ca/images/ignacemouse.jpg</value>
          </Data>
        </ExtendedData>
        <Point>
          <coordinates>49.40931666666667,-91.64133333333334,0</coordinates>
        </Point>
      </Placemark>
    
      <Placemark>
        <name>Immense Mode (Shoes And Stockings)</name>
        <description>
          <![CDATA[
            
            Credit: <a href="mailto:kevanswildwood@gmail.com">Kevin
Evans</a>
          ]]>
        </description>
        <ExtendedData>
          <Data name="gx_media_links">
            <value>https://roadsideattractions.ca/images/immensemode.jpg</value>
          </Data>
        </ExtendedData>
        <Point>
          <coordinates>53.48505,-113.51645,0</coordinates>
        </Point>
      </Placemark>
    
      <Placemark>
        <name>Indian Head</name>
        <description>
          <![CDATA[
            
            Credit: <a HREF="MAILTO:drloran@sk.sympatico.ca">Dan Loran</a>
          ]]>
        </description>
        <ExtendedData>
          <Data name="gx_media_links">
            <value>https://roadsideattractions.ca/images/indhead.jpg</value>
          </Data>
        </ExtendedData>
        <Point>
          <coordinates>50.526916666666665,-103.67793333333333,0</coordinates>
        </Point>
      </Placemark>
    
      <Placemark>
        <name>Skookumchuk</name>
        <description>
          <![CDATA[
            
            Credit: <a HREF="MAILTO:sking@greenpointsoftware.com">Stephen King</a>
          ]]>
        </description>
        <ExtendedData>
          <Data name="gx_media_links">
            <value>https://roadsideattractions.ca/images/indian.jpg</value>
          </Data>
        </ExtendedData>
        <Point>
          <coordinates>49.91356666666667,-115.73371666666667,0</coordinates>
        </Point>
      </Placemark>
    
      <Placemark>
        <name>World's Largest Animated Grizzly Bear</name>
        <description>
          <![CDATA[
            
            Credit: Mona Lee Switzer
          ]]>
        </description>
        <ExtendedData>
          <Data name="gx_media_links">
            <value>https://roadsideattractions.ca/images/innisfailgb.jpg</value>
          </Data>
        </ExtendedData>
        <Point>
          <coordinates>52.0352,-113.92741666666667,0</coordinates>
        </Point>
      </Placemark>
    
      <Placemark>
        <name>Rocking Horse</name>
        <description>
          <![CDATA[
            2475 Innisfil Beach Road.
            Credit: Original - Ed Solonyka. New location - <a href="mailto:juicepig@gmail.com">Dave Ross</a>
          ]]>
        </description>
        <ExtendedData>
          <Data name="gx_media_links">
            <value>https://roadsideattractions.ca/images/innisfil.jpg</value>
          </Data>
        </ExtendedData>
        <Point>
          <coordinates>44.29683333333333,-79.62633333333333,0</coordinates>
        </Point>
      </Placemark>
    
      <Placemark>
        <name>Penguin</name>
        <description>
          <![CDATA[
            
            Credit: <a href="mailto:dalyn2@shaw.ca">Dale
Redekopp</a>
          ]]>
        </description>
        <ExtendedData>
          <Data name="gx_media_links">
            <value>https://roadsideattractions.ca/images/innisfree.jpg</value>
          </Data>
        </ExtendedData>
        <Point>
          <coordinates>53.38296666666667,-111.53156666666666,0</coordinates>
        </Point>
      </Placemark>
    
      <Placemark>
        <name>Igloo Church</name>
        <description>
          <![CDATA[
            
            Credit: <a href="http://mypage.direct.ca/s/selliot/">Scott
Elliot</a>. Updated <a href="mailto:spandy1977@hotmail.com">Randy Spears</a>
          ]]>
        </description>
        <ExtendedData>
          <Data name="gx_media_links">
            <value>https://roadsideattractions.ca/images/inuvik.jpg</value>
          </Data>
        </ExtendedData>
        <Point>
          <coordinates>68.35801666666667,-133.72223333333332,0</coordinates>
        </Point>
      </Placemark>
    
      <Placemark>
        <name>Inuksuk</name>
        <description>
          <![CDATA[
            
            Credit: <a HREF="http://www.arctic.ca/">Sakku Artic Technologies Inc.</a>
          ]]>
        </description>
        <ExtendedData>
          <Data name="gx_media_links">
            <value>https://roadsideattractions.ca/images/inukshuk.jpg</value>
          </Data>
        </ExtendedData>
        <Point>
          <coordinates>62.811816666666665,-92.0876,0</coordinates>
        </Point>
      </Placemark>
    
      <Placemark>
        <name>Inuksuk</name>
        <description>
          <![CDATA[
            
            Credit: <a href="mailto:eentogeek@rogers.com">Brad</a>
          ]]>
        </description>
        <ExtendedData>
          <Data name="gx_media_links">
            <value>https://roadsideattractions.ca/images/inuvik2.jpg</value>
          </Data>
        </ExtendedData>
        <Point>
          <coordinates>68.35681666666666,-133.72183333333334,0</coordinates>
        </Point>
      </Placemark>
    
      <Placemark>
        <name>Rusty The Moose</name>
        <description>
          <![CDATA[
            
            Credit: <a href="mailto:patriciahrock@hotmail.com">Patricia Rock</a>
          ]]>
        </description>
        <ExtendedData>
          <Data name="gx_media_links">
            <value>https://roadsideattractions.ca/images/invermere.jpg</value>
          </Data>
        </ExtendedData>
        <Point>
          <coordinates>50.50556666666667,-116.02881666666667,0</coordinates>
        </Point>
      </Placemark>
    
      <Placemark>
        <name>Prospector</name>
        <description>
          <![CDATA[
            
            Credit: <a href="mailto:bwkohut@shaw.ca">Boris Kohut</a>
          ]]>
        </description>
        <ExtendedData>
          <Data name="gx_media_links">
            <value>https://roadsideattractions.ca/images/iprospector.jpg</value>
          </Data>
        </ExtendedData>
        <Point>
          <coordinates>49.40946666666667,-91.64158333333333,0</coordinates>
        </Point>
      </Placemark>
    
      <Placemark>
        <name>Cockshutt 40 Tractor</name>
        <description>
          <![CDATA[
            
            Credit: Ed Solonyka
          ]]>
        </description>
        <ExtendedData>
          <Data name="gx_media_links">
            <value>https://roadsideattractions.ca/images/irma.jpg</value>
          </Data>
        </ExtendedData>
        <Point>
          <coordinates>52.915366666666664,-111.25341666666667,0</coordinates>
        </Point>
      </Placemark>
    
      <Placemark>
        <name>John Deere Tractor And Pull-Type Combine</name>
        <description>
          <![CDATA[
            
            Credit: <a href="mailto:lspicer@shaw.ca">Barb and Leigh Spicer</a>
          ]]>
        </description>
        <ExtendedData>
          <Data name="gx_media_links">
            <value>https://roadsideattractions.ca/images/irmatc.jpg</value>
          </Data>
        </ExtendedData>
        <Point>
          <coordinates>52.87413333333333,-111.23701666666666,0</coordinates>
        </Point>
      </Placemark>
    
      <Placemark>
        <name>Lumberjack</name>
        <description>
          <![CDATA[
            
            Credit: Preston Scott
          ]]>
        </description>
        <ExtendedData>
          <Data name="gx_media_links">
            <value>https://roadsideattractions.ca/images/ironbridge.jpg</value>
          </Data>
        </ExtendedData>
        <Point>
          <coordinates>46.277,-83.21295,0</coordinates>
        </Point>
      </Placemark>
    
      <Placemark>
        <name>Guy-Paul Treefall - The Lumberjack</name>
        <description>
          <![CDATA[
            1 km south of Hwy 17 and 67.
            Credit: Traci Workman of the <a href="http://iroquoisfalls.ca/">Town of Iroquoi Falls</a>
          ]]>
        </description>
        <ExtendedData>
          <Data name="gx_media_links">
            <value>https://roadsideattractions.ca/images/iroquoisfalls.jpg</value>
          </Data>
        </ExtendedData>
        <Point>
          <coordinates>48.70628333333333,-80.79058333333333,0</coordinates>
        </Point>
      </Placemark>
    
      <Placemark>
        <name>Horse</name>
        <description>
          <![CDATA[
            
            Credit: <a href="mailto:willdig2001@yahoo.com">Jennifer Willdig</a>. Updated: <a href="mailto:dalyn2@shaw.ca">Dale Redekopp</a>
          ]]>
        </description>
        <ExtendedData>
          <Data name="gx_media_links">
            <value>https://roadsideattractions.ca/images/irricana.jpg</value>
          </Data>
        </ExtendedData>
        <Point>
          <coordinates>51.32256666666667,-113.6079,0</coordinates>
        </Point>
      </Placemark>
    
      <Placemark>
        <name>Issac The Ox</name>
        <description>
          <![CDATA[
            
            Credit: <a href="http://www.oaklakeandarea.com/cim/63.dhtm">Town of Oak Lake</font></a>
          ]]>
        </description>
        <ExtendedData>
          <Data name="gx_media_links">
            <value>https://roadsideattractions.ca/images/isaac.jpg</value>
          </Data>
        </ExtendedData>
        <Point>
          <coordinates>49.7686,-100.62253333333334,0</coordinates>
        </Point>
      </Placemark>
    
      <Placemark>
        <name>Tractor On A Pole</name>
        <description>
          <![CDATA[
            
            Credit: <a href="mailto:mlswitzer@shaw.ca">Mona Switzer</a>
          ]]>
        </description>
        <ExtendedData>
          <Data name="gx_media_links">
            <value>https://roadsideattractions.ca/images/itractor.jpg</value>
          </Data>
        </ExtendedData>
        <Point>
          <coordinates>51.32946666666667,-113.59225,0</coordinates>
        </Point>
      </Placemark>
    
      <Placemark>
        <name>Truck On A Pole</name>
        <description>
          <![CDATA[
            
            Credit: <a href="mailto:mlswitzer@shaw.ca">Mona Switzer</a>
          ]]>
        </description>
        <ExtendedData>
          <Data name="gx_media_links">
            <value>https://roadsideattractions.ca/images/itruck.jpg</value>
          </Data>
        </ExtendedData>
        <Point>
          <coordinates>51.32921666666667,-113.59233333333333,0</coordinates>
        </Point>
      </Placemark>
    
      <Placemark>
        <name>Saw Blades</name>
        <description>
          <![CDATA[
            
            Credit: <a href="mailto:spandy1977@hotmail.com">Randy
Spears</a>
          ]]>
        </description>
        <ExtendedData>
          <Data name="gx_media_links">
            <value>https://roadsideattractions.ca/images/jadecity.jpg</value>
          </Data>
        </ExtendedData>
        <Point>
          <coordinates>59.24795,-129.65945,0</coordinates>
        </Point>
      </Placemark>
    
      <Placemark>
        <name>Jasper The Bear (2)</name>
        <description>
          <![CDATA[
            At the Skytram.
            Credit: <a href="mailto:rdonnan49@sasktel.net">Richard Donnan</a>
          ]]>
        </description>
        <ExtendedData>
          <Data name="gx_media_links">
            <value>https://roadsideattractions.ca/images/jasper2.jpg</value>
          </Data>
        </ExtendedData>
        <Point>
          <coordinates>52.851083333333335,-118.12363333333333,0</coordinates>
        </Point>
      </Placemark>
    
      <Placemark>
        <name>Jasper The Bear (new)</name>
        <description>
          <![CDATA[
            
            Credit: <a href="mailto:lspicer@shaw.ca">Leigh Spicer</a>
          ]]>
        </description>
        <ExtendedData>
          <Data name="gx_media_links">
            <value>https://roadsideattractions.ca/images/jaspernew.jpg</value>
          </Data>
        </ExtendedData>
        <Point>
          <coordinates>52.87815,-118.08065,0</coordinates>
        </Point>
      </Placemark>
    
      <Placemark>
        <name>Totem Pole</name>
        <description>
          <![CDATA[
            
            Credit: <a href="mailto:lspicer@shaw.ca">Barb and Leigh Spicer</a>
          ]]>
        </description>
        <ExtendedData>
          <Data name="gx_media_links">
            <value>https://roadsideattractions.ca/images/jaspertp.jpg</value>
          </Data>
        </ExtendedData>
        <Point>
          <coordinates>52.87721666666667,-118.07948333333333,0</coordinates>
        </Point>
      </Placemark>
    
      <Placemark>
        <name>Jerry The Moose</name>
        <description>
          <![CDATA[
            
            Credit: <a HREF="MAILTO:neathway@mail.wellsgray.net">Mary Neathway</a>
          ]]>
        </description>
        <ExtendedData>
          <Data name="gx_media_links">
            <value>https://roadsideattractions.ca/images/jerry.jpg</value>
          </Data>
        </ExtendedData>
        <Point>
          <coordinates>51.651133333333334,-120.03768333333333,0</coordinates>
        </Point>
      </Placemark>
    
      <Placemark>
        <name>Railroad Jigger</name>
        <description>
          <![CDATA[
            ~ 10 km S on Hwy 97.
            Credit: <a href="mailto:patriciahrock@hotmail.com">Patricia Rock</a>
          ]]>
        </description>
        <ExtendedData>
          <Data name="gx_media_links">
            <value>https://roadsideattractions.ca/images/jigger.jpg</value>
          </Data>
        </ExtendedData>
        <Point>
          <coordinates>49.1006,-119.56523333333334,0</coordinates>
        </Point>
      </Placemark>
    
      <Placemark>
        <name>Joey's Lookout</name>
        <description>
          <![CDATA[
            
            Credit: <a href="http://www.gambo.net/" target="gambo">Town of Gambo</a>
          ]]>
        </description>
        <ExtendedData>
          <Data name="gx_media_links">
            <value>https://roadsideattractions.ca/images/joey.jpg</value>
          </Data>
        </ExtendedData>
        <Point>
          <coordinates>48.75926666666667,-54.23518333333333,0</coordinates>
        </Point>
      </Placemark>
    
      <Placemark>
        <name>Stone Labyrinth</name>
        <description>
          <![CDATA[
            
            Credit: <a href="mailto:gordanb@hotmail.com">Gord Butler</a>
          ]]>
        </description>
        <ExtendedData>
          <Data name="gx_media_links">
            <value>https://roadsideattractions.ca/images/joggins.jpg</value>
          </Data>
        </ExtendedData>
        <Point>
          <coordinates>45.6941,-64.44991666666667,0</coordinates>
        </Point>
      </Placemark>
    
      <Placemark>
        <name>The Joker</name>
        <description>
          <![CDATA[
            
            Credit: <a href="mailto:llankinen@hotmail.com">Laura</a>
          ]]>
        </description>
        <ExtendedData>
          <Data name="gx_media_links">
            <value>https://roadsideattractions.ca/images/joker.jpg</value>
          </Data>
        </ExtendedData>
        <Point>
          <coordinates>49.409083333333335,-91.64128333333333,0</coordinates>
        </Point>
      </Placemark>
    
      <Placemark>
        <name>Big Horn Sheep</name>
        <description>
          <![CDATA[
            
            Credit: <a href="mailto:rdonnan49@hotmail.com">Richard Donnan</a> Update: <a href="mailto:hirning@shaw.ca">Lorraine
Hirning</a>
          ]]>
        </description>
        <ExtendedData>
          <Data name="gx_media_links">
            <value>https://roadsideattractions.ca/images/jsheep.jpg</value>
          </Data>
        </ExtendedData>
        <Point>
          <coordinates>52.886633333333336,-118.07735,0</coordinates>
        </Point>
      </Placemark>
    
      <Placemark>
        <name>Jumbo The Elephant</name>
        <description>
          <![CDATA[
            Woodworth Avenue at the CNR crossing
            Credit: Bill Creswell via <a HREF="http://www.elgin.net/">Information Elgin</a>
          ]]>
        </description>
        <ExtendedData>
          <Data name="gx_media_links">
            <value>https://roadsideattractions.ca/images/jumbo.jpg</value>
          </Data>
        </ExtendedData>
        <Point>
          <coordinates>42.77888333333333,-81.20815,0</coordinates>
        </Point>
      </Placemark>
    
      <Placemark>
        <name>Black Bear</name>
        <description>
          <![CDATA[
            
            Credit: <a href="mailto:tjohns@vianet.on.ca">Peter Whittaker</a>
          ]]>
        </description>
        <ExtendedData>
          <Data name="gx_media_links">
            <value>https://roadsideattractions.ca/images/kapbear.jpg</value>
          </Data>
        </ExtendedData>
        <Point>
          <coordinates>49.41148333333334,-82.41138333333333,0</coordinates>
        </Point>
      </Placemark>
    
      <Placemark>
        <name>Lighthouse Water Tower</name>
        <description>
          <![CDATA[
            
            Credit: <a href="mailto:rdonnan49@sasktel.net">Richard Donnan</a>
          ]]>
        </description>
        <ExtendedData>
          <Data name="gx_media_links">
            <value>https://roadsideattractions.ca/images/kamsack.jpg</value>
          </Data>
        </ExtendedData>
        <Point>
          <coordinates>51.564616666666666,-101.88965,0</coordinates>
        </Point>
      </Placemark>
    
      <Placemark>
        <name>Passage Through Time</name>
        <description>
          <![CDATA[
            
            Credit: Steve Robinson of Attractions on the Canadian Roadside
          ]]>
        </description>
        <ExtendedData>
          <Data name="gx_media_links">
            <value>https://roadsideattractions.ca/images/kappassagethroughtime.jpg</value>
          </Data>
        </ExtendedData>
        <Point>
          <coordinates>49.4127,-82.42365,0</coordinates>
        </Point>
      </Placemark>
    
      <Placemark>
        <name>Apple</name>
        <description>
          <![CDATA[
            
            Credit: <a href="mailto:hirning@shaw.ca">Lorraine Hirning</a>
          ]]>
        </description>
        <ExtendedData>
          <Data name="gx_media_links">
            <value>https://roadsideattractions.ca/images/kapple.jpg</value>
          </Data>
        </ExtendedData>
        <Point>
          <coordinates>49.8902,-119.49528333333333,0</coordinates>
        </Point>
      </Placemark>
    
      <Placemark>
        <name>Curling Stone</name>
        <description>
          <![CDATA[
            
            Credit: <a href="mailto:hirning@shaw.ca">Lorraine Hirning</a>
          ]]>
        </description>
        <ExtendedData>
          <Data name="gx_media_links">
            <value>https://roadsideattractions.ca/images/kcurlingstone.jpg</value>
          </Data>
        </ExtendedData>
        <Point>
          <coordinates>49.897416666666665,-119.49148333333333,0</coordinates>
        </Point>
      </Placemark>
    
      <Placemark>
        <name>Mining Shaft Cage And Bucket</name>
        <description>
          <![CDATA[
            The mining shaft cage and bucket are located along the Heritage Trail at the McGarry Tourist Information Centre.
            Credit: <a href="mailto:vluckese@rogers.com">Vince Luckese</a>
          ]]>
        </description>
        <ExtendedData>
          <Data name="gx_media_links">
            <value>https://roadsideattractions.ca/images/kearns.jpg</value>
          </Data>
        </ExtendedData>
        <Point>
          <coordinates>48.13441666666667,-79.58808333333333,0</coordinates>
        </Point>
      </Placemark>
    
      <Placemark>
        <name>Inuksuk</name>
        <description>
          <![CDATA[
            
            Credit: <a href="mailto:hirning@shaw.ca">Lorraine Hirning</a>
          ]]>
        </description>
        <ExtendedData>
          <Data name="gx_media_links">
            <value>https://roadsideattractions.ca/images/kelownainukshuk.jpg</value>
          </Data>
        </ExtendedData>
        <Point>
          <coordinates>49.862633333333335,-119.49145,0</coordinates>
        </Point>
      </Placemark>
    
      <Placemark>
        <name>Apple</name>
        <description>
          <![CDATA[
            
            Credit: <a href="mailto:sundanceart@shaw.ca">Graham 
    Stevens</a>
          ]]>
        </description>
        <ExtendedData>
          <Data name="gx_media_links">
            <value>https://roadsideattractions.ca/images/kelowna.jpg</value>
          </Data>
        </ExtendedData>
        <Point>
          <coordinates>49.85478333333333,-119.49095,0</coordinates>
        </Point>
      </Placemark>
    
      <Placemark>
        <name>Sail</name>
        <description>
          <![CDATA[
            
            Credit: <a href="mailto:hirning@shaw.ca">Lorraine Hirning</a>
          ]]>
        </description>
        <ExtendedData>
          <Data name="gx_media_links">
            <value>https://roadsideattractions.ca/images/kelownasail.jpg</value>
          </Data>
        </ExtendedData>
        <Point>
          <coordinates>49.886316666666666,-119.49938333333333,0</coordinates>
        </Point>
      </Placemark>
    
      <Placemark>
        <name>Hockey Cards</name>
        <description>
          <![CDATA[
            
            Credit:  Kimberlee Cherkas of the 
<a HREF="http://www.townofkelvington.com/">Town of Kelvington</a>
          ]]>
        </description>
        <ExtendedData>
          <Data name="gx_media_links">
            <value>https://roadsideattractions.ca/images/kelvington.jpg</value>
          </Data>
        </ExtendedData>
        <Point>
          <coordinates>52.15676666666667,-103.52996666666667,0</coordinates>
        </Point>
      </Placemark>
    
      <Placemark>
        <name>Snowman</name>
        <description>
          <![CDATA[
            
            Credit: <A HREF="MAILTO:sweep@CycleCanada.com">Margot Jorgensen</A>
          ]]>
        </description>
        <ExtendedData>
          <Data name="gx_media_links">
            <value>https://roadsideattractions.ca/images/kenaston.jpg</value>
          </Data>
        </ExtendedData>
        <Point>
          <coordinates>51.49993333333333,-106.2743,0</coordinates>
        </Point>
      </Placemark>
    
      <Placemark>
        <name>Volkswagen Spider</name>
        <description>
          <![CDATA[
            
            Credit: <a href="mailto:richenst@sympatico.ca">Terry Richens</a>
          ]]>
        </description>
        <ExtendedData>
          <Data name="gx_media_links">
            <value>https://roadsideattractions.ca/images/kenora.jpg</value>
          </Data>
        </ExtendedData>
        <Point>
          <coordinates>49.750933333333336,-94.42016666666666,0</coordinates>
        </Point>
      </Placemark>
    
      <Placemark>
        <name>Lighthouse Water Tower</name>
        <description>
          <![CDATA[
            
            Credit: <a href="http://www.kerrobertsk.com/">Town
of Kerrobert</a>
          ]]>
        </description>
        <ExtendedData>
          <Data name="gx_media_links">
            <value>https://roadsideattractions.ca/images/kerrobert.jpg</value>
          </Data>
        </ExtendedData>
        <Point>
          <coordinates>51.91773333333333,-109.1429,0</coordinates>
        </Point>
      </Placemark>
    
      <Placemark>
        <name>Canada Goose</name>
        <description>
          <![CDATA[
            
            Credit: <a href="mailto:mailto:thompsonk@sasktel.net">Krystal Thompson</a>
          ]]>
        </description>
        <ExtendedData>
          <Data name="gx_media_links">
            <value>https://roadsideattractions.ca/images/kgoose.jpg</value>
          </Data>
        </ExtendedData>
        <Point>
          <coordinates>51.9142,-109.12955,0</coordinates>
        </Point>
      </Placemark>
    
      <Placemark>
        <name>Red Kidney Bean</name>
        <description>
          <![CDATA[
            
            Credit: <a href="mailto:jeparent@mts.net">Jason Parent</a>
          ]]>
        </description>
        <ExtendedData>
          <Data name="gx_media_links">
            <value>https://roadsideattractions.ca/images/kidneybean.jpg</value>
          </Data>
        </ExtendedData>
        <Point>
          <coordinates>49.133583333333334,-97.39266666666667,0</coordinates>
        </Point>
      </Placemark>
    
      <Placemark>
        <name>Killer Whale</name>
        <description>
          <![CDATA[
            
            Credit: L. Waters
          ]]>
        </description>
        <ExtendedData>
          <Data name="gx_media_links">
            <value>https://roadsideattractions.ca/images/killerwhale.jpg</value>
          </Data>
        </ExtendedData>
        <Point>
          <coordinates>48.423516666666664,-123.30261666666667,0</coordinates>
        </Point>
      </Placemark>
    
      <Placemark>
        <name>World's Largest Free-Standing Cuckoo Clock</name>
        <description>
          <![CDATA[
            
            Credit: <A HREF="MAILTO:toaster@theboss.net">Jim Todd</A>
          ]]>
        </description>
        <ExtendedData>
          <Data name="gx_media_links">
            <value>https://roadsideattractions.ca/images/kimberley.jpg</value>
          </Data>
        </ExtendedData>
        <Point>
          <coordinates>49.68606666666667,-115.98416666666667,0</coordinates>
        </Point>
      </Placemark>
    
      <Placemark>
        <name>Canada Goose</name>
        <description>
          <![CDATA[
            
            Credit: <a href="mailto:gfoxedm@telusplanet.net">Gerry Fox</a>
          ]]>
        </description>
        <ExtendedData>
          <Data name="gx_media_links">
            <value>https://roadsideattractions.ca/images/kindersley.jpg</value>
          </Data>
        </ExtendedData>
        <Point>
          <coordinates>51.47448333333333,-109.13276666666667,0</coordinates>
        </Point>
      </Placemark>
    
      <Placemark>
        <name>King Kong</name>
        <description>
          <![CDATA[
            
            Credit: <a href="mailto:hirning@shaw.ca">Lorraine Hirning</a> and <a href="mailto:lonecrow42@gmail.com">Scott McDonald</a>
          ]]>
        </description>
        <ExtendedData>
          <Data name="gx_media_links">
            <value>https://roadsideattractions.ca/images/kingkong.jpg</value>
          </Data>
        </ExtendedData>
        <Point>
          <coordinates>51.0671,-114.06341666666667,0</coordinates>
        </Point>
      </Placemark>
    
      <Placemark>
        <name>King Miner</name>
        <description>
          <![CDATA[
            
            Credit: Maria Zbigniewicz
          ]]>
        </description>
        <ExtendedData>
          <Data name="gx_media_links">
            <value>https://roadsideattractions.ca/images/kingminer.jpg</value>
          </Data>
        </ExtendedData>
        <Point>
          <coordinates>55.72663333333333,-97.86556666666667,0</coordinates>
        </Point>
      </Placemark>
    
      <Placemark>
        <name>King Buck</name>
        <description>
          <![CDATA[
            
            Credit: <a href="mailto:gfoxedm@telusplanet.net">Gerry Fox</a> and <a href="mailto:Faron.Cook@gov.mb.ca">Faron Cook</a>
          ]]>
        </description>
        <ExtendedData>
          <Data name="gx_media_links">
            <value>https://roadsideattractions.ca/images/kingbuck.jpg</value>
          </Data>
        </ExtendedData>
        <Point>
          <coordinates>50.88936666666667,-97.60361666666667,0</coordinates>
        </Point>
      </Placemark>
    
      <Placemark>
        <name>King And Queen</name>
        <description>
          <![CDATA[
            
            Credit: <a href="http://www.citywindsor.ca/residents/culture/windsor-sculpture-park/pages/windsor-sculpture-park.aspx">Windsor 
  Sculpture Park</a>
          ]]>
        </description>
        <ExtendedData>
          <Data name="gx_media_links">
            <value>https://roadsideattractions.ca/images/kingqueen.jpg</value>
          </Data>
        </ExtendedData>
        <Point>
          <coordinates>42.31113333333333,-83.0689,0</coordinates>
        </Point>
      </Placemark>
    
      <Placemark>
        <name>Inuksuk</name>
        <description>
          <![CDATA[
            Located just off Highway 15, across from Burnt Hills Road, at the Canadian Wollastonite property.
            Credit: <a href="mailto:coryjking@gmail.com">The King Family</a>
          ]]>
        </description>
        <ExtendedData>
          <Data name="gx_media_links">
            <value>https://roadsideattractions.ca/images/kinukshuk.jpg</value>
          </Data>
        </ExtendedData>
        <Point>
          <coordinates>44.46585,-76.25435,0</coordinates>
        </Point>
      </Placemark>
    
      <Placemark>
        <name>Steer</name>
        <description>
          <![CDATA[
            
            Credit: <a href="mailto:erven@eastlink.ca">Erven
Cestnick</a>
          ]]>
        </description>
        <ExtendedData>
          <Data name="gx_media_links">
            <value>https://roadsideattractions.ca/images/kingstonsteer.jpg</value>
          </Data>
        </ExtendedData>
        <Point>
          <coordinates>44.98596666666667,-64.95336666666667,0</coordinates>
        </Point>
      </Placemark>
    
      <Placemark>
        <name>Red Paper Clip</name>
        <description>
          <![CDATA[
            
            Credit: <a href="mailto:ajimreid@shaw.ca">James Reid</font></a>
          ]]>
        </description>
        <ExtendedData>
          <Data name="gx_media_links">
            <value>https://roadsideattractions.ca/images/kipling.jpg</value>
          </Data>
        </ExtendedData>
        <Point>
          <coordinates>50.101083333333335,-102.63251666666666,0</coordinates>
        </Point>
      </Placemark>
    
      <Placemark>
        <name>Miners Memorial</name>
        <description>
          <![CDATA[
            
            Credit: Ed Solonyka
          ]]>
        </description>
        <ExtendedData>
          <Data name="gx_media_links">
            <value>https://roadsideattractions.ca/images/kirkland.jpg</value>
          </Data>
        </ExtendedData>
        <Point>
          <coordinates>48.14718333333333,-80.0487,0</coordinates>
        </Point>
      </Placemark>
    
      <Placemark>
        <name>Hershey Bar And Kiss</name>
        <description>
          <![CDATA[
            
            Credit: <a href="mailto:bowser@iaw.on.ca">James Bowser</a>
          ]]>
        </description>
        <ExtendedData>
          <Data name="gx_media_links">
            <value>https://roadsideattractions.ca/images/kiss.jpg</value>
          </Data>
        </ExtendedData>
        <Point>
          <coordinates>43.09223333333333,-79.07088333333333,0</coordinates>
        </Point>
      </Placemark>
    
      <Placemark>
        <name>Kitchikewana</name>
        <description>
          <![CDATA[
            Main Street entrance to Penetanguishene Park
            Credit: <a href="mailto:michaelclarkcyc@yahoo.ca">Michael Clark</a> and Carey Tobey/Jenny Legget of the <a href="http://www.penetanguishene.ca/" target="_blank">Town of Penntanguishene</a>
          ]]>
        </description>
        <ExtendedData>
          <Data name="gx_media_links">
            <value>https://roadsideattractions.ca/images/kitchikewana.jpg</value>
          </Data>
        </ExtendedData>
        <Point>
          <coordinates>44.77226666666667,-79.93733333333333,0</coordinates>
        </Point>
      </Placemark>
    
      <Placemark>
        <name>Snowflake</name>
        <description>
          <![CDATA[
            
            Credit: Lynn Stevenson of the <a href="http://www.kitimatchamber.ca/">Kitimat 
  Chamber of Commerce</a>
          ]]>
        </description>
        <ExtendedData>
          <Data name="gx_media_links">
            <value>https://roadsideattractions.ca/images/kitimat.jpg</value>
          </Data>
        </ExtendedData>
        <Point>
          <coordinates>54.10418333333333,-128.60201666666666,0</coordinates>
        </Point>
      </Placemark>
    
      <Placemark>
        <name>Bear</name>
        <description>
          <![CDATA[
            
            Credit: <a href="mailto:rch31739@mts.net">Bob Hill</a>
          ]]>
        </description>
        <ExtendedData>
          <Data name="gx_media_links">
            <value>https://roadsideattractions.ca/images/kitimatbear.jpg</value>
          </Data>
        </ExtendedData>
        <Point>
          <coordinates>54.05605,-128.61123333333333,0</coordinates>
        </Point>
      </Placemark>
    
      <Placemark>
        <name>Klondike Mike</name>
        <description>
          <![CDATA[
            
            Credit: <a href="mailto:dalyn2@shaw.ca">Dale
Redekopp</a>
          ]]>
        </description>
        <ExtendedData>
          <Data name="gx_media_links">
            <value>https://roadsideattractions.ca/images/klondikemike.jpg</value>
          </Data>
        </ExtendedData>
        <Point>
          <coordinates>53.5659,-113.45381666666667,0</coordinates>
        </Point>
      </Placemark>
    
      <Placemark>
        <name>Giant Hockey Puck</name>
        <description>
          <![CDATA[
            
            Credit: <a href="mailto:gary.grabowski@ontario.ca">Gary Grabowski</a>
          ]]>
        </description>
        <ExtendedData>
          <Data name="gx_media_links">
            <value>https://roadsideattractions.ca/images/klpuck.jpg</value>
          </Data>
        </ExtendedData>
        <Point>
          <coordinates>48.14661666666667,-80.05121666666666,0</coordinates>
        </Point>
      </Placemark>
    
      <Placemark>
        <name>Mule Deer</name>
        <description>
          <![CDATA[
            
            Credit: <a href="mailto:hirning@shaw.ca">Lorraine Hirning</a>
          ]]>
        </description>
        <ExtendedData>
          <Data name="gx_media_links">
            <value>https://roadsideattractions.ca/images/kmuledeer.jpg</value>
          </Data>
        </ExtendedData>
        <Point>
          <coordinates>49.89736666666667,-119.49596666666666,0</coordinates>
        </Point>
      </Placemark>
    
      <Placemark>
        <name>Knight</name>
        <description>
          <![CDATA[
            
            Credit: <a href="mailto:bwkohut@shaw.ca">Boris Kohut</a>
          ]]>
        </description>
        <ExtendedData>
          <Data name="gx_media_links">
            <value>https://roadsideattractions.ca/images/knight.jpg</value>
          </Data>
        </ExtendedData>
        <Point>
          <coordinates>49.90405,-97.20203333333333,0</coordinates>
        </Point>
      </Placemark>
    
      <Placemark>
        <name>Peach</name>
        <description>
          <![CDATA[
            
            Credit: <a href="mailto:hirning@shaw.ca">Lorraine Hirning</a>
          ]]>
        </description>
        <ExtendedData>
          <Data name="gx_media_links">
            <value>https://roadsideattractions.ca/images/kpeach.jpg</value>
          </Data>
        </ExtendedData>
        <Point>
          <coordinates>49.8902,-119.49528333333333,0</coordinates>
        </Point>
      </Placemark>
    
      <Placemark>
        <name>Kokanee Beer Bottle And Glass</name>
        <description>
          <![CDATA[
            
            Credit: <a href="mailto:hirning@shaw.ca">Lorraine Hirning</a>
          ]]>
        </description>
        <ExtendedData>
          <Data name="gx_media_links">
            <value>https://roadsideattractions.ca/images/kokanee.jpg</value>
          </Data>
        </ExtendedData>
        <Point>
          <coordinates>49.08883333333333,-116.5078,0</coordinates>
        </Point>
      </Placemark>
    
      <Placemark>
        <name>The Almost Tallest Rose In The World</name>
        <description>
          <![CDATA[
            
            Credit: <a href="mailto:hirning@shaw.ca">Lorraine Hirning</a>
          ]]>
        </description>
        <ExtendedData>
          <Data name="gx_media_links">
            <value>https://roadsideattractions.ca/images/krose.jpg</value>
          </Data>
        </ExtendedData>
        <Point>
          <coordinates>49.860616666666665,-119.37701666666666,0</coordinates>
        </Point>
      </Placemark>
    
      <Placemark>
        <name>Large Chair And Side Table</name>
        <description>
          <![CDATA[
            
            Credit: <a href="mailto:edgard46@hotmail.com">Bonnie Bruneau</a>
          ]]>
        </description>
        <ExtendedData>
          <Data name="gx_media_links">
            <value>https://roadsideattractions.ca/images/labostonnais.jpg</value>
          </Data>
        </ExtendedData>
        <Point>
          <coordinates>47.52225,-72.68443333333333,0</coordinates>
        </Point>
      </Placemark>
    
      <Placemark>
        <name>Space Dock</name>
        <description>
          <![CDATA[
            
            Credit: <a href="mailto:rsampson@oanet.com">Ruth Sampson</a>
          ]]>
        </description>
        <ExtendedData>
          <Data name="gx_media_links">
            <value>https://roadsideattractions.ca/images/laclabiche.jpg</value>
          </Data>
        </ExtendedData>
        <Point>
          <coordinates>54.76636666666667,-111.98858333333334,0</coordinates>
        </Point>
      </Placemark>
    
      <Placemark>
        <name>Holstein</name>
        <description>
          <![CDATA[
            
            Credit: <a href="http://www.gbkphoto.com/">Gerald Kornelsen</a>
          ]]>
        </description>
        <ExtendedData>
          <Data name="gx_media_links">
            <value>https://roadsideattractions.ca/images/labroquerie.jpg</value>
          </Data>
        </ExtendedData>
        <Point>
          <coordinates>49.51781666666667,-96.51091666666667,0</coordinates>
        </Point>
      </Placemark>
    
      <Placemark>
        <name>Tomahawk</name>
        <description>
          <![CDATA[
            
            Credit: <a href="mailto:hirning@shaw.ca">Lorraine Hirning</a>
          ]]>
        </description>
        <ExtendedData>
          <Data name="gx_media_links">
            <value>https://roadsideattractions.ca/images/laclahache.jpg</value>
          </Data>
        </ExtendedData>
        <Point>
          <coordinates>51.81418333333333,-121.47643333333333,0</coordinates>
        </Point>
      </Placemark>
    
      <Placemark>
        <name>World's Tallest Tripod Orchard Ladder</name>
        <description>
          <![CDATA[
            
            Credit: Renee Dickinson of the <a HREF="http://www.dickinsonfamilyfarm.com/">Dickinson Family Farm</a>
          ]]>
        </description>
        <ExtendedData>
          <Data name="gx_media_links">
            <value>https://roadsideattractions.ca/images/ladder.jpg</value>
          </Data>
        </ExtendedData>
        <Point>
          <coordinates>49.61846666666667,-119.68695,0</coordinates>
        </Point>
      </Placemark>
    
      <Placemark>
        <name>Ladybug</name>
        <description>
          <![CDATA[
            
            Credit: <a href="mailto:ajimreid@shaw.ca">James
Reid</a>
          ]]>
        </description>
        <ExtendedData>
          <Data name="gx_media_links">
            <value>https://roadsideattractions.ca/images/ladybug.jpg</value>
          </Data>
        </ExtendedData>
        <Point>
          <coordinates>54.3429,-109.72468333333333,0</coordinates>
        </Point>
      </Placemark>
    
      <Placemark>
        <name>Lady Potato</name>
        <description>
          <![CDATA[
            In front of Motel Leo - 10021 Route 144, Grand Falls, New Brunswick.
            Credit: <a href="mailto:robert.pelletier72@gmail.com">Robert Pelletier</a>
          ]]>
        </description>
        <ExtendedData>
          <Data name="gx_media_links">
            <value>https://roadsideattractions.ca/images/ladypotato.jpg</value>
          </Data>
        </ExtendedData>
        <Point>
          <coordinates>47.06946666666666,-67.78515,0</coordinates>
        </Point>
      </Placemark>
    
      <Placemark>
        <name>Stone Statue</name>
        <description>
          <![CDATA[
            (N.E. at Hwy. 6 and 28).

            Credit: <a href="mailto:whaler@sympatico.ca">Dave Bailey</a>
          ]]>
        </description>
        <ExtendedData>
          <Data name="gx_media_links">
            <value>https://roadsideattractions.ca/images/lakefield.jpg</value>
          </Data>
        </ExtendedData>
        <Point>
          <coordinates>44.450450000000004,-78.25093333333334,0</coordinates>
        </Point>
      </Placemark>
    
      <Placemark>
        <name>World's Largest Oil Lamp</name>
        <description>
          <![CDATA[
            
            Credit: <a href="mailto:gfoxedm@telusplanet.net">Gerry Fox</a>
          ]]>
        </description>
        <ExtendedData>
          <Data name="gx_media_links">
            <value>https://roadsideattractions.ca/images/lamp.jpg</value>
          </Data>
        </ExtendedData>
        <Point>
          <coordinates>52.585366666666665,-112.57313333333333,0</coordinates>
        </Point>
      </Placemark>
    
      <Placemark>
        <name>Chokecherry</name>
        <description>
          <![CDATA[
            
            Credit: <a href="mailto:gfoxedm@telusplanet.net">Gerry Fox</a>
          ]]>
        </description>
        <ExtendedData>
          <Data name="gx_media_links">
            <value>https://roadsideattractions.ca/images/lancer.jpg</value>
          </Data>
        </ExtendedData>
        <Point>
          <coordinates>50.802233333333334,-108.88475,0</coordinates>
        </Point>
      </Placemark>
    
      <Placemark>
        <name>Heron</name>
        <description>
          <![CDATA[
            
            Credit: Walter Arksey, the webmaster of the <a href="http://www3.sympatico.ca/walterarksey/Langruth.html">Langruth, Manitoba</a> website
          ]]>
        </description>
        <ExtendedData>
          <Data name="gx_media_links">
            <value>https://roadsideattractions.ca/images/langruth.jpg</value>
          </Data>
        </ExtendedData>
        <Point>
          <coordinates>50.38055,-98.67513333333333,0</coordinates>
        </Point>
      </Placemark>
    
      <Placemark>
        <name>Speckled Trout</name>
        <description>
          <![CDATA[
            Beside Hnatiuk's taxidermy studio.
            Credit: <a href="mailto:valgreg@eastlink.ca">Valerie
Sweeney</a>
          ]]>
        </description>
        <ExtendedData>
          <Data name="gx_media_links">
            <value>https://roadsideattractions.ca/images/lantz.jpg</value>
          </Data>
        </ExtendedData>
        <Point>
          <coordinates>44.9853,-63.485366666666664,0</coordinates>
        </Point>
      </Placemark>
    
      <Placemark>
        <name>Lake Trout</name>
        <description>
          <![CDATA[
            
            Credit: <a href="mailto:gary.grabowski@ndm.gov.on.ca">Gary Grabowski</a>
          ]]>
        </description>
        <ExtendedData>
          <Data name="gx_media_links">
            <value>https://roadsideattractions.ca/images/larderlake.jpg</value>
          </Data>
        </ExtendedData>
        <Point>
          <coordinates>48.101,-79.71733333333333,0</coordinates>
        </Point>
      </Placemark>
    
      <Placemark>
        <name>Portage</name>
        <description>
          <![CDATA[
            
            Credit: <a href="mailto:ajimreid@shaw.ca">James
Reid</a>
          ]]>
        </description>
        <ExtendedData>
          <Data name="gx_media_links">
            <value>https://roadsideattractions.ca/images/laronge.jpg</value>
          </Data>
        </ExtendedData>
        <Point>
          <coordinates>55.10333333333333,-105.28486666666667,0</coordinates>
        </Point>
      </Placemark>
    
      <Placemark>
        <name>Barr Colonists Memorial</name>
        <description>
          <![CDATA[
            
            Credit: <a href="mailto:gfoxedm@telusplanet.net">Gerry Fox</a>
          ]]>
        </description>
        <ExtendedData>
          <Data name="gx_media_links">
            <value>https://roadsideattractions.ca/images/lashburn.jpg</value>
          </Data>
        </ExtendedData>
        <Point>
          <coordinates>53.12435,-109.61611666666667,0</coordinates>
        </Point>
      </Placemark>
    
      <Placemark>
        <name>Bobcat</name>
        <description>
          <![CDATA[
            
            Credit: <a href="mailto:dalyn2@shaw.ca">Dale
Redekopp</a>
          ]]>
        </description>
        <ExtendedData>
          <Data name="gx_media_links">
            <value>https://roadsideattractions.ca/images/leaderbobcat.jpg</value>
          </Data>
        </ExtendedData>
        <Point>
          <coordinates>50.8864,-109.54416666666667,0</coordinates>
        </Point>
      </Placemark>
    
      <Placemark>
        <name>Lectra Haul</name>
        <description>
          <![CDATA[
            
            Credit: <a href="mailto:pmongrain38@hotmail.com">Pierre Mongrain</a>
          ]]>
        </description>
        <ExtendedData>
          <Data name="gx_media_links">
            <value>https://roadsideattractions.ca/images/lectrahaul.jpg</value>
          </Data>
        </ExtendedData>
        <Point>
          <coordinates>45.78118333333333,-71.94028333333333,0</coordinates>
        </Point>
      </Placemark>
    
      <Placemark>
        <name>Legacy</name>
        <description>
          <![CDATA[
            
            Credit: <a href="mailto:cymagic@shaw.ca">Chris Yuill</a>
          ]]>
        </description>
        <ExtendedData>
          <Data name="gx_media_links">
            <value>https://roadsideattractions.ca/images/legacy.jpg</value>
          </Data>
        </ExtendedData>
        <Point>
          <coordinates>50.24593333333333,-119.27833333333334,0</coordinates>
        </Point>
      </Placemark>
    
      <Placemark>
        <name>Depression Pete</name>
        <description>
          <![CDATA[
            
            Credit: <a href="mailto:rsampson@oanet.com">Ruth Sampson</a>
          ]]>
        </description>
        <ExtendedData>
          <Data name="gx_media_links">
            <value>https://roadsideattractions.ca/images/legal.jpg</value>
          </Data>
        </ExtendedData>
        <Point>
          <coordinates>53.94891666666667,-113.5906,0</coordinates>
        </Point>
      </Placemark>
    
      <Placemark>
        <name>Canada Goose</name>
        <description>
          <![CDATA[
            
            Credit: <a href="http://www.lundar.ca/">Rural Municipality of Coldwell</a> and <a href="mailto:Faron.Cook@gov.mb.ca">Faron Cook</a>
          ]]>
        </description>
        <ExtendedData>
          <Data name="gx_media_links">
            <value>https://roadsideattractions.ca/images/lgoose.jpg</value>
          </Data>
        </ExtendedData>
        <Point>
          <coordinates>50.694583333333334,-98.04088333333333,0</coordinates>
        </Point>
      </Placemark>
    
      <Placemark>
        <name>Canal Lift Bridge</name>
        <description>
          <![CDATA[
            
            Credit: <a href="mailto:bowser@iaw.on.ca">James Bowser</a>
          ]]>
        </description>
        <ExtendedData>
          <Data name="gx_media_links">
            <value>https://roadsideattractions.ca/images/liftbridge.jpg</value>
          </Data>
        </ExtendedData>
        <Point>
          <coordinates>42.902316666666664,-79.27535,0</coordinates>
        </Point>
      </Placemark>
    
      <Placemark>
        <name>Grizzly Bear</name>
        <description>
          <![CDATA[
            
            Credit: <a href="mailto:rdonnan49@sasktel.net">Richard Donnan</a>
          ]]>
        </description>
        <ExtendedData>
          <Data name="gx_media_links">
            <value>https://roadsideattractions.ca/images/lgrizzly.jpg</value>
          </Data>
        </ExtendedData>
        <Point>
          <coordinates>53.27773333333333,-110.03753333333333,0</coordinates>
        </Point>
      </Placemark>
    
      <Placemark>
        <name>Lignite Louie</name>
        <description>
          <![CDATA[
            
            Credit: <a HREF="MAILTO:rtubbs@state.nd.us">Robert Tubbs</a>
          ]]>
        </description>
        <ExtendedData>
          <Data name="gx_media_links">
            <value>https://roadsideattractions.ca/images/lignite.jpg</value>
          </Data>
        </ExtendedData>
        <Point>
          <coordinates>49.1316,-102.97193333333334,0</coordinates>
        </Point>
      </Placemark>
    
      <Placemark>
        <name>Lilies</name>
        <description>
          <![CDATA[
            
            Credit: <a HREF="MAILTO:sking@greenpointsoftware.com">Stephen King</a>
          ]]>
        </description>
        <ExtendedData>
          <Data name="gx_media_links">
            <value>https://roadsideattractions.ca/images/lilies.jpg</value>
          </Data>
        </ExtendedData>
        <Point>
          <coordinates>53.16428333333333,-106.5402,0</coordinates>
        </Point>
      </Placemark>
    
      <Placemark>
        <name>Pelton Wheel Sculpture</name>
        <description>
          <![CDATA[
            
            Credit: <a href="http://www.campscout.com/">CampScout.com</a>
          ]]>
        </description>
        <ExtendedData>
          <Data name="gx_media_links">
            <value>https://roadsideattractions.ca/images/lillooet.jpg</value>
          </Data>
        </ExtendedData>
        <Point>
          <coordinates>50.682633333333335,-121.9323,0</coordinates>
        </Point>
      </Placemark>
    
      <Placemark>
        <name>Prairie Lily</name>
        <description>
          <![CDATA[
            
            Credit: <a HREF="MAILTO:rtubbs@state.nd.us">Robert Tubbs</a>
          ]]>
        </description>
        <ExtendedData>
          <Data name="gx_media_links">
            <value>https://roadsideattractions.ca/images/lilypot.jpg</value>
          </Data>
        </ExtendedData>
        <Point>
          <coordinates>49.658566666666665,-103.85105,0</coordinates>
        </Point>
      </Placemark>
    
      <Placemark>
        <name>Sky Dance</name>
        <description>
          <![CDATA[
            
            Credit: <a href="mailto:gfoxedm@telusplanet.net">Gerry Fox</a>
          ]]>
        </description>
        <ExtendedData>
          <Data name="gx_media_links">
            <value>https://roadsideattractions.ca/images/lloydminster.jpg</value>
          </Data>
        </ExtendedData>
        <Point>
          <coordinates>53.277683333333336,-109.9918,0</coordinates>
        </Point>
      </Placemark>
    
      <Placemark>
        <name>195b Bucyrus Erie Shovel</name>
        <description>
          <![CDATA[
            
            Credit: <a href="MAILTO:tango1020@hotmail.com">Steamfitter Scotty T.
</a>
          ]]>
        </description>
        <ExtendedData>
          <Data name="gx_media_links">
            <value>https://roadsideattractions.ca/images/llshovel.jpg</value>
          </Data>
        </ExtendedData>
        <Point>
          <coordinates>50.49216666666667,-120.81188333333333,0</coordinates>
        </Point>
      </Placemark>
    
      <Placemark>
        <name>Mosquito</name>
        <description>
          <![CDATA[
            
            Credit: <a href="mailto:lonecrow42@gmail.com">Scott McDonald</a>
          ]]>
        </description>
        <ExtendedData>
          <Data name="gx_media_links">
            <value>https://roadsideattractions.ca/images/lmosquito.jpg</value>
          </Data>
        </ExtendedData>
        <Point>
          <coordinates>44.417116666666665,-78.2923,0</coordinates>
        </Point>
      </Placemark>
    
      <Placemark>
        <name>Wabco 250 Ton Haulage Truck</name>
        <description>
          <![CDATA[
            
            Credit: "<a href=""MAILTO:tango1020@hotmail.com"">Steamfitter Scotty T.
</a>"
          ]]>
        </description>
        <ExtendedData>
          <Data name="gx_media_links">
            <value>https://roadsideattractions.ca/images/lltruck.jpg</value>
          </Data>
        </ExtendedData>
        <Point>
          <coordinates>50.49223333333333,-120.81191666666666,0</coordinates>
        </Point>
      </Placemark>
    
      <Placemark>
        <name>World's Largest Lobster</name>
        <description>
          <![CDATA[
            Located just off Main Street, near the Visitors Information Centre.
            Credit: L&L van Bodegom
          ]]>
        </description>
        <ExtendedData>
          <Data name="gx_media_links">
            <value>https://roadsideattractions.ca/images/lobster.jpg</value>
          </Data>
        </ExtendedData>
        <Point>
          <coordinates>46.218783333333334,-64.55556666666666,0</coordinates>
        </Point>
      </Placemark>
    
      <Placemark>
        <name>Lobster In Trap</name>
        <description>
          <![CDATA[
            In front of Pettipas Market 
(RR #2 Havre Boucher, Antigonish Co).
            Credit: Steve Robinson of Attractions on the Canadian Roadside
          ]]>
        </description>
        <ExtendedData>
          <Data name="gx_media_links">
            <value>https://roadsideattractions.ca/images/lobsterintrap.jpg</value>
          </Data>
        </ExtendedData>
        <Point>
          <coordinates>45.650616666666664,-61.442483333333335,0</coordinates>
        </Point>
      </Placemark>
    
      <Placemark>
        <name>Lobster Trap</name>
        <description>
          <![CDATA[
            
            Credit: Ashburn Peever
          ]]>
        </description>
        <ExtendedData>
          <Data name="gx_media_links">
            <value>https://roadsideattractions.ca/images/lobstertrap.jpg</value>
          </Data>
        </ExtendedData>
        <Point>
          <coordinates>44.37596666666666,-64.31238333333333,0</coordinates>
        </Point>
      </Placemark>
    
      <Placemark>
        <name>Lobster Trap</name>
        <description>
          <![CDATA[
            
            Credit: <a href="mailto:mfdc5@yahoo.com">Ryan King</a>
          ]]>
        </description>
        <ExtendedData>
          <Data name="gx_media_links">
            <value>https://roadsideattractions.ca/images/lockeport.jpg</value>
          </Data>
        </ExtendedData>
        <Point>
          <coordinates>43.69518333333333,-65.12295,0</coordinates>
        </Point>
      </Placemark>
    
      <Placemark>
        <name>Dinosaur</name>
        <description>
          <![CDATA[
            
            Credit:  <a href="mailto:Trevor%20Appelt%20%3Csendjokeshere@hotmail.com%3E">Trevor Appelt</a>
          ]]>
        </description>
        <ExtendedData>
          <Data name="gx_media_links">
            <value>https://roadsideattractions.ca/images/logbarndino.jpg</value>
          </Data>
        </ExtendedData>
        <Point>
          <coordinates>50.4897,-119.1376,0</coordinates>
        </Point>
      </Placemark>
    
      <Placemark>
        <name>Logging Arch</name>
        <description>
          <![CDATA[
            
            Credit: <a href="mailto:hirning@shaw.ca">Lorraine Hirning</a>
          ]]>
        </description>
        <ExtendedData>
          <Data name="gx_media_links">
            <value>https://roadsideattractions.ca/images/loggingarch.jpg</value>
          </Data>
        </ExtendedData>
        <Point>
          <coordinates>51.641783333333336,-121.2986,0</coordinates>
        </Point>
      </Placemark>
    
      <Placemark>
        <name>Logging Truck In The Sky</name>
        <description>
          <![CDATA[
            ~2.5 km NW at Hwys 13 & 822.
            Credit: <a href="mailto:lspicer@shaw.ca">Leigh Spicer</a>
          ]]>
        </description>
        <ExtendedData>
          <Data name="gx_media_links">
            <value>https://roadsideattractions.ca/images/loggingtruck.jpg</value>
          </Data>
        </ExtendedData>
        <Point>
          <coordinates>52.99366666666667,-113.21141666666666,0</coordinates>
        </Point>
      </Placemark>
    
      <Placemark>
        <name>55 Olds 88</name>
        <description>
          <![CDATA[
            1760 Pension Lane
            Credit: <a href="mailto:bowser@iaw.on.ca">James Bowser</a>
          ]]>
        </description>
        <ExtendedData>
          <Data name="gx_media_links">
            <value>https://roadsideattractions.ca/images/londoncar.jpg</value>
          </Data>
        </ExtendedData>
        <Point>
          <coordinates>42.976533333333336,-81.16141666666667,0</coordinates>
        </Point>
      </Placemark>
    
      <Placemark>
        <name>Horse Pulling Logs</name>
        <description>
          <![CDATA[
            
            Credit: <a href="http://www.gbkphoto.com/" Target="gk">Gerald Kornelsen</a>
          ]]>
        </description>
        <ExtendedData>
          <Data name="gx_media_links">
            <value>https://roadsideattractions.ca/images/longlac.jpg</value>
          </Data>
        </ExtendedData>
        <Point>
          <coordinates>49.779716666666666,-86.52736666666667,0</coordinates>
        </Point>
      </Placemark>
    
      <Placemark>
        <name>Cowboy</name>
        <description>
          <![CDATA[
            ~ 13 km south on Hwy 22 at junction of Hwy 540.
            Credit: <a href="mailto:dalyn2@shaw.ca">Dale Redekopp</a>
          ]]>
        </description>
        <ExtendedData>
          <Data name="gx_media_links">
            <value>https://roadsideattractions.ca/images/longview.jpg</value>
          </Data>
        </ExtendedData>
        <Point>
          <coordinates>50.420633333333335,-114.23138333333333,0</coordinates>
        </Point>
      </Placemark>
    
      <Placemark>
        <name>Loonie</name>
        <description>
          <![CDATA[
            
            Credit: <a href="http://www.fobba.com/surfside/">Surfside Bed and Breakfast</a>
          ]]>
        </description>
        <ExtendedData>
          <Data name="gx_media_links">
            <value>https://roadsideattractions.ca/images/loonie.jpg</value>
          </Data>
        </ExtendedData>
        <Point>
          <coordinates>46.48846666666667,-84.07358333333333,0</coordinates>
        </Point>
      </Placemark>
    
      <Placemark>
        <name>Camel</name>
        <description>
          <![CDATA[
            6 km west on Hwy. 55.
            Credit: <a href="mailto:ajimreid@shaw.ca">Jim Reid</a>
          ]]>
        </description>
        <ExtendedData>
          <Data name="gx_media_links">
            <value>https://roadsideattractions.ca/images/love.jpg</value>
          </Data>
        </ExtendedData>
        <Point>
          <coordinates>53.48205,-104.27475,0</coordinates>
        </Point>
      </Placemark>
    
      <Placemark>
        <name>Sturgeon</name>
        <description>
          <![CDATA[
            
            Credit: <a href="mailto:hirning@shaw.ca">Lorraine Hirning</a>
          ]]>
        </description>
        <ExtendedData>
          <Data name="gx_media_links">
            <value>https://roadsideattractions.ca/images/lsturgeon.jpg</value>
          </Data>
        </ExtendedData>
        <Point>
          <coordinates>50.89191666666667,-109.54141666666666,0</coordinates>
        </Point>
      </Placemark>
    
      <Placemark>
        <name>Luiggi's Truck</name>
        <description>
          <![CDATA[
            
            Credit: <a href="mailto:wenjen@sasktel.net">Wendalynn Jensen</a>
          ]]>
        </description>
        <ExtendedData>
          <Data name="gx_media_links">
            <value>https://roadsideattractions.ca/images/luiggitruck.jpg</value>
          </Data>
        </ExtendedData>
        <Point>
          <coordinates>50.48376666666667,-104.61921666666667,0</coordinates>
        </Point>
      </Placemark>
    
      <Placemark>
        <name>Lumberjack</name>
        <description>
          <![CDATA[
            
            Credit: Kedgwick Forestry Museum
          ]]>
        </description>
        <ExtendedData>
          <Data name="gx_media_links">
            <value>https://roadsideattractions.ca/images/lumberjack.jpg</value>
          </Data>
        </ExtendedData>
        <Point>
          <coordinates>47.6525,-67.3431,0</coordinates>
        </Point>
      </Placemark>
    
      <Placemark>
        <name>Lumberjack And Chainsaw</name>
        <description>
          <![CDATA[
            
            Credit: <a href="http://www.campscout.com/">CampScout.com</a>
          ]]>
        </description>
        <ExtendedData>
          <Data name="gx_media_links">
            <value>https://roadsideattractions.ca/images/lumberjackfsj.jpg</value>
          </Data>
        </ExtendedData>
        <Point>
          <coordinates>54.44475,-124.25946666666667,0</coordinates>
        </Point>
      </Placemark>
    
      <Placemark>
        <name>Horse And Buggy</name>
        <description>
          <![CDATA[
            
            Credit: <a href="mailto:bolfert@sasktel.net">Gerri Olfert</a>
          ]]>
        </description>
        <ExtendedData>
          <Data name="gx_media_links">
            <value>https://roadsideattractions.ca/images/luseland.jpg</value>
          </Data>
        </ExtendedData>
        <Point>
          <coordinates>52.0793,-109.39548333333333,0</coordinates>
        </Point>
      </Placemark>
    
      <Placemark>
        <name>Red Headed Woodpecker</name>
        <description>
          <![CDATA[
            
            Credit: <a href="mailto:rdonnan@shaw.ca">Richard Donnan</a>
          ]]>
        </description>
        <ExtendedData>
          <Data name="gx_media_links">
            <value>https://roadsideattractions.ca/images/lwoodpecker.jpg</value>
          </Data>
        </ExtendedData>
        <Point>
          <coordinates>50.88518333333333,-109.5368,0</coordinates>
        </Point>
      </Placemark>
    
      <Placemark>
        <name>Magnet</name>
        <description>
          <![CDATA[
            Magnetic Hill
            Credit: <a href="mailto:dakotathedog@sympatico.ca">Sheldon Hingst</a>
          ]]>
        </description>
        <ExtendedData>
          <Data name="gx_media_links">
            <value>https://roadsideattractions.ca/images/magnet.jpg</value>
          </Data>
        </ExtendedData>
        <Point>
          <coordinates>46.13558333333334,-64.88806666666666,0</coordinates>
        </Point>
      </Placemark>
    
      <Placemark>
        <name>Muskoka Chair</name>
        <description>
          <![CDATA[
            
            Credit: <a href="mailto:mfdc5@yahoo.com">Ryan King</a>
          ]]>
        </description>
        <ExtendedData>
          <Data name="gx_media_links">
            <value>https://roadsideattractions.ca/images/maitlandchair.jpg</value>
          </Data>
        </ExtendedData>
        <Point>
          <coordinates>45.31815,-63.497416666666666,0</coordinates>
        </Point>
      </Placemark>
    
      <Placemark>
        <name>Sheave Wheel</name>
        <description>
          <![CDATA[
            
            Credit: <a href="mailto:bhamilton_4@sympatico.ca">Brenda Hamilton</a>
          ]]>
        </description>
        <ExtendedData>
          <Data name="gx_media_links">
            <value>https://roadsideattractions.ca/images/malagash.jpg</value>
          </Data>
        </ExtendedData>
        <Point>
          <coordinates>45.79241666666667,-63.328716666666665,0</coordinates>
        </Point>
      </Placemark>
    
      <Placemark>
        <name>Maman - Spider</name>
        <description>
          <![CDATA[
            
            Credit: <a href="mailto:hansraffelt@rogers.com">Hans Raffelt</a>
          ]]>
        </description>
        <ExtendedData>
          <Data name="gx_media_links">
            <value>https://roadsideattractions.ca/images/maman.jpg</value>
          </Data>
        </ExtendedData>
        <Point>
          <coordinates>45.429183333333334,-75.6974,0</coordinates>
        </Point>
      </Placemark>
    
      <Placemark>
        <name>Mammoth Family</name>
        <description>
          <![CDATA[
            
            Credit: Yukon Government
          ]]>
        </description>
        <ExtendedData>
          <Data name="gx_media_links">
            <value>https://roadsideattractions.ca/images/mammoth.jpg</value>
          </Data>
        </ExtendedData>
        <Point>
          <coordinates>60.709966666666666,-135.08033333333333,0</coordinates>
        </Point>
      </Placemark>
    
      <Placemark>
        <name>Play In The Extreme</name>
        <description>
          <![CDATA[
            Hwy's 17 & 614.
            Credit: <a href="mailto:seanm@shaw.ca">Sean</a>
          ]]>
        </description>
        <ExtendedData>
          <Data name="gx_media_links">
            <value>https://roadsideattractions.ca/images/manitouwadge.jpg</value>
          </Data>
        </ExtendedData>
        <Point>
          <coordinates>48.703783333333334,-85.8591,0</coordinates>
        </Point>
      </Placemark>
    
      <Placemark>
        <name>Bear</name>
        <description>
          <![CDATA[
            
            Credit: <a HREF="MAILTO:misplacedmanitobains@home.com">Connie Dotten</a>
          ]]>
        </description>
        <ExtendedData>
          <Data name="gx_media_links">
            <value>https://roadsideattractions.ca/images/manning.jpg</value>
          </Data>
        </ExtendedData>
        <Point>
          <coordinates>49.063766666666666,-120.78591666666667,0</coordinates>
        </Point>
      </Placemark>
    
      <Placemark>
        <name>Moose</name>
        <description>
          <![CDATA[
            
            Credit: <a href="mailto:librarian@manninglibrary.ab.ca">Lesley Spry-Shandro of the Manning Municipal Library</a>
          ]]>
        </description>
        <ExtendedData>
          <Data name="gx_media_links">
            <value>https://roadsideattractions.ca/images/manningmoose.jpg</value>
          </Data>
        </ExtendedData>
        <Point>
          <coordinates>56.92601666666667,-117.6264,0</coordinates>
        </Point>
      </Placemark>
    
      <Placemark>
        <name>Eagle On Globe</name>
        <description>
          <![CDATA[
            
            Credit: <a href="mailto:rdonnan49@sasktel.net">Richard Donnan</a>
          ]]>
        </description>
        <ExtendedData>
          <Data name="gx_media_links">
            <value>https://roadsideattractions.ca/images/maplecreek.jpg</value>
          </Data>
        </ExtendedData>
        <Point>
          <coordinates>49.9059,-109.48015,0</coordinates>
        </Point>
      </Placemark>
    
      <Placemark>
        <name>World's Largest Maple Leaf</name>
        <description>
          <![CDATA[
            
            Credit: Promoting New Brunswick

          ]]>
        </description>
        <ExtendedData>
          <Data name="gx_media_links">
            <value>https://roadsideattractions.ca/images/mapleleaf.jpg</value>
          </Data>
        </ExtendedData>
        <Point>
          <coordinates>46.13066666666667,-67.19548333333333,0</coordinates>
        </Point>
      </Placemark>
    
      <Placemark>
        <name>Maple Leaf Shelter</name>
        <description>
          <![CDATA[
            At Charlottetown Event Grounds.
            Credit: <a href="mailto:mfdc5@yahoo.com">Ryan King</a>
          ]]>
        </description>
        <ExtendedData>
          <Data name="gx_media_links">
            <value>https://roadsideattractions.ca/images/mapleleaves.jpg</value>
          </Data>
        </ExtendedData>
        <Point>
          <coordinates>46.240566666666666,-63.11468333333333,0</coordinates>
        </Point>
      </Placemark>
    
      <Placemark>
        <name>Marbles On Portage</name>
        <description>
          <![CDATA[
            These sculptures were moved from the median on Portage Avenue to the yard around Mayfair Recreation Centre in 2016.
            Credit: <a href="mailto:bwkohut@shaw.ca">Boris Kohut</a>
          ]]>
        </description>
        <ExtendedData>
          <Data name="gx_media_links">
            <value>https://roadsideattractions.ca/images/marbles.jpg</value>
          </Data>
        </ExtendedData>
        <Point>
          <coordinates>49.88223333333333,-97.1378,0</coordinates>
        </Point>
      </Placemark>
    
      <Placemark>
        <name>The Mariner</name>
        <description>
          <![CDATA[
            
            Credit: <a href="http://www.covemotel.com/">Cove Motel</a>
          ]]>
        </description>
        <ExtendedData>
          <Data name="gx_media_links">
            <value>https://roadsideattractions.ca/images/mariner.jpg</value>
          </Data>
        </ExtendedData>
        <Point>
          <coordinates>45.65781666666667,-61.45053333333333,0</coordinates>
        </Point>
      </Placemark>
    
      <Placemark>
        <name>Marine Captain</name>
        <description>
          <![CDATA[
            
            Credit: <a href="mailto:rch31739@mts.net">Bob Hill</a>
          ]]>
        </description>
        <ExtendedData>
          <Data name="gx_media_links">
            <value>https://roadsideattractions.ca/images/marinecaptain.jpg</value>
          </Data>
        </ExtendedData>
        <Point>
          <coordinates>54.31695,-130.3232,0</coordinates>
        </Point>
      </Placemark>
    
      <Placemark>
        <name>Border Markers</name>
        <description>
          <![CDATA[
            
            Credit: <a href="mailto:dalyn2@shaw.ca">Dale
Redekopp</a>
          ]]>
        </description>
        <ExtendedData>
          <Data name="gx_media_links">
            <value>https://roadsideattractions.ca/images/markers.jpg</value>
          </Data>
        </ExtendedData>
        <Point>
          <coordinates>53.27838333333333,-110.00573333333334,0</coordinates>
        </Point>
      </Placemark>
    
      <Placemark>
        <name>Inuksuk</name>
        <description>
          <![CDATA[
            
            Credit: <a href="mailto:lynnebridgewater@sympatico.ca">Lynne</a>
          ]]>
        </description>
        <ExtendedData>
          <Data name="gx_media_links">
            <value>https://roadsideattractions.ca/images/marmora.jpg</value>
          </Data>
        </ExtendedData>
        <Point>
          <coordinates>44.48878333333333,-77.66205,0</coordinates>
        </Point>
      </Placemark>
    
      <Placemark>
        <name>Marnevic Man</name>
        <description>
          <![CDATA[
            
            Credit: LCRA
          ]]>
        </description>
        <ExtendedData>
          <Data name="gx_media_links">
            <value>https://roadsideattractions.ca/images/marnevic.jpg</value>
          </Data>
        </ExtendedData>
        <Point>
          <coordinates>54.3925,-116.79708333333333,0</coordinates>
        </Point>
      </Placemark>
    
      <Placemark>
        <name>Large Walleye</name>
        <description>
          <![CDATA[
            
            Credit: <a href="http://www.gbkphoto.com/">Gerald Kornelsen</a>; update: Ed Solonyka
          ]]>
        </description>
        <ExtendedData>
          <Data name="gx_media_links">
            <value>https://roadsideattractions.ca/images/martenriver.jpg</value>
          </Data>
        </ExtendedData>
        <Point>
          <coordinates>46.696583333333336,-79.76933333333334,0</coordinates>
        </Point>
      </Placemark>
    
      <Placemark>
        <name>Cutthroat Trout</name>
        <description>
          <![CDATA[
            
            Credit: <a href="mailto:burdettd@telusplanet.net">Lynn Burdett</a>
          ]]>
        </description>
        <ExtendedData>
          <Data name="gx_media_links">
            <value>https://roadsideattractions.ca/images/marysvillefalls.jpg</value>
          </Data>
        </ExtendedData>
        <Point>
          <coordinates>49.63685,-115.96075,0</coordinates>
        </Point>
      </Placemark>
    
      <Placemark>
        <name>Saber Tooth Tiger</name>
        <description>
          <![CDATA[
            
            Credit: <a href="mailto:wenjen@sasktel.net">Wendalynn Jensen Donnan</a>
          ]]>
        </description>
        <ExtendedData>
          <Data name="gx_media_links">
            <value>https://roadsideattractions.ca/images/martinsville.jpg</value>
          </Data>
        </ExtendedData>
        <Point>
          <coordinates>52.322383333333335,-106.6775,0</coordinates>
        </Point>
      </Placemark>
    
      <Placemark>
        <name>Heron</name>
        <description>
          <![CDATA[
            
            Credit: <a href="mailto:tiggerluv91@hotmail.com">
          ]]>
        </description>
        <ExtendedData>
          <Data name="gx_media_links">
            <value>https://roadsideattractions.ca/images/masset.jpg</value>
          </Data>
        </ExtendedData>
        <Point>
          <coordinates>54.01253333333333,-132.14658333333333,0</coordinates>
        </Point>
      </Placemark>
    
      <Placemark>
        <name>Lumberjack</name>
        <description>
          <![CDATA[
            
            Credit: Preston Scott
          ]]>
        </description>
        <ExtendedData>
          <Data name="gx_media_links">
            <value>https://roadsideattractions.ca/images/masseyc.jpg</value>
          </Data>
        </ExtendedData>
        <Point>
          <coordinates>46.21273333333333,-82.07608333333333,0</coordinates>
        </Point>
      </Placemark>
    
      <Placemark>
        <name>Mastodon</name>
        <description>
          <![CDATA[
            Mastodon Ridge - 87 Main Street West,
Stewiacke, Nova Scotia.
            Credit: <a href="mailto:grb@brunnet.net">Gary Boole</a>
          ]]>
        </description>
        <ExtendedData>
          <Data name="gx_media_links">
            <value>https://roadsideattractions.ca/images/mastodon.jpg</value>
          </Data>
        </ExtendedData>
        <Point>
          <coordinates>45.1414,-63.36103333333333,0</coordinates>
        </Point>
      </Placemark>
    
      <Placemark>
        <name>Whale</name>
        <description>
          <![CDATA[
            ~ 2.5 km west on 132.
            Credit: <a href="https://www.facebook.com/394361037329661/photos/a.396327790466319.1073741828.394361037329661/569476459818117/?type=1&amp;theater">Société
d'histoire et de généalogie de Matane</a>
          ]]>
        </description>
        <ExtendedData>
          <Data name="gx_media_links">
            <value>https://roadsideattractions.ca/images/matane.jpg</value>
          </Data>
        </ExtendedData>
        <Point>
          <coordinates>48.814933333333336,-67.60715,0</coordinates>
        </Point>
      </Placemark>
    
      <Placemark>
        <name>Voyageur</name>
        <description>
          <![CDATA[
            
            Credit: <a href="http://www.gbkphoto.com/">Gerald Kornelsen</a>
          ]]>
        </description>
        <ExtendedData>
          <Data name="gx_media_links">
            <value>https://roadsideattractions.ca/images/mattice.jpg</value>
          </Data>
        </ExtendedData>
        <Point>
          <coordinates>49.61366666666667,-83.2658,0</coordinates>
        </Point>
      </Placemark>
    
      <Placemark>
        <name>T-Rex</name>
        <description>
          <![CDATA[
            
            Credit: <a HREF="MAILTO:brian.atkinson@ndm.gov.on.ca">Brian Atkinson</a>
          ]]>
        </description>
        <ExtendedData>
          <Data name="gx_media_links">
            <value>https://roadsideattractions.ca/images/matticea.jpg</value>
          </Data>
        </ExtendedData>
        <Point>
          <coordinates>49.60723333333333,-83.24246666666667,0</coordinates>
        </Point>
      </Placemark>
    
      <Placemark>
        <name>Bear Family</name>
        <description>
          <![CDATA[
            
            Credit: <a href="mailto:coryjking@gmail.com">The King Family</a>
          ]]>
        </description>
        <ExtendedData>
          <Data name="gx_media_links">
            <value>https://roadsideattractions.ca/images/maynoothb.jpg</value>
          </Data>
        </ExtendedData>
        <Point>
          <coordinates>45.23081666666667,-77.9384,0</coordinates>
        </Point>
      </Placemark>
    
      <Placemark>
        <name>Train Conductor</name>
        <description>
          <![CDATA[
            
            Credit: <a href="http://www.gbkphoto.com/">Gerald Kornelsen</a>
          ]]>
        </description>
        <ExtendedData>
          <Data name="gx_media_links">
            <value>https://roadsideattractions.ca/images/mcadam.jpg</value>
          </Data>
        </ExtendedData>
        <Point>
          <coordinates>45.5897,-67.33008333333333,0</coordinates>
        </Point>
      </Placemark>
    
      <Placemark>
        <name>Bears</name>
        <description>
          <![CDATA[
            
            Credit: <a href="mailto:rsampson@oanet.com">Ruth Sampson</a>
          ]]>
        </description>
        <ExtendedData>
          <Data name="gx_media_links">
            <value>https://roadsideattractions.ca/images/mcbride.jpg</value>
          </Data>
        </ExtendedData>
        <Point>
          <coordinates>53.30453333333333,-120.16393333333333,0</coordinates>
        </Point>
      </Placemark>
    
      <Placemark>
        <name>Airplane Weathervane</name>
        <description>
          <![CDATA[
            
            Credit: <a href="mailto:gfoxedm@telusplanet.net">Gerry Fox</a>; update: Ed Solonyka
          ]]>
        </description>
        <ExtendedData>
          <Data name="gx_media_links">
            <value>https://roadsideattractions.ca/images/mckerrow.jpg</value>
          </Data>
        </ExtendedData>
        <Point>
          <coordinates>46.287016666666666,-81.7515,0</coordinates>
        </Point>
      </Placemark>
    
      <Placemark>
        <name>Whitetail Deer</name>
        <description>
          <![CDATA[
            
            Credit: Jackie White of the <a href="http://www.assiginack.ca/" target="_blank">Township of Assiginack</a>
          ]]>
        </description>
        <ExtendedData>
          <Data name="gx_media_links">
            <value>https://roadsideattractions.ca/images/mdeer.jpg</value>
          </Data>
        </ExtendedData>
        <Point>
          <coordinates>45.740066666666664,-81.81486666666666,0</coordinates>
        </Point>
      </Placemark>
    
      <Placemark>
        <name>Duck</name>
        <description>
          <![CDATA[
            2200 Dundas Street East
            Credit: Dana Sixty
          ]]>
        </description>
        <ExtendedData>
          <Data name="gx_media_links">
            <value>https://roadsideattractions.ca/images/mduck.jpg</value>
          </Data>
        </ExtendedData>
        <Point>
          <coordinates>43.62605,-79.56561666666667,0</coordinates>
        </Point>
      </Placemark>
    
      <Placemark>
        <name>Western Meadowlark, Prairie Rattlesnake And Prickly Pear Cactus</name>
        <description>
          <![CDATA[
            
            Credit: <a href="http://www.leader.ca/">Town of Leader</a>
          ]]>
        </description>
        <ExtendedData>
          <Data name="gx_media_links">
            <value>https://roadsideattractions.ca/images/meadowlark.jpg</value>
          </Data>
        </ExtendedData>
        <Point>
          <coordinates>50.8856,-109.5425,0</coordinates>
        </Point>
      </Placemark>
    
      <Placemark>
        <name>Bucking Horse And Rider</name>
        <description>
          <![CDATA[
            
            Credit: Richard Levesque of
the <a href="http://www.meadowlake.ca/" target="_blank">Town
of Meadow Lake, Saskatchewan</a>
          ]]>
        </description>
        <ExtendedData>
          <Data name="gx_media_links">
            <value>https://roadsideattractions.ca/images/meadowlake.jpg</value>
          </Data>
        </ExtendedData>
        <Point>
          <coordinates>54.12896666666666,-108.43323333333333,0</coordinates>
        </Point>
      </Placemark>
    
      <Placemark>
        <name>Mushrooms</name>
        <description>
          <![CDATA[
            
            Credit: <a href="mailto:gfoxedm@telusplanet.net">Gerry Fox</a>
          ]]>
        </description>
        <ExtendedData>
          <Data name="gx_media_links">
            <value>https://roadsideattractions.ca/images/meleb.jpg</value>
          </Data>
        </ExtendedData>
        <Point>
          <coordinates>50.72806666666666,-97.2271,0</coordinates>
        </Point>
      </Placemark>
    
      <Placemark>
        <name>Caterpillar In The Sky</name>
        <description>
          <![CDATA[
            
            Credit: <a href="mailto:rdonnan49@sasktel.net">Richard Donnan</a>
          ]]>
        </description>
        <ExtendedData>
          <Data name="gx_media_links">
            <value>https://roadsideattractions.ca/images/melfortcat.jpg</value>
          </Data>
        </ExtendedData>
        <Point>
          <coordinates>52.84191666666667,-104.58645,0</coordinates>
        </Point>
      </Placemark>
    
      <Placemark>
        <name>Semi-Truck In The Sky</name>
        <description>
          <![CDATA[
            
            Credit: <a href="mailto:wenjen@sasktel.net">Wendalynn Jensen</a>
          ]]>
        </description>
        <ExtendedData>
          <Data name="gx_media_links">
            <value>https://roadsideattractions.ca/images/melfortsemi.jpg</value>
          </Data>
        </ExtendedData>
        <Point>
          <coordinates>52.84265,-104.59261666666667,0</coordinates>
        </Point>
      </Placemark>
    
      <Placemark>
        <name>Sunny The Banana And Breezy The Blue Jay</name>
        <description>
          <![CDATA[
            
            Credit: <a href="mailto:hirning@shaw.ca">Lorraine Hirning</a>
          ]]>
        </description>
        <ExtendedData>
          <Data name="gx_media_links">
            <value>https://roadsideattractions.ca/images/melita.jpg</value>
          </Data>
        </ExtendedData>
        <Point>
          <coordinates>49.270833333333336,-100.98641666666667,0</coordinates>
        </Point>
      </Placemark>
    
      <Placemark>
        <name>Lilies</name>
        <description>
          <![CDATA[
            
            Credit: <a href="mailto:gfoxedm@telusplanet.net">Gerry Fox</a>
          ]]>
        </description>
        <ExtendedData>
          <Data name="gx_media_links">
            <value>https://roadsideattractions.ca/images/melville.jpg</value>
          </Data>
        </ExtendedData>
        <Point>
          <coordinates>50.9427,-102.78805,0</coordinates>
        </Point>
      </Placemark>
    
      <Placemark>
        <name>Metal Buffalo</name>
        <description>
          <![CDATA[
            
            Credit: <a href="mailto:ajimreid@shaw.ca"></a>
          ]]>
        </description>
        <ExtendedData>
          <Data name="gx_media_links">
            <value>https://roadsideattractions.ca/images/melvillemb.jpg</value>
          </Data>
        </ExtendedData>
        <Point>
          <coordinates>50.94263333333333,-102.78815,0</coordinates>
        </Point>
      </Placemark>
    
      <Placemark>
        <name>55 Oldsmobile</name>
        <description>
          <![CDATA[
            
            Credit: <a href="mailto:rdonnan49@sasktel.net">Richard Donnan</a>
          ]]>
        </description>
        <ExtendedData>
          <Data name="gx_media_links">
            <value>https://roadsideattractions.ca/images/melvilleolds.jpg</value>
          </Data>
        </ExtendedData>
        <Point>
          <coordinates>50.92556666666667,-102.80261666666667,0</coordinates>
        </Point>
      </Placemark>
    
      <Placemark>
        <name>Mennonite Boy</name>
        <description>
          <![CDATA[
            
            Credit: Laurie of <a HREF="http://mennonitefurniture.on.ca/">Mennonite Furniture and Gifts Inc.</a>. Update (2016) - <a href="mailto:roadsides@roadsideattractions.ca">Mira van Bodegom</a>
          ]]>
        </description>
        <ExtendedData>
          <Data name="gx_media_links">
            <value>https://roadsideattractions.ca/images/mennonite.jpg</value>
          </Data>
        </ExtendedData>
        <Point>
          <coordinates>43.41438333333333,-80.30395,0</coordinates>
        </Point>
      </Placemark>
    
      <Placemark>
        <name>Metal Fish</name>
        <description>
          <![CDATA[
            
            Credit: <a href="mailto:coryjking@gmail.com">King Family</a>
          ]]>
        </description>
        <ExtendedData>
          <Data name="gx_media_links">
            <value>https://roadsideattractions.ca/images/metalfish.jpg</value>
          </Data>
        </ExtendedData>
        <Point>
          <coordinates>45.08476666666667,-67.08008333333333,0</coordinates>
        </Point>
      </Placemark>
    
      <Placemark>
        <name>Metal Ship</name>
        <description>
          <![CDATA[
            ~ 10 km nw at Quebec/New Brunswick border.
            Credit: <a href="mailto:coryjking@gmail.com">King Family</a>
          ]]>
        </description>
        <ExtendedData>
          <Data name="gx_media_links">
            <value>https://roadsideattractions.ca/images/metalship.jpg</value>
          </Data>
        </ExtendedData>
        <Point>
          <coordinates>47.48303333333333,-68.47895,0</coordinates>
        </Point>
      </Placemark>
    
      <Placemark>
        <name>Metal Warrior</name>
        <description>
          <![CDATA[
            ~ 5 km south on H861.
            Credit: <a href="mailto:dalyn2@shaw.ca">Dale
Redekopp</a>
          ]]>
        </description>
        <ExtendedData>
          <Data name="gx_media_links">
            <value>https://roadsideattractions.ca/images/metalwarrior.jpg</value>
          </Data>
        </ExtendedData>
        <Point>
          <coordinates>52.462383333333335,-111.92543333333333,0</coordinates>
        </Point>
      </Placemark>
    
      <Placemark>
        <name>Lobster</name>
        <description>
          <![CDATA[
            
            Credit: <a href="mailto:justin.miers@virgin.net">Justin Miers</a>
          ]]>
        </description>
        <ExtendedData>
          <Data name="gx_media_links">
            <value>https://roadsideattractions.ca/images/mhlobster.jpg</value>
          </Data>
        </ExtendedData>
        <Point>
          <coordinates>49.26595,-54.99418333333333,0</coordinates>
        </Point>
      </Placemark>
    
      <Placemark>
        <name>Metal Man</name>
        <description>
          <![CDATA[
            
            Credit: <a href="mailto:hirning@shaw.ca">Lorraine Hirning</a>
          ]]>
        </description>
        <ExtendedData>
          <Data name="gx_media_links">
            <value>https://roadsideattractions.ca/images/mhmetalman.jpg</value>
          </Data>
        </ExtendedData>
        <Point>
          <coordinates>50.024566666666665,-110.70581666666666,0</coordinates>
        </Point>
      </Placemark>
    
      <Placemark>
        <name>Metal Hockey Player</name>
        <description>
          <![CDATA[
            
            Credit: <a href="mailto:hirning@shaw.ca">Lorraine Hirning</a>
          ]]>
        </description>
        <ExtendedData>
          <Data name="gx_media_links">
            <value>https://roadsideattractions.ca/images/mhp.jpg</value>
          </Data>
        </ExtendedData>
        <Point>
          <coordinates>51.086533333333335,-114.34585,0</coordinates>
        </Point>
      </Placemark>
    
      <Placemark>
        <name>Flintstone Car</name>
        <description>
          <![CDATA[
            
            Credit: <a href="mailto:ajimreid@shaw.ca">Jim Reid</a>
          ]]>
        </description>
        <ExtendedData>
          <Data name="gx_media_links">
            <value>https://roadsideattractions.ca/images/middlelake.jpg</value>
          </Data>
        </ExtendedData>
        <Point>
          <coordinates>52.47995,-105.29901666666666,0</coordinates>
        </Point>
      </Placemark>
    
      <Placemark>
        <name>Largest Outdoor Historical Mural In North America</name>
        <description>
          <![CDATA[
            
            Credit: Eric Nisbet
          ]]>
        </description>
        <ExtendedData>
          <Data name="gx_media_links">
            <value>https://roadsideattractions.ca/images/midlandmural.jpg</value>
          </Data>
        </ExtendedData>
        <Point>
          <coordinates>44.752433333333336,-79.88928333333334,0</coordinates>
        </Point>
      </Placemark>
    
      <Placemark>
        <name>Trumpeter Swan</name>
        <description>
          <![CDATA[
            Harbour Side Park
            Credit: Ed Solonyka

          ]]>
        </description>
        <ExtendedData>
          <Data name="gx_media_links">
            <value>https://roadsideattractions.ca/images/midland.jpg</value>
          </Data>
        </ExtendedData>
        <Point>
          <coordinates>44.7523,-79.88876666666667,0</coordinates>
        </Point>
      </Placemark>
    
      <Placemark>
        <name>Mile 0 Alaska Highway</name>
        <description>
          <![CDATA[
            
            Credit: <a href="mailto:lspicer@shaw.ca">Leigh Spicer</a>
          ]]>
        </description>
        <ExtendedData>
          <Data name="gx_media_links">
            <value>https://roadsideattractions.ca/images/mile0.jpg</value>
          </Data>
        </ExtendedData>
        <Point>
          <coordinates>55.758433333333336,-120.22875,0</coordinates>
        </Point>
      </Placemark>
    
      <Placemark>
        <name>Dinosaur</name>
        <description>
          <![CDATA[
            
            Credit: Photo by Dan Howitt sent by <a href="mailto:Derek.Ryder@Crestar-Energy.com">Derek Ryder</a>
          ]]>
        </description>
        <ExtendedData>
          <Data name="gx_media_links">
            <value>https://roadsideattractions.ca/images/milkriver.jpg</value>
          </Data>
        </ExtendedData>
        <Point>
          <coordinates>49.14305,-112.08076666666666,0</coordinates>
        </Point>
      </Placemark>
    
      <Placemark>
        <name>Stone Bulldozer</name>
        <description>
          <![CDATA[
            
            Credit: Stacy Spitzig
          ]]>
        </description>
        <ExtendedData>
          <Data name="gx_media_links">
            <value>https://roadsideattractions.ca/images/millerlake.jpg</value>
          </Data>
        </ExtendedData>
        <Point>
          <coordinates>45.05596666666667,-81.38165,0</coordinates>
        </Point>
      </Placemark>
    
      <Placemark>
        <name>Ice Cream Hut</name>
        <description>
          <![CDATA[
            Located at 119 Bobcaygeon Road, Minden, Ontario.
            Credit: <a href="mailto:Dreamer19997@aol.com">Darryl
  Balmas</a>
          ]]>
        </description>
        <ExtendedData>
          <Data name="gx_media_links">
            <value>https://roadsideattractions.ca/images/minden.jpg</value>
          </Data>
        </ExtendedData>
        <Point>
          <coordinates>44.9257,-78.72558333333333,0</coordinates>
        </Point>
      </Placemark>
    
      <Placemark>
        <name>Mini On Wall</name>
        <description>
          <![CDATA[
            
            Credit: <a href="mailto:bwkohut@shaw.ca">Boris Kohut</a>
          ]]>
        </description>
        <ExtendedData>
          <Data name="gx_media_links">
            <value>https://roadsideattractions.ca/images/mini.jpg</value>
          </Data>
        </ExtendedData>
        <Point>
          <coordinates>49.88281666666666,-97.32853333333334,0</coordinates>
        </Point>
      </Placemark>
    
      <Placemark>
        <name>Minion</name>
        <description>
          <![CDATA[
            
            Credit: <a href="mailto:dalyn2@shaw.ca">Dale
Redekopp</a>
          ]]>
        </description>
        <ExtendedData>
          <Data name="gx_media_links">
            <value>https://roadsideattractions.ca/images/minion.jpg</value>
          </Data>
        </ExtendedData>
        <Point>
          <coordinates>53.599916666666665,-113.97976666666666,0</coordinates>
        </Point>
      </Placemark>
    
      <Placemark>
        <name>Canvas Back Duck</name>
        <description>
          <![CDATA[
            
            Credit: <a href="http://www.gbkphoto.com/">Gerald Kornelsen</a>
          ]]>
        </description>
        <ExtendedData>
          <Data name="gx_media_links">
            <value>https://roadsideattractions.ca/images/minnedosa.jpg</value>
          </Data>
        </ExtendedData>
        <Point>
          <coordinates>50.270583333333335,-99.90508333333334,0</coordinates>
        </Point>
      </Placemark>
    
      <Placemark>
        <name>Sunflower</name>
        <description>
          <![CDATA[
            
            Credit: <a href="mailto:sendjokeshere@hotmail.com">Trevor Appelt</a>
          ]]>
        </description>
        <ExtendedData>
          <Data name="gx_media_links">
            <value>https://roadsideattractions.ca/images/minitonas.jpg</value>
          </Data>
        </ExtendedData>
        <Point>
          <coordinates>52.085166666666666,-101.03745,0</coordinates>
        </Point>
      </Placemark>
    
      <Placemark>
        <name>Pot And Utensils</name>
        <description>
          <![CDATA[
            
            Credit: Rose Moreno of Schroeder Properties
          ]]>
        </description>
        <ExtendedData>
          <Data name="gx_media_links">
            <value>https://roadsideattractions.ca/images/mission.jpg</value>
          </Data>
        </ExtendedData>
        <Point>
          <coordinates>49.13078333333333,-122.32018333333333,0</coordinates>
        </Point>
      </Placemark>
    
      <Placemark>
        <name>Mistahya Bear</name>
        <description>
          <![CDATA[
            
            Credit: <a href="mailto:rdonnan49@sasktel.net">Richard Donnan</a>
          ]]>
        </description>
        <ExtendedData>
          <Data name="gx_media_links">
            <value>https://roadsideattractions.ca/images/mistahya.jpg</value>
          </Data>
        </ExtendedData>
        <Point>
          <coordinates>51.17508333333333,-115.57273333333333,0</coordinates>
        </Point>
      </Placemark>
    
      <Placemark>
        <name>Mac The Moose</name>
        <description>
          <![CDATA[
            
            Credit: <a href="http://www.moosejaw.net/" target="MJM">Moose Jaw's
Community Website</a> and Michelle Blakley of <a href="http://www.tourismmoosejaw.ca/" target="_blank">Tourism Moose Jaw</a>
          ]]>
        </description>
        <ExtendedData>
          <Data name="gx_media_links">
            <value>https://roadsideattractions.ca/images/mjmoose.jpg</value>
          </Data>
        </ExtendedData>
        <Point>
          <coordinates>50.4131,-105.51015,0</coordinates>
        </Point>
      </Placemark>
    
      <Placemark>
        <name>Heritage Truck</name>
        <description>
          <![CDATA[
            
            Credit: <a href="mailto:rdonnan49@sasktel.net">Richard Donnan</a>
          ]]>
        </description>
        <ExtendedData>
          <Data name="gx_media_links">
            <value>https://roadsideattractions.ca/images/mjtruck.jpg</value>
          </Data>
        </ExtendedData>
        <Point>
          <coordinates>50.39266666666666,-105.53756666666666,0</coordinates>
        </Point>
      </Placemark>
    
      <Placemark>
        <name>Turtle</name>
        <description>
          <![CDATA[
            
            Credit: Original - <a href="mailto:ajimreid@shaw.ca">Jim
Reid</a>. Update - <a href="mailto:llankinen@hotmail.com">Laura</a>.
          ]]>
        </description>
        <ExtendedData>
          <Data name="gx_media_links">
            <value>https://roadsideattractions.ca/images/mjturtle.jpg</value>
          </Data>
        </ExtendedData>
        <Point>
          <coordinates>50.3794,-105.52275,0</coordinates>
        </Point>
      </Placemark>
    
      <Placemark>
        <name>Black Bear</name>
        <description>
          <![CDATA[
            
            Credit: <a href="mailto:rdonnan49@sasktel.net">Richard Donnan</a>
          ]]>
        </description>
        <ExtendedData>
          <Data name="gx_media_links">
            <value>https://roadsideattractions.ca/images/mlbb.jpg</value>
          </Data>
        </ExtendedData>
        <Point>
          <coordinates>54.133383333333335,-108.44421666666666,0</coordinates>
        </Point>
      </Placemark>
    
      <Placemark>
        <name>Muskoka Chair</name>
        <description>
          <![CDATA[
            
            Credit: Ed Solonyka
          ]]>
        </description>
        <ExtendedData>
          <Data name="gx_media_links">
            <value>https://roadsideattractions.ca/images/mlchair.jpg</value>
          </Data>
        </ExtendedData>
        <Point>
          <coordinates>45.6212,-80.38701666666667,0</coordinates>
        </Point>
      </Placemark>
    
      <Placemark>
        <name>Moose</name>
        <description>
          <![CDATA[
            
            Credit: <a href="mailto:rdonnan49@sasktel.net">Richard Donnan</a>
          ]]>
        </description>
        <ExtendedData>
          <Data name="gx_media_links">
            <value>https://roadsideattractions.ca/images/mlmoose.jpg</value>
          </Data>
        </ExtendedData>
        <Point>
          <coordinates>54.133383333333335,-108.44411666666667,0</coordinates>
        </Point>
      </Placemark>
    
      <Placemark>
        <name>Metal Lacrosse Player</name>
        <description>
          <![CDATA[
            
            Credit: <a href="mailto:hirning@shaw.ca">Lorraine Hirning</a>
          ]]>
        </description>
        <ExtendedData>
          <Data name="gx_media_links">
            <value>https://roadsideattractions.ca/images/mlp.jpg</value>
          </Data>
        </ExtendedData>
        <Point>
          <coordinates>51.08655,-114.34558333333334,0</coordinates>
        </Point>
      </Placemark>
    
      <Placemark>
        <name>Easter Island Head</name>
        <description>
          <![CDATA[
            900 Don Mills Road
            Credit: <a href="MAILTO:happylittlefishstick@hotmail.com">Jane</a>
          ]]>
        </description>
        <ExtendedData>
          <Data name="gx_media_links">
            <value>https://roadsideattractions.ca/images/moai.jpg</value>
          </Data>
        </ExtendedData>
        <Point>
          <coordinates>43.72705,-79.34301666666667,0</coordinates>
        </Point>
      </Placemark>
    
      <Placemark>
        <name>Model Airplanes (1944 Messerschmitt ME 109 G And 1944 Spitfire Mk 1X)</name>
        <description>
          <![CDATA[
            East on Middle Road.
            Credit: <a href="mailto:lonecrow42@gmail.com">Scott McDonald</a>
          ]]>
        </description>
        <ExtendedData>
          <Data name="gx_media_links">
            <value>https://roadsideattractions.ca/images/modelplanes.jpg</value>
          </Data>
        </ExtendedData>
        <Point>
          <coordinates>44.00715,-78.7342,0</coordinates>
        </Point>
      </Placemark>
    
      <Placemark>
        <name>Hmcs Magnificent Anchor</name>
        <description>
          <![CDATA[
            
            Credit: <a href="mailto:nomad1@nbnet.nb.ca%20">Victor</a>
          ]]>
        </description>
        <ExtendedData>
          <Data name="gx_media_links">
            <value>https://roadsideattractions.ca/images/monctonanchor.jpg</value>
          </Data>
        </ExtendedData>
        <Point>
          <coordinates>46.0848,-64.81368333333333,0</coordinates>
        </Point>
      </Placemark>
    
      <Placemark>
        <name>Eiffel Tower</name>
        <description>
          <![CDATA[
            
            Credit: <a href="mailto:crodawg@sasktel.net">Cory</a>
          ]]>
        </description>
        <ExtendedData>
          <Data name="gx_media_links">
            <value>https://roadsideattractions.ca/images/montmartre.jpg</value>
          </Data>
        </ExtendedData>
        <Point>
          <coordinates>50.221,-103.44826666666667,0</coordinates>
        </Point>
      </Placemark>
    
      <Placemark>
        <name>Max The Moose</name>
        <description>
          <![CDATA[
            
            Credit: Ed Solonyka
          ]]>
        </description>
        <ExtendedData>
          <Data name="gx_media_links">
            <value>https://roadsideattractions.ca/images/moose.jpg</value>
          </Data>
        </ExtendedData>
        <Point>
          <coordinates>49.78635,-92.83818333333333,0</coordinates>
        </Point>
      </Placemark>
    
      <Placemark>
        <name>Large Egg</name>
        <description>
          <![CDATA[
            
            Credit: <a href="mailto:coryjking@gmail.com">The King Family</a>
          ]]>
        </description>
        <ExtendedData>
          <Data name="gx_media_links">
            <value>https://roadsideattractions.ca/images/montrealegg.jpg</value>
          </Data>
        </ExtendedData>
        <Point>
          <coordinates>45.633266666666664,-72.99216666666666,0</coordinates>
        </Point>
      </Placemark>
    
      <Placemark>
        <name>Moose And Man</name>
        <description>
          <![CDATA[
            
            Credit: Bill of the <a href="http://www.trading-post.ca/">The Trading Post</a>, <a href="mailto:amandamariemontenegro@gmail.com">Amanda Montenegro</a> and  <a href="mailto:michael.spalding@us.army.mil">Michael Spalding</a>
          ]]>
        </description>
        <ExtendedData>
          <Data name="gx_media_links">
            <value>https://roadsideattractions.ca/images/mooseandman.jpg</value>
          </Data>
        </ExtendedData>
        <Point>
          <coordinates>46.56888333333333,-84.32073333333334,0</coordinates>
        </Point>
      </Placemark>
    
      <Placemark>
        <name>Bruce The Moose</name>
        <description>
          <![CDATA[
            
            Credit: Ed Solonyka
          ]]>
        </description>
        <ExtendedData>
          <Data name="gx_media_links">
            <value>https://roadsideattractions.ca/images/mooselake.jpg</value>
          </Data>
        </ExtendedData>
        <Point>
          <coordinates>45.62075,-80.38645,0</coordinates>
        </Point>
      </Placemark>
    
      <Placemark>
        <name>Capone's Car</name>
        <description>
          <![CDATA[
            
            Credit: <a href="mailto:wenjen@sasktel.net">Wendalynn Jensen</a>
          ]]>
        </description>
        <ExtendedData>
          <Data name="gx_media_links">
            <value>https://roadsideattractions.ca/images/moosejawcar.jpg</value>
          </Data>
        </ExtendedData>
        <Point>
          <coordinates>50.389783333333334,-105.53445,0</coordinates>
        </Point>
      </Placemark>
    
      <Placemark>
        <name>Moose</name>
        <description>
          <![CDATA[
            18 km east on Hwy 3.
            Credit: <a href="mailto:hirning@shaw.ca">Lorraine Hirning</a>
          ]]>
        </description>
        <ExtendedData>
          <Data name="gx_media_links">
            <value>https://roadsideattractions.ca/images/mooseo.jpg</value>
          </Data>
        </ExtendedData>
        <Point>
          <coordinates>49.01575,-119.35931666666667,0</coordinates>
        </Point>
      </Placemark>
    
      <Placemark>
        <name>Aircraft Weathervane</name>
        <description>
          <![CDATA[
            ~ 7km south on Hwy 2.
            Credit: <a href="mailto:dalyn2@shaw.ca">Dale
Redekopp</a>
          ]]>
        </description>
        <ExtendedData>
          <Data name="gx_media_links">
            <value>https://roadsideattractions.ca/images/morinvilleaw.jpg</value>
          </Data>
        </ExtendedData>
        <Point>
          <coordinates>53.739583333333336,-113.64691666666667,0</coordinates>
        </Point>
      </Placemark>
    
      <Placemark>
        <name>Cowboy</name>
        <description>
          <![CDATA[
            
            Credit: <a href="mailto:rdonnan49@sasktel.net">Richard Donnan</a>
          ]]>
        </description>
        <ExtendedData>
          <Data name="gx_media_links">
            <value>https://roadsideattractions.ca/images/morris.jpg</value>
          </Data>
        </ExtendedData>
        <Point>
          <coordinates>49.34961666666667,-97.36025,0</coordinates>
        </Point>
      </Placemark>
    
      <Placemark>
        <name>Cattails</name>
        <description>
          <![CDATA[
            
            Credit: <a href="mailto:rdonnan49@hotmail.com">Richard Donnan</a>
          ]]>
        </description>
        <ExtendedData>
          <Data name="gx_media_links">
            <value>https://roadsideattractions.ca/images/morse.jpg</value>
          </Data>
        </ExtendedData>
        <Point>
          <coordinates>50.41598333333334,-107.04325,0</coordinates>
        </Point>
      </Placemark>
    
      <Placemark>
        <name>Mosquito</name>
        <description>
          <![CDATA[
            
            Credit: <a href="mailto:gfoxedm@telusplanet.net">Gerry Fox</a>
          ]]>
        </description>
        <ExtendedData>
          <Data name="gx_media_links">
            <value>https://roadsideattractions.ca/images/mosquito.jpg</value>
          </Data>
        </ExtendedData>
        <Point>
          <coordinates>50.506,-97.25228333333334,0</coordinates>
        </Point>
      </Placemark>
    
      <Placemark>
        <name>Mothering Bear</name>
        <description>
          <![CDATA[
            
            Credit: <a href="mailto:rdonnan49@sasktel.net">Richard Donnan</a>
          ]]>
        </description>
        <ExtendedData>
          <Data name="gx_media_links">
            <value>https://roadsideattractions.ca/images/motheringbear.jpg</value>
          </Data>
        </ExtendedData>
        <Point>
          <coordinates>53.63333333333333,-113.62871666666666,0</coordinates>
        </Point>
      </Placemark>
    
      <Placemark>
        <name>Motorcycle Tower</name>
        <description>
          <![CDATA[
            
            Credit: <a href="mailto:ajimreid@shaw.ca">Jim Reid</a>
          ]]>
        </description>
        <ExtendedData>
          <Data name="gx_media_links">
            <value>https://roadsideattractions.ca/images/motorcycletower.jpg</value>
          </Data>
        </ExtendedData>
        <Point>
          <coordinates>51.052683333333334,-105.85816666666666,0</coordinates>
        </Point>
      </Placemark>
    
      <Placemark>
        <name>Mountain Goat Sign</name>
        <description>
          <![CDATA[
            
            Credit: Allan Taylor of <a href="http://www.greatervancouverparks.com/" target="pgc">The Parks of Greater Vancouver and the Fraser Valley</a>
          ]]>
        </description>
        <ExtendedData>
          <Data name="gx_media_links">
            <value>https://roadsideattractions.ca/images/mountaingoat.jpg</value>
          </Data>
        </ExtendedData>
        <Point>
          <coordinates>49.24395,-122.54476666666666,0</coordinates>
        </Point>
      </Placemark>
    
      <Placemark>
        <name>Fruit Basket</name>
        <description>
          <![CDATA[
            410 Sligo Rd W., Mount Forest, Ontario, at Wellington Wood Products.
            Credit: <a href="mailto:bnrboo@yahoo.com">Tina Brenner</a>
          ]]>
        </description>
        <ExtendedData>
          <Data name="gx_media_links">
            <value>https://roadsideattractions.ca/images/mountforest.jpg</value>
          </Data>
        </ExtendedData>
        <Point>
          <coordinates>43.97983333333333,-80.75013333333334,0</coordinates>
        </Point>
      </Placemark>
    
      <Placemark>
        <name>Royal Canadian Mounted Police</name>
        <description>
          <![CDATA[
            
            Credit: <a href="mailto:gfoxedm@telusplanet.net">Gerry Fox</a>
          ]]>
        </description>
        <ExtendedData>
          <Data name="gx_media_links">
            <value>https://roadsideattractions.ca/images/mountie.jpg</value>
          </Data>
        </ExtendedData>
        <Point>
          <coordinates>54.44278333333333,-124.25311666666667,0</coordinates>
        </Point>
      </Placemark>
    
      <Placemark>
        <name>Mounties</name>
        <description>
          <![CDATA[
            In front of Souvenir City
            Credit: <a href="mailto:bowser@iaw.on.ca">James Bowser</a>
          ]]>
        </description>
        <ExtendedData>
          <Data name="gx_media_links">
            <value>https://roadsideattractions.ca/images/mounties.jpg</value>
          </Data>
        </ExtendedData>
        <Point>
          <coordinates>43.113033333333334,-79.06205,0</coordinates>
        </Point>
      </Placemark>
    
      <Placemark>
        <name>Mozzy The Mosquito</name>
        <description>
          <![CDATA[
            
            Credit: an Shute and Brent Young, the photographer
          ]]>
        </description>
        <ExtendedData>
          <Data name="gx_media_links">
            <value>https://roadsideattractions.ca/images/mozzy.jpg</value>
          </Data>
        </ExtendedData>
        <Point>
          <coordinates>58.50171666666667,-119.4007,0</coordinates>
        </Point>
      </Placemark>
    
      <Placemark>
        <name>Mr. Nut</name>
        <description>
          <![CDATA[
            
            Credit: <a href="mailto:hirning@shaw.ca">Lorraine Hirning</a>
          ]]>
        </description>
        <ExtendedData>
          <Data name="gx_media_links">
            <value>https://roadsideattractions.ca/images/mrnut.jpg</value>
          </Data>
        </ExtendedData>
        <Point>
          <coordinates>51.01918333333333,-114.0599,0</coordinates>
        </Point>
      </Placemark>
    
      <Placemark>
        <name>Muddy The Mudcat</name>
        <description>
          <![CDATA[
            
            Credit: <a href="mailto:pierredalaire@gmail.com">Pierre
Dalaire</a>
          ]]>
        </description>
        <ExtendedData>
          <Data name="gx_media_links">
            <value>https://roadsideattractions.ca/images/muddy.jpg</value>
          </Data>
        </ExtendedData>
        <Point>
          <coordinates>42.9089,-79.63745,0</coordinates>
        </Point>
      </Placemark>
    
      <Placemark>
        <name>Muffler</name>
        <description>
          <![CDATA[
            
            Credit: Ed Solonyka
          ]]>
        </description>
        <ExtendedData>
          <Data name="gx_media_links">
            <value>https://roadsideattractions.ca/images/muffler.jpg</value>
          </Data>
        </ExtendedData>
        <Point>
          <coordinates>46.65265,-80.94451666666667,0</coordinates>
        </Point>
      </Placemark>
    
      <Placemark>
        <name>Mule Deer</name>
        <description>
          <![CDATA[
            
            Credit: <a HREF="http://www.leader.ca/" Target="leader">Town of Leader</a>
          ]]>
        </description>
        <ExtendedData>
          <Data name="gx_media_links">
            <value>https://roadsideattractions.ca/images/muledeer.jpg</value>
          </Data>
        </ExtendedData>
        <Point>
          <coordinates>50.8912,-109.53691666666667,0</coordinates>
        </Point>
      </Placemark>
    
      <Placemark>
        <name>Ukrainian Sausage</name>
        <description>
          <![CDATA[
            Sawchuk Street and 50 Avenue.
            Credit: Norman Walcheske of 
<a HREF="http://www.mundaresausage.com/" Target="ms">Stawnichy's Meat Processing</a>
          ]]>
        </description>
        <ExtendedData>
          <Data name="gx_media_links">
            <value>https://roadsideattractions.ca/images/mundare.jpg</value>
          </Data>
        </ExtendedData>
        <Point>
          <coordinates>53.59531666666667,-112.3369,0</coordinates>
        </Point>
      </Placemark>
    
      <Placemark>
        <name>Encased Buffalo</name>
        <description>
          <![CDATA[
            Sawchuk Street and 50 Avenue.
            Credit: <a href="mailto:lspicer@shaw.ca">Barb and Leigh Spicer</a>
          ]]>
        </description>
        <ExtendedData>
          <Data name="gx_media_links">
            <value>https://roadsideattractions.ca/images/mundareb.jpg</value>
          </Data>
        </ExtendedData>
        <Point>
          <coordinates>53.595283333333334,-112.33715,0</coordinates>
        </Point>
      </Placemark>
    
      <Placemark>
        <name>Murray Canal Tug</name>
        <description>
          <![CDATA[
            At the Murray Canal bridge.
            Credit: <a href="mailto:lewisw@hhpl.on.ca">Walter Lewis</a>
          ]]>
        </description>
        <ExtendedData>
          <Data name="gx_media_links">
            <value>https://roadsideattractions.ca/images/murraycanaltug.jpg</value>
          </Data>
        </ExtendedData>
        <Point>
          <coordinates>44.0377,-77.65865,0</coordinates>
        </Point>
      </Placemark>
    
      <Placemark>
        <name>Mushrooms</name>
        <description>
          <![CDATA[
            Located 1 block east of Main Street.
            Credit: <a href="mailto:gfoxedm@telusplanet.net">Gerry Fox</a>
          ]]>
        </description>
        <ExtendedData>
          <Data name="gx_media_links">
            <value>https://roadsideattractions.ca/images/mushrooms.jpg</value>
          </Data>
        </ExtendedData>
        <Point>
          <coordinates>54.11703333333333,-111.91831666666667,0</coordinates>
        </Point>
      </Placemark>
    
      <Placemark>
        <name>World's Largest Muskoka Chair</name>
        <description>
          <![CDATA[
            It's moved around, but it's now in front of Star Dust City Brewing Company
            Credit: Original: James Ingham.  Update: <a href="mailto:roadsides@roadsideattractions.ca">Mira van Bodegom</a>
          ]]>
        </description>
        <ExtendedData>
          <Data name="gx_media_links">
            <value>https://roadsideattractions.ca/images/muskokachair.jpg</value>
          </Data>
        </ExtendedData>
        <Point>
          <coordinates>44.92223333333333,-79.37526666666666,0</coordinates>
        </Point>
      </Placemark>
    
      <Placemark>
        <name>Dove</name>
        <description>
          <![CDATA[
            
            Credit: <a href="mailto:brankare@telus.net">Karen Branton</a>
          ]]>
        </description>
        <ExtendedData>
          <Data name="gx_media_links">
            <value>https://roadsideattractions.ca/images/myrnam.jpg</value>
          </Data>
        </ExtendedData>
        <Point>
          <coordinates>53.66141666666667,-111.22905,0</coordinates>
        </Point>
      </Placemark>
    
      <Placemark>
        <name>Cactus</name>
        <description>
          <![CDATA[
            ~ 19 km S on Hwy. 6.
            Credit: <a href="mailto:Patricia%20Rock%20%3Cpatriciahrock@hotmail.com%3E">Patricia
Rock</a>
          ]]>
        </description>
        <ExtendedData>
          <Data name="gx_media_links">
            <value>https://roadsideattractions.ca/images/nakusp.jpg</value>
          </Data>
        </ExtendedData>
        <Point>
          <coordinates>50.165616666666665,-117.67246666666666,0</coordinates>
        </Point>
      </Placemark>
    
      <Placemark>
        <name>Easter Island Heads</name>
        <description>
          <![CDATA[
            About halfway to Ladysmith from Nanaimo - at the corner of Nanamio River Road and White Rapids Road.
            Credit: Original - <a HREF="MAILTO:magpiemadill@home.com">Grant Madill</a>.<br>Updated photos - <a href="mailto:hirning@shaw.ca">Lorraine Hirning</a>.
          ]]>
        </description>
        <ExtendedData>
          <Data name="gx_media_links">
            <value>https://roadsideattractions.ca/images/nanaimo.jpg</value>
          </Data>
        </ExtendedData>
        <Point>
          <coordinates>49.07678333333333,-123.93105,0</coordinates>
        </Point>
      </Placemark>
    
      <Placemark>
        <name>Nanookshuk</name>
        <description>
          <![CDATA[
            
            Credit: <a href="mailto:bwkohut@shaw.ca">Boris Kohut</a>
          ]]>
        </description>
        <ExtendedData>
          <Data name="gx_media_links">
            <value>https://roadsideattractions.ca/images/nanookshuk.jpg</value>
          </Data>
        </ExtendedData>
        <Point>
          <coordinates>49.8854,-97.14601666666667,0</coordinates>
        </Point>
      </Placemark>
    
      <Placemark>
        <name>World Famous Gnome</name>
        <description>
          <![CDATA[
            Approximately 4 km northwest on Hwy 19.
            Credit: Original - <a href="mailto:spipes@dccnet.com">Stephanie Pipes</a>.<br>Updated photo: <a href="mailto:hirning@shaw.ca">Lorraine Hirning</a>.
          ]]>
        </description>
        <ExtendedData>
          <Data name="gx_media_links">
            <value>https://roadsideattractions.ca/images/nanoosebay.jpg</value>
          </Data>
        </ExtendedData>
        <Point>
          <coordinates>49.27365,-124.23836666666666,0</coordinates>
        </Point>
      </Placemark>
    
      <Placemark>
        <name>Wooden Train</name>
        <description>
          <![CDATA[
            Just past western boundary of Rycroft.
            Credit: <a href="mailto:hirning@shaw.ca">Lorraine Hirning</a>
          ]]>
        </description>
        <ExtendedData>
          <Data name="gx_media_links">
            <value>https://roadsideattractions.ca/images/nardam.jpg</value>
          </Data>
        </ExtendedData>
        <Point>
          <coordinates>55.76218333333333,-118.72463333333333,0</coordinates>
        </Point>
      </Placemark>
    
      <Placemark>
        <name>Native Lady</name>
        <description>
          <![CDATA[
            
            Credit: <a href="http://www.gbkphoto.com/">Gerald Kornelsen</a>
          ]]>
        </description>
        <ExtendedData>
          <Data name="gx_media_links">
            <value>https://roadsideattractions.ca/images/nativelady.jpg</value>
          </Data>
        </ExtendedData>
        <Point>
          <coordinates>47.05178333333333,-67.73783333333333,0</coordinates>
        </Point>
      </Placemark>
    
      <Placemark>
        <name>Buffalo</name>
        <description>
          <![CDATA[
            
            Credit: <a href="mailto:gfoxedm@telusplanet.net">Gerry Fox</a> and </font><font color="#ff0000" face="Comic Sans MS">Heather Guthrie of the <a href="http://www.battlefordschamber.com/" target="_blank">Battlefords Chamber of Commerce</a>
          ]]>
        </description>
        <ExtendedData>
          <Data name="gx_media_links">
            <value>https://roadsideattractions.ca/images/nbbuffalo.jpg</value>
          </Data>
        </ExtendedData>
        <Point>
          <coordinates>52.75386666666667,-108.2623,0</coordinates>
        </Point>
      </Placemark>
    
      <Placemark>
        <name>Viking</name>
        <description>
          <![CDATA[
            
            Credit: <A HREF="http://north.sd41.bc.ca/" target="bnss">Burnaby North Secondary 
  School</A>
          ]]>
        </description>
        <ExtendedData>
          <Data name="gx_media_links">
            <value>https://roadsideattractions.ca/images/nburnaby.jpg</value>
          </Data>
        </ExtendedData>
        <Point>
          <coordinates>49.27786666666667,-122.97075,0</coordinates>
        </Point>
      </Placemark>
    
      <Placemark>
        <name>World's Largest/tallest Purple Martin Colony</name>
        <description>
          <![CDATA[
            
            Credit: <a href="mailto:gfoxedm@telusplanet.net">Gerry Fox</a>
          ]]>
        </description>
        <ExtendedData>
          <Data name="gx_media_links">
            <value>https://roadsideattractions.ca/images/neepawa.jpg</value>
          </Data>
        </ExtendedData>
        <Point>
          <coordinates>50.226733333333335,-99.45665,0</coordinates>
        </Point>
      </Placemark>
    
      <Placemark>
        <name>Heron's Landing</name>
        <description>
          <![CDATA[
            
            Credit: <a href="mailto:patriciahrock@hotmail.com">Patricia Rock</a>
          ]]>
        </description>
        <ExtendedData>
          <Data name="gx_media_links">
            <value>https://roadsideattractions.ca/images/nelsonheron.jpg</value>
          </Data>
        </ExtendedData>
        <Point>
          <coordinates>49.502433333333336,-117.28543333333333,0</coordinates>
        </Point>
      </Placemark>
    
      <Placemark>
        <name>Inuksuit</name>
        <description>
          <![CDATA[
            6 km west on hwy. 9.
            Credit: <a href="mailto:james.ingham@ca.pwc.com">James Ingham</a>
          ]]>
        </description>
        <ExtendedData>
          <Data name="gx_media_links">
            <value>https://roadsideattractions.ca/images/newmarket.jpg</value>
          </Data>
        </ExtendedData>
        <Point>
          <coordinates>44.03293333333333,-79.57983333333334,0</coordinates>
        </Point>
      </Placemark>
    
      <Placemark>
        <name>BA Gas Station</name>
        <description>
          <![CDATA[
            
            Credit: <a href="mailto:lonecrow42@gmail.com">Scott McDonald</a>
          ]]>
        </description>
        <ExtendedData>
          <Data name="gx_media_links">
            <value>https://roadsideattractions.ca/images/newtonville.jpg</value>
          </Data>
        </ExtendedData>
        <Point>
          <coordinates>43.94018333333333,-78.49013333333333,0</coordinates>
        </Point>
      </Placemark>
    
      <Placemark>
        <name>Bear And Fish</name>
        <description>
          <![CDATA[
            In front of Souvenir City.
            Credit: Peter
of <a href="http://www.sign-depot.on.ca/" target="sdi">The Sign Depot
Inc</a> and <a href="mailto:amandamariemontenegro@gmail.com">Amanda Montenegro</a>
          ]]>
        </description>
        <ExtendedData>
          <Data name="gx_media_links">
            <value>https://roadsideattractions.ca/images/nfbearandfish.jpg</value>
          </Data>
        </ExtendedData>
        <Point>
          <coordinates>43.113033333333334,-79.06205,0</coordinates>
        </Point>
      </Placemark>
    
      <Placemark>
        <name>Milk Bottle Building</name>
        <description>
          <![CDATA[
            5195 Magdalen Street
            Credit: <a href="mailto:jbowser%20%3Cbowser@iaw.com%3E">James Bowser</a>
          ]]>
        </description>
        <ExtendedData>
          <Data name="gx_media_links">
            <value>https://roadsideattractions.ca/images/nfmilkbottle.jpg</value>
          </Data>
        </ExtendedData>
        <Point>
          <coordinates>43.091433333333335,-79.07995,0</coordinates>
        </Point>
      </Placemark>
    
      <Placemark>
        <name>Moose</name>
        <description>
          <![CDATA[
            
            Credit: <a href="mailto:bowser@iaw.on.ca">James Bowser</a>
          ]]>
        </description>
        <ExtendedData>
          <Data name="gx_media_links">
            <value>https://roadsideattractions.ca/images/nfmoose.jpg</value>
          </Data>
        </ExtendedData>
        <Point>
          <coordinates>43.10883333333334,-79.09635,0</coordinates>
        </Point>
      </Placemark>
    
      <Placemark>
        <name>Penny</name>
        <description>
          <![CDATA[
            
            Credit: Peter of <a href="http://www.sign-depot.on.ca/" target="sdi">The Sign Depot Inc</a>
          ]]>
        </description>
        <ExtendedData>
          <Data name="gx_media_links">
            <value>https://roadsideattractions.ca/images/nfpenny.jpg</value>
          </Data>
        </ExtendedData>
        <Point>
          <coordinates>43.0856,-79.0821,0</coordinates>
        </Point>
      </Placemark>
    
      <Placemark>
        <name>Wooden Ship</name>
        <description>
          <![CDATA[
            
            Credit: <a href="mailto:bowser@iaw.on.ca">James Bowser</a>
          ]]>
        </description>
        <ExtendedData>
          <Data name="gx_media_links">
            <value>https://roadsideattractions.ca/images/nfship.jpg</value>
          </Data>
        </ExtendedData>
        <Point>
          <coordinates>43.05238333333333,-79.05956666666667,0</coordinates>
        </Point>
      </Placemark>
    
      <Placemark>
        <name>Northwest Miner</name>
        <description>
          <![CDATA[
            
            Credit: <a href="mailto:gfoxedm@telusplanet.net">Gerry Fox</a>
          ]]>
        </description>
        <ExtendedData>
          <Data name="gx_media_links">
            <value>https://roadsideattractions.ca/images/nhminer.jpg</value>
          </Data>
        </ExtendedData>
        <Point>
          <coordinates>55.24725,-127.59421666666667,0</coordinates>
        </Point>
      </Placemark>
    
      <Placemark>
        <name>Upper Skeena Logger</name>
        <description>
          <![CDATA[
            
            Credit: <a href="mailto:gfoxedm@telusplanet.net">Gerry Fox</a>
          ]]>
        </description>
        <ExtendedData>
          <Data name="gx_media_links">
            <value>https://roadsideattractions.ca/images/nhlogger.jpg</value>
          </Data>
        </ExtendedData>
        <Point>
          <coordinates>55.24731666666667,-127.59338333333334,0</coordinates>
        </Point>
      </Placemark>
    
      <Placemark>
        <name>Prospector And Mule</name>
        <description>
          <![CDATA[
            
            Credit: <a href="mailto:gfoxedm@telusplanet.net">Gerry Fox</a>
          ]]>
        </description>
        <ExtendedData>
          <Data name="gx_media_links">
            <value>https://roadsideattractions.ca/images/nhprospector.jpg</value>
          </Data>
        </ExtendedData>
        <Point>
          <coordinates>55.247283333333336,-127.59405,0</coordinates>
        </Point>
      </Placemark>
    
      <Placemark>
        <name>Moose</name>
        <description>
          <![CDATA[
            In front of Souvenir City
            Credit: <a href="mailto:bowser@iaw.on.ca">James Bowser</a>
          ]]>
        </description>
        <ExtendedData>
          <Data name="gx_media_links">
            <value>https://roadsideattractions.ca/images/niagaramoose.jpg</value>
          </Data>
        </ExtendedData>
        <Point>
          <coordinates>43.11323333333333,-79.0621,0</coordinates>
        </Point>
      </Placemark>
    
      <Placemark>
        <name>Trout</name>
        <description>
          <![CDATA[
            
            Credit: <A HREF="mailto:rrichman@ascap.com">Rich Richman, Staten Island, N.Y.</a>
          ]]>
        </description>
        <ExtendedData>
          <Data name="gx_media_links">
            <value>https://roadsideattractions.ca/images/nipigon.jpg</value>
          </Data>
        </ExtendedData>
        <Point>
          <coordinates>49.01701666666666,-88.3104,0</coordinates>
        </Point>
      </Placemark>
    
      <Placemark>
        <name>Mack Truck</name>
        <description>
          <![CDATA[
            In the former Township of Dymond.
            Credit: Ed Solonyka
          ]]>
        </description>
        <ExtendedData>
          <Data name="gx_media_links">
            <value>https://roadsideattractions.ca/images/nltruck.jpg</value>
          </Data>
        </ExtendedData>
        <Point>
          <coordinates>47.53621666666667,-79.67513333333333,0</coordinates>
        </Point>
      </Placemark>
    
      <Placemark>
        <name>Noah's Ark</name>
        <description>
          <![CDATA[
            15906 Highway 17, Cobden, Ontario.
            Credit: Ed Solonyka
          ]]>
        </description>
        <ExtendedData>
          <Data name="gx_media_links">
            <value>https://roadsideattractions.ca/images/noahsark.jpg</value>
          </Data>
        </ExtendedData>
        <Point>
          <coordinates>45.59936666666667,-76.84401666666666,0</coordinates>
        </Point>
      </Placemark>
    
      <Placemark>
        <name>Noble Blade</name>
        <description>
          <![CDATA[
            
            Credit: Kirk Hofman of the <a href="http://www.village.nobleford.ab.ca/" target="vn">Village of Nobleford</a>
          ]]>
        </description>
        <ExtendedData>
          <Data name="gx_media_links">
            <value>https://roadsideattractions.ca/images/nobleford.jpg</value>
          </Data>
        </ExtendedData>
        <Point>
          <coordinates>49.874116666666666,-113.05303333333333,0</coordinates>
        </Point>
      </Placemark>
    
      <Placemark>
        <name>Mosquito On A Studebaker Lark</name>
        <description>
          <![CDATA[
            At the entrance of the Mosquito Speedway. On Leeper Road, off Highway No. 588.
            Credit: <a HREF="mailto:tournays@mcmail.cis.mcmaster.ca">Steve Tournay</a> 
          ]]>
        </description>
        <ExtendedData>
          <Data name="gx_media_links">
            <value>https://roadsideattractions.ca/images/nolalu.jpg</value>
          </Data>
        </ExtendedData>
        <Point>
          <coordinates>48.2782,-89.76551666666667,0</coordinates>
        </Point>
      </Placemark>
    
      <Placemark>
        <name>Black Bear</name>
        <description>
          <![CDATA[
            41 km west at David Thompson Resort.
            Credit: <a href="mailto:wenjen@sasktel.net">Wendalynn Jensen Donnan</a>
          ]]>
        </description>
        <ExtendedData>
          <Data name="gx_media_links">
            <value>https://roadsideattractions.ca/images/nordegg.jpg</value>
          </Data>
        </ExtendedData>
        <Point>
          <coordinates>52.18945,-116.4793,0</coordinates>
        </Point>
      </Placemark>
    
      <Placemark>
        <name>Kids</name>
        <description>
          <![CDATA[
            In front of North River Elementary School
            Credit: <a href="mailto:bowser@iaw.on.ca">James Bowser</a>
          ]]>
        </description>
        <ExtendedData>
          <Data name="gx_media_links">
            <value>https://roadsideattractions.ca/images/northriver.jpg</value>
          </Data>
        </ExtendedData>
        <Point>
          <coordinates>45.40056666666667,-63.26286666666667,0</coordinates>
        </Point>
      </Placemark>
    
      <Placemark>
        <name>Caribou</name>
        <description>
          <![CDATA[
            21 km east on Hwy 3.
            Credit: <a href="mailto:hirning@shaw.ca">Lorraine Hirning</a>
          ]]>
        </description>
        <ExtendedData>
          <Data name="gx_media_links">
            <value>https://roadsideattractions.ca/images/ocaribou.jpg</value>
          </Data>
        </ExtendedData>
        <Point>
          <coordinates>49.006083333333336,-119.32825,0</coordinates>
        </Point>
      </Placemark>
    
      <Placemark>
        <name>Muskoka Chair</name>
        <description>
          <![CDATA[
            
            Credit: <a href="mailto:hirning@shaw.ca">Lorraine Hirning</a>
          ]]>
        </description>
        <ExtendedData>
          <Data name="gx_media_links">
            <value>https://roadsideattractions.ca/images/ochair.jpg</value>
          </Data>
        </ExtendedData>
        <Point>
          <coordinates>49.078116666666666,-119.49875,0</coordinates>
        </Point>
      </Placemark>
    
      <Placemark>
        <name>Centennial Elevator Clock</name>
        <description>
          <![CDATA[
            
            Credit: <a href="mailto:hirning@shaw.ca">Lorraine Hirning</a>
          ]]>
        </description>
        <ExtendedData>
          <Data name="gx_media_links">
            <value>https://roadsideattractions.ca/images/oclock.jpg</value>
          </Data>
        </ExtendedData>
        <Point>
          <coordinates>51.355916666666666,-110.48286666666667,0</coordinates>
        </Point>
      </Placemark>
    
      <Placemark>
        <name>Cougar</name>
        <description>
          <![CDATA[
            18 km east on Hwy 3.
            Credit: <a href="mailto:hirning@shaw.ca">Lorraine Hirning</a>
          ]]>
        </description>
        <ExtendedData>
          <Data name="gx_media_links">
            <value>https://roadsideattractions.ca/images/ocougar.jpg</value>
          </Data>
        </ExtendedData>
        <Point>
          <coordinates>49.01405,-119.35616666666667,0</coordinates>
        </Point>
      </Placemark>
    
      <Placemark>
        <name>The Odyssey (Campbell's Soup Can And Pigeons)</name>
        <description>
          <![CDATA[
            
            Credit: <a href="mailto:hirning@shaw.ca">Lorraine Hirning</a>
          ]]>
        </description>
        <ExtendedData>
          <Data name="gx_media_links">
            <value>https://roadsideattractions.ca/images/odyssey.jpg</value>
          </Data>
        </ExtendedData>
        <Point>
          <coordinates>46.8171,-71.20976666666667,0</coordinates>
        </Point>
      </Placemark>
    
      <Placemark>
        <name>Octopus</name>
        <description>
          <![CDATA[
            At Cadboro Gyro Park.
            Credit: L. Waters
          ]]>
        </description>
        <ExtendedData>
          <Data name="gx_media_links">
            <value>https://roadsideattractions.ca/images/octopus.jpg</value>
          </Data>
        </ExtendedData>
        <Point>
          <coordinates>48.459266666666664,-123.29423333333334,0</coordinates>
        </Point>
      </Placemark>
    
      <Placemark>
        <name>Eagle</name>
        <description>
          <![CDATA[
            
            Credit: <a href="mailto:vluckese@rogers.com">Vince Luckese</a>
          ]]>
        </description>
        <ExtendedData>
          <Data name="gx_media_links">
            <value>https://roadsideattractions.ca/images/oeagle.jpg</value>
          </Data>
        </ExtendedData>
        <Point>
          <coordinates>43.9185,-80.10413333333334,0</coordinates>
        </Point>
      </Placemark>
    
      <Placemark>
        <name>Elk</name>
        <description>
          <![CDATA[
            21 km east on Hwy 3.
            Credit: <a href="mailto:hirning@shaw.ca">Lorraine Hirning</a>
          ]]>
        </description>
        <ExtendedData>
          <Data name="gx_media_links">
            <value>https://roadsideattractions.ca/images/oelk.jpg</value>
          </Data>
        </ExtendedData>
        <Point>
          <coordinates>49.006566666666664,-119.3286,0</coordinates>
        </Point>
      </Placemark>
    
      <Placemark>
        <name>Ralph The Grasshopper</name>
        <description>
          <![CDATA[
            
            Credit: <A HREF="mailto:getwhyte@sk.sympatico.ca">Erin Whyte</a>
          ]]>
        </description>
        <ExtendedData>
          <Data name="gx_media_links">
            <value>https://roadsideattractions.ca/images/ogema.jpg</value>
          </Data>
        </ExtendedData>
        <Point>
          <coordinates>49.57881666666667,-104.91993333333333,0</coordinates>
        </Point>
      </Placemark>
    
      <Placemark>
        <name>Indian Head</name>
        <description>
          <![CDATA[
            
            Credit: <a href="mailto:rdonnan49@sasktel.net">Richard Donnan</a>
          ]]>
        </description>
        <ExtendedData>
          <Data name="gx_media_links">
            <value>https://roadsideattractions.ca/images/ogemaih.jpg</value>
          </Data>
        </ExtendedData>
        <Point>
          <coordinates>49.571266666666666,-104.9196,0</coordinates>
        </Point>
      </Placemark>
    
      <Placemark>
        <name>Ogopogo</name>
        <description>
          <![CDATA[
            
            Credit: Large Canadian Roadside Attractions
          ]]>
        </description>
        <ExtendedData>
          <Data name="gx_media_links">
            <value>https://roadsideattractions.ca/images/ogopogo.jpg</value>
          </Data>
        </ExtendedData>
        <Point>
          <coordinates>49.886516666666665,-119.499,0</coordinates>
        </Point>
      </Placemark>
    
      <Placemark>
        <name>World's Largest Oil Can</name>
        <description>
          <![CDATA[
            
            Credit: <A HREF="http://www.rocanvilletown.ca/" Target="rt">Town of Rocanville</A>
          ]]>
        </description>
        <ExtendedData>
          <Data name="gx_media_links">
            <value>https://roadsideattractions.ca/images/oilcan.jpg</value>
          </Data>
        </ExtendedData>
        <Point>
          <coordinates>50.37676666666667,-101.68446666666667,0</coordinates>
        </Point>
      </Placemark>
    
      <Placemark>
        <name>Wooden Walking Beam Oil Pump</name>
        <description>
          <![CDATA[
            
            Credit: Ed Solonyka (original) and Carley Herbert of the <a href="http://www.wainwright.ca/" target="_blank">Town of Wainwright</a> (updated).
          ]]>
        </description>
        <ExtendedData>
          <Data name="gx_media_links">
            <value>https://roadsideattractions.ca/images/oilpump.jpg</value>
          </Data>
        </ExtendedData>
        <Point>
          <coordinates>52.843183333333336,-110.87278333333333,0</coordinates>
        </Point>
      </Placemark>
    
      <Placemark>
        <name>Jumping Deer</name>
        <description>
          <![CDATA[
            16 km east on Hwy 3.
            Credit: <a href="mailto:hirning@shaw.ca">Lorraine Hirning</a>
          ]]>
        </description>
        <ExtendedData>
          <Data name="gx_media_links">
            <value>https://roadsideattractions.ca/images/ojdeer.jpg</value>
          </Data>
        </ExtendedData>
        <Point>
          <coordinates>49.01485,-119.37266666666666,0</coordinates>
        </Point>
      </Placemark>
    
      <Placemark>
        <name>Cowboy</name>
        <description>
          <![CDATA[
            
            Credit: <a href="mailto:patriciahrock@hotmail.com">Patricia Rock</a>
          ]]>
        </description>
        <ExtendedData>
          <Data name="gx_media_links">
            <value>https://roadsideattractions.ca/images/okfalls.jpg</value>
          </Data>
        </ExtendedData>
        <Point>
          <coordinates>49.34206666666667,-119.57175,0</coordinates>
        </Point>
      </Placemark>
    
      <Placemark>
        <name>Old Abe</name>
        <description>
          <![CDATA[
            
            Credit: <a href="mailto:bwkohut@shaw.ca">Boris Kohut</a>
          ]]>
        </description>
        <ExtendedData>
          <Data name="gx_media_links">
            <value>https://roadsideattractions.ca/images/oldabe.jpg</value>
          </Data>
        </ExtendedData>
        <Point>
          <coordinates>49.9895,-96.90768333333334,0</coordinates>
        </Point>
      </Placemark>
    
      <Placemark>
        <name>Cape North Lighthouse</name>
        <description>
          <![CDATA[
            
            Credit: <a href="mailto:lizz_lalonde@hotmail.com">Lizz Lalonde</a>
          ]]>
        </description>
        <ExtendedData>
          <Data name="gx_media_links">
            <value>https://roadsideattractions.ca/images/olighthouse.jpg</value>
          </Data>
        </ExtendedData>
        <Point>
          <coordinates>45.402166666666666,-75.62353333333333,0</coordinates>
        </Point>
      </Placemark>
    
      <Placemark>
        <name>A Place To Work And Create</name>
        <description>
          <![CDATA[
            
            Credit: <a href="mailto:patriciahrock@hotmail.com">Patricia Rock</a>
          ]]>
        </description>
        <ExtendedData>
          <Data name="gx_media_links">
            <value>https://roadsideattractions.ca/images/oliver.jpg</value>
          </Data>
        </ExtendedData>
        <Point>
          <coordinates>49.23651666666667,-119.52955,0</coordinates>
        </Point>
      </Placemark>
    
      <Placemark>
        <name>Moose</name>
        <description>
          <![CDATA[
            
            Credit: David Waters of <a target="_blank"
          href="http://dufferincountyrealestateguide.wordpress.com/author/dwaters26/">365
          Things to do in Orangeville, Ontario</a>
          ]]>
        </description>
        <ExtendedData>
          <Data name="gx_media_links">
            <value>https://roadsideattractions.ca/images/omoose.jpg</value>
          </Data>
        </ExtendedData>
        <Point>
          <coordinates>43.9194,-80.097,0</coordinates>
        </Point>
      </Placemark>
    
      <Placemark>
        <name>Cannon</name>
        <description>
          <![CDATA[
            ~ 2 km north of Highway 28 on RR 224.
            Credit: <a href="mailto:dalyn2@shaw.ca">Dale
Redekopp</a>
          ]]>
        </description>
        <ExtendedData>
          <Data name="gx_media_links">
            <value>https://roadsideattractions.ca/images/opalcannon.jpg</value>
          </Data>
        </ExtendedData>
        <Point>
          <coordinates>53.96863333333334,-113.22271666666667,0</coordinates>
        </Point>
      </Placemark>
    
      <Placemark>
        <name>Wooden Train And Grain Elevator</name>
        <description>
          <![CDATA[
            ~ 2 km north on RR 224.
            Credit: <a href="mailto:dalyn2@shaw.ca">Dale
Redekopp</a>
          ]]>
        </description>
        <ExtendedData>
          <Data name="gx_media_links">
            <value>https://roadsideattractions.ca/images/opaltrain.jpg</value>
          </Data>
        </ExtendedData>
        <Point>
          <coordinates>53.968716666666666,-113.22311666666667,0</coordinates>
        </Point>
      </Placemark>
    
      <Placemark>
        <name>Apple</name>
        <description>
          <![CDATA[
            
            Credit: <a href="mailto:Lorraine%20Hirning%20%3Chirning@shaw.ca%3E">Lorraine Hirning</a>
          ]]>
        </description>
        <ExtendedData>
          <Data name="gx_media_links">
            <value>https://roadsideattractions.ca/images/opapple.jpg</value>
          </Data>
        </ExtendedData>
        <Point>
          <coordinates>49.87795,-119.441,0</coordinates>
        </Point>
      </Placemark>
    
      <Placemark>
        <name>Walleye (Pickeral)</name>
        <description>
          <![CDATA[
            
            Credit: Original - <a href="mailto:bnrboo@yahoo.com">Tina Brenner</a>. Updated - Nathalie Vachon 
  of the Opasatika Regional 
  Economic Development Team.
          ]]>
        </description>
        <ExtendedData>
          <Data name="gx_media_links">
            <value>https://roadsideattractions.ca/images/opasatika.jpg</value>
          </Data>
        </ExtendedData>
        <Point>
          <coordinates>49.5253,-82.85066666666667,0</coordinates>
        </Point>
      </Placemark>
    
      <Placemark>
        <name>Open Book</name>
        <description>
          <![CDATA[
            Southeast corner of Mississauga Celebration Square, Burnhamthorpe Road West, Mississauga.
            Credit: Dana Sixty
          ]]>
        </description>
        <ExtendedData>
          <Data name="gx_media_links">
            <value>https://roadsideattractions.ca/images/openbook.jpg</value>
          </Data>
        </ExtendedData>
        <Point>
          <coordinates>43.58835,-79.64233333333334,0</coordinates>
        </Point>
      </Placemark>
    
      <Placemark>
        <name>Optimus Prime</name>
        <description>
          <![CDATA[
            
            Credit: <a href="mailto:lonecrow42@gmail.com">Scott McDonald</a>
          ]]>
        </description>
        <ExtendedData>
          <Data name="gx_media_links">
            <value>https://roadsideattractions.ca/images/optimusprime.jpg</value>
          </Data>
        </ExtendedData>
        <Point>
          <coordinates>43.983216666666664,-78.2912,0</coordinates>
        </Point>
      </Placemark>
    
      <Placemark>
        <name>The Silver Bullet</name>
        <description>
          <![CDATA[
            
            Credit: Bill Sawchuk
          ]]>
        </description>
        <ExtendedData>
          <Data name="gx_media_links">
            <value>https://roadsideattractions.ca/images/orangeville.jpg</value>
          </Data>
        </ExtendedData>
        <Point>
          <coordinates>43.92145,-80.08793333333334,0</coordinates>
        </Point>
      </Placemark>
    
      <Placemark>
        <name>Orange Julep</name>
        <description>
          <![CDATA[
            
            Credit: <A HREF="MAILTO:sueclerc@yahoo.com">Sue Clerc</A>
          ]]>
        </description>
        <ExtendedData>
          <Data name="gx_media_links">
            <value>https://roadsideattractions.ca/images/orange.jpg</value>
          </Data>
        </ExtendedData>
        <Point>
          <coordinates>45.4957,-73.65678333333334,0</coordinates>
        </Point>
      </Placemark>
    
      <Placemark>
        <name>Raven</name>
        <description>
          <![CDATA[
            23 km east on Hwy 3.
            Credit: <a href="mailto:hirning@shaw.ca">Lorraine Hirning</a>
          ]]>
        </description>
        <ExtendedData>
          <Data name="gx_media_links">
            <value>https://roadsideattractions.ca/images/oraven.jpg</value>
          </Data>
        </ExtendedData>
        <Point>
          <coordinates>49.01051666666667,-119.30688333333333,0</coordinates>
        </Point>
      </Placemark>
    
      <Placemark>
        <name>Soldier</name>
        <description>
          <![CDATA[
            
            Credit: <a href="mailto:grb@brunnet.net">Gary Boole</a>
          ]]>
        </description>
        <ExtendedData>
          <Data name="gx_media_links">
            <value>https://roadsideattractions.ca/images/oromocto.jpg</value>
          </Data>
        </ExtendedData>
        <Point>
          <coordinates>45.85255,-66.47715,0</coordinates>
        </Point>
      </Placemark>
    
      <Placemark>
        <name>Blue Heron</name>
        <description>
          <![CDATA[
            
            Credit: <a href="mailto:shorty.1976@yahoo.ca">Pamela Robinson</a>
          ]]>
        </description>
        <ExtendedData>
          <Data name="gx_media_links">
            <value>https://roadsideattractions.ca/images/oromoctoheron.jpg</value>
          </Data>
        </ExtendedData>
        <Point>
          <coordinates>45.76636666666667,-66.54578333333333,0</coordinates>
        </Point>
      </Placemark>
    
      <Placemark>
        <name>Bald Eagle</name>
        <description>
          <![CDATA[
            
            Credit: <a href="mailto:p_kennedy123@yahoo.com">Paula Kennedy</a>
          ]]>
        </description>
        <ExtendedData>
          <Data name="gx_media_links">
            <value>https://roadsideattractions.ca/images/oronoeagle.jpg</value>
          </Data>
        </ExtendedData>
        <Point>
          <coordinates>44.03798333333334,-78.61583333333333,0</coordinates>
        </Point>
      </Placemark>
    
      <Placemark>
        <name>Sasquatch</name>
        <description>
          <![CDATA[
            ~ 17 km east on Hwy 3.
            Credit: <a href="mailto:cymagic@shaw.ca">Chris Yuill</a>
          ]]>
        </description>
        <ExtendedData>
          <Data name="gx_media_links">
            <value>https://roadsideattractions.ca/images/osasquatch.jpg</value>
          </Data>
        </ExtendedData>
        <Point>
          <coordinates>49.00781666666666,-119.33681666666666,0</coordinates>
        </Point>
      </Placemark>
    
      <Placemark>
        <name>Screaming Eagle</name>
        <description>
          <![CDATA[
            20 km east on Hwy 3.
            Credit: <a href="mailto:hirning@shaw.ca">Lorraine Hirning</a>
          ]]>
        </description>
        <ExtendedData>
          <Data name="gx_media_links">
            <value>https://roadsideattractions.ca/images/oseagle.jpg</value>
          </Data>
        </ExtendedData>
        <Point>
          <coordinates>49.006433333333334,-119.34026666666666,0</coordinates>
        </Point>
      </Placemark>
    
      <Placemark>
        <name>Shoe Tree</name>
        <description>
          <![CDATA[
            
            Credit: <a href="mailto:rocketship@hotmail.com">Alex Taylor</a> and David
        Waters of <a
          target="_blank"
          href="http://dufferincountyrealestateguide.wordpress.com/author/dwaters26/">365
          Things to do in Orangeville, Ontario</a>
          ]]>
        </description>
        <ExtendedData>
          <Data name="gx_media_links">
            <value>https://roadsideattractions.ca/images/oshoetree.jpg</value>
          </Data>
        </ExtendedData>
        <Point>
          <coordinates>43.882266666666666,-80.12495,0</coordinates>
        </Point>
      </Placemark>
    
      <Placemark>
        <name>Windmill</name>
        <description>
          <![CDATA[
            
            Credit: <a href="mailto:peter@peterandbronny.com">Peter 
    van Vugt</a>
          ]]>
        </description>
        <ExtendedData>
          <Data name="gx_media_links">
            <value>https://roadsideattractions.ca/images/osoyoos.jpg</value>
          </Data>
        </ExtendedData>
        <Point>
          <coordinates>49.028483333333334,-119.44151666666667,0</coordinates>
        </Point>
      </Placemark>
    
      <Placemark>
        <name>Vintage Car On A Pole</name>
        <description>
          <![CDATA[
            
            Credit: <a href="mailto:rdonnan49@sasktel.net">Richard Donnan</a>
          ]]>
        </description>
        <ExtendedData>
          <Data name="gx_media_links">
            <value>https://roadsideattractions.ca/images/osler.jpg</value>
          </Data>
        </ExtendedData>
        <Point>
          <coordinates>52.368883333333336,-106.53305,0</coordinates>
        </Point>
      </Placemark>
    
      <Placemark>
        <name>Nk'Mip Man And Horse</name>
        <description>
          <![CDATA[
            
            Credit: <a href="mailto:patriciahrock@hotmail.com">Patricia Rock</a>
          ]]>
        </description>
        <ExtendedData>
          <Data name="gx_media_links">
            <value>https://roadsideattractions.ca/images/osoyoosmh.jpg</value>
          </Data>
        </ExtendedData>
        <Point>
          <coordinates>49.04088333333333,-119.43565,0</coordinates>
        </Point>
      </Placemark>
    
      <Placemark>
        <name>Nk'Mip Man And Horse (2)</name>
        <description>
          <![CDATA[
            
            Credit: <a href="mailto:patriciahrock@hotmail.com">Patricia Rock</a>
          ]]>
        </description>
        <ExtendedData>
          <Data name="gx_media_links">
            <value>https://roadsideattractions.ca/images/osoyoosmha.jpg</value>
          </Data>
        </ExtendedData>
        <Point>
          <coordinates>49.035916666666665,-119.47766666666666,0</coordinates>
        </Point>
      </Placemark>
    
      <Placemark>
        <name>Vulture And Cactus</name>
        <description>
          <![CDATA[
            
            Credit: <a href="mailto:rdonnan49@sasktel.net">Richard Donnan</a>
          ]]>
        </description>
        <ExtendedData>
          <Data name="gx_media_links">
            <value>https://roadsideattractions.ca/images/osoyoosvulture.jpg</value>
          </Data>
        </ExtendedData>
        <Point>
          <coordinates>49.0282,-119.4425,0</coordinates>
        </Point>
      </Placemark>
    
      <Placemark>
        <name>Stag</name>
        <description>
          <![CDATA[
            17 km east on Hwy 3.
            Credit: <a href="mailto:hirning@shaw.ca">Lorraine Hirning</a>
          ]]>
        </description>
        <ExtendedData>
          <Data name="gx_media_links">
            <value>https://roadsideattractions.ca/images/ostag.jpg</value>
          </Data>
        </ExtendedData>
        <Point>
          <coordinates>49.01878333333333,-119.36738333333334,0</coordinates>
        </Point>
      </Placemark>
    
      <Placemark>
        <name>Outlaw The Bull</name>
        <description>
          <![CDATA[
            
            Credit: Mona Lee Switzer

          ]]>
        </description>
        <ExtendedData>
          <Data name="gx_media_links">
            <value>https://roadsideattractions.ca/images/outlaw.jpg</value>
          </Data>
        </ExtendedData>
        <Point>
          <coordinates>51.04873333333333,-114.06755,0</coordinates>
        </Point>
      </Placemark>
    
      <Placemark>
        <name>Mack Truck On A Pole</name>
        <description>
          <![CDATA[
            Southwest of town - on Concession Road 5 just south of Side Road 6.
            Credit: Stacy Spitzig
          ]]>
        </description>
        <ExtendedData>
          <Data name="gx_media_links">
            <value>https://roadsideattractions.ca/images/owensound.jpg</value>
          </Data>
        </ExtendedData>
        <Point>
          <coordinates>44.49811666666667,-80.97636666666666,0</coordinates>
        </Point>
      </Placemark>
    
      <Placemark>
        <name>Burrowing Owls</name>
        <description>
          <![CDATA[
            
            Credit: <a href="http://www.leader.ca">Town of Leader</a>
          ]]>
        </description>
        <ExtendedData>
          <Data name="gx_media_links">
            <value>https://roadsideattractions.ca/images/owls.jpg</value>
          </Data>
        </ExtendedData>
        <Point>
          <coordinates>50.8907,-109.54151666666667,0</coordinates>
        </Point>
      </Placemark>
    
      <Placemark>
        <name>Paddlewheel</name>
        <description>
          <![CDATA[
            
            Credit: <a href="mailto:rch31739@mts.net">Bob Hill</a>
          ]]>
        </description>
        <ExtendedData>
          <Data name="gx_media_links">
            <value>https://roadsideattractions.ca/images/paddlewheel.jpg</value>
          </Data>
        </ExtendedData>
        <Point>
          <coordinates>60.674933333333335,-135.05291666666668,0</coordinates>
        </Point>
      </Placemark>
    
      <Placemark>
        <name>Paint Can</name>
        <description>
          <![CDATA[
            
            Credit: <a href="mailto:patriciahrock@hotmail.com">Patricia Rock</a>
          ]]>
        </description>
        <ExtendedData>
          <Data name="gx_media_links">
            <value>https://roadsideattractions.ca/images/paintcan.jpg</value>
          </Data>
        </ExtendedData>
        <Point>
          <coordinates>49.5218,-115.75683333333333,0</coordinates>
        </Point>
      </Placemark>
    
      <Placemark>
        <name>Paintbrushes</name>
        <description>
          <![CDATA[
            
            Credit: Mona Lee Switzer
          ]]>
        </description>
        <ExtendedData>
          <Data name="gx_media_links">
            <value>https://roadsideattractions.ca/images/paintbrushes.jpg</value>
          </Data>
        </ExtendedData>
        <Point>
          <coordinates>51.03516666666667,-114.15796666666667,0</coordinates>
        </Point>
      </Placemark>
    
      <Placemark>
        <name>Pants Down Pig</name>
        <description>
          <![CDATA[
            
            Credit: <a href="mailto:nomad1@nbnet.nb.ca%20">Victor</a>
          ]]>
        </description>
        <ExtendedData>
          <Data name="gx_media_links">
            <value>https://roadsideattractions.ca/images/pantsdownpig.jpg</value>
          </Data>
        </ExtendedData>
        <Point>
          <coordinates>45.826633333333334,-65.9394,0</coordinates>
        </Point>
      </Placemark>
    
      <Placemark>
        <name>Paper Plane</name>
        <description>
          <![CDATA[
            
            Credit: Mona Lee Switzer
          ]]>
        </description>
        <ExtendedData>
          <Data name="gx_media_links">
            <value>https://roadsideattractions.ca/images/paperplane.jpg</value>
          </Data>
        </ExtendedData>
        <Point>
          <coordinates>51.04878333333333,-114.05081666666666,0</coordinates>
        </Point>
      </Placemark>
    
      <Placemark>
        <name>Ox And Cart</name>
        <description>
          <![CDATA[
            
            Credit: <a href="mailto:gfoxedm@telusplanet.net">Gerry Fox</a>
          ]]>
        </description>
        <ExtendedData>
          <Data name="gx_media_links">
            <value>https://roadsideattractions.ca/images/paradise.jpg</value>
          </Data>
        </ExtendedData>
        <Point>
          <coordinates>53.541516666666666,-109.46091666666666,0</coordinates>
        </Point>
      </Placemark>
    
      <Placemark>
        <name>Dinosaur</name>
        <description>
          <![CDATA[
            
            Credit: <a href="mailto:wenjen@sasktel.net">Wendalynn Jensen Donnan</a>
          ]]>
        </description>
        <ExtendedData>
          <Data name="gx_media_links">
            <value>https://roadsideattractions.ca/images/paradisehill.jpg</value>
          </Data>
        </ExtendedData>
        <Point>
          <coordinates>53.54801666666667,-109.45506666666667,0</coordinates>
        </Point>
      </Placemark>
    
      <Placemark>
        <name>Snow People</name>
        <description>
          <![CDATA[
            
            Credit: <a href="mailto:bowser@iaw.on.ca">James Bowser</a>
          ]]>
        </description>
        <ExtendedData>
          <Data name="gx_media_links">
            <value>https://roadsideattractions.ca/images/paradisepeople.jpg</value>
          </Data>
        </ExtendedData>
        <Point>
          <coordinates>44.869883333333334,-65.2062,0</coordinates>
        </Point>
      </Placemark>
    
      <Placemark>
        <name>Park Patrol</name>
        <description>
          <![CDATA[
            
            Credit: <a href="mailto:ajimreid@shaw.ca">Jim Reid</a>
          ]]>
        </description>
        <ExtendedData>
          <Data name="gx_media_links">
            <value>https://roadsideattractions.ca/images/parkpatrol.jpg</value>
          </Data>
        </ExtendedData>
        <Point>
          <coordinates>51.935633333333335,-102.5368,0</coordinates>
        </Point>
      </Placemark>
    
      <Placemark>
        <name>Black Bear</name>
        <description>
          <![CDATA[
            72 James Street
            Credit: Preston Scott
          ]]>
        </description>
        <ExtendedData>
          <Data name="gx_media_links">
            <value>https://roadsideattractions.ca/images/parrysound.jpg</value>
          </Data>
        </ExtendedData>
        <Point>
          <coordinates>45.345283333333334,-80.0339,0</coordinates>
        </Point>
      </Placemark>
    
      <Placemark>
        <name>World's Largest Paddle</name>
        <description>
          <![CDATA[
            ~10 km northwest on Hwy. 95.
            Credit: <a href="mailto:patriciahrock@hotmail.com">Patricia Rock</a>
          ]]>
        </description>
        <ExtendedData>
          <Data name="gx_media_links">
            <value>https://roadsideattractions.ca/images/parson.jpg</value>
          </Data>
        </ExtendedData>
        <Point>
          <coordinates>51.127316666666665,-116.73545,0</coordinates>
        </Point>
      </Placemark>
    
      <Placemark>
        <name>Glooscap</name>
        <description>
          <![CDATA[
            
            Credit: <a href="mailto:bowser@iaw.on.ca">James Bowser</a>
          ]]>
        </description>
        <ExtendedData>
          <Data name="gx_media_links">
            <value>https://roadsideattractions.ca/images/parrsboro.jpg</value>
          </Data>
        </ExtendedData>
        <Point>
          <coordinates>45.40651666666667,-64.32571666666666,0</coordinates>
        </Point>
      </Placemark>
    
      <Placemark>
        <name>Tire Man</name>
        <description>
          <![CDATA[
            
            Credit: <a href="mailto:rdonnan49@sasktel.net">Richard Donnan</a>
          ]]>
        </description>
        <ExtendedData>
          <Data name="gx_media_links">
            <value>https://roadsideattractions.ca/images/patireman.jpg</value>
          </Data>
        </ExtendedData>
        <Point>
          <coordinates>53.13406666666667,-105.761,0</coordinates>
        </Point>
      </Placemark>
    
      <Placemark>
        <name>Police Patrol Car</name>
        <description>
          <![CDATA[
            
            Credit: Steve Tournay
          ]]>
        </description>
        <ExtendedData>
          <Data name="gx_media_links">
            <value>https://roadsideattractions.ca/images/patrolcar.jpg</value>
          </Data>
        </ExtendedData>
        <Point>
          <coordinates>43.14711666666667,-80.19656666666667,0</coordinates>
        </Point>
      </Placemark>
    
      <Placemark>
        <name>Paul Bunyan Bowling Ball</name>
        <description>
          <![CDATA[
            
            Credit: <a href="mailto:rdonnan49@sasktel.net">Richard Donnan</a>
          ]]>
        </description>
        <ExtendedData>
          <Data name="gx_media_links">
            <value>https://roadsideattractions.ca/images/pbbb.jpg</value>
          </Data>
        </ExtendedData>
        <Point>
          <coordinates>53.21501666666666,-114.99993333333333,0</coordinates>
        </Point>
      </Placemark>
    
      <Placemark>
        <name>Polish Commemorative</name>
        <description>
          <![CDATA[
            
            Credit: <a href="mailto:gfoxedm@telusplanet.net">Gerry Fox</a>
          ]]>
        </description>
        <ExtendedData>
          <Data name="gx_media_links">
            <value>https://roadsideattractions.ca/images/pc.jpg</value>
          </Data>
        </ExtendedData>
        <Point>
          <coordinates>53.555816666666665,-113.49951666666666,0</coordinates>
        </Point>
      </Placemark>
    
      <Placemark>
        <name>Stone Lighthouse</name>
        <description>
          <![CDATA[
            
            Credit: <a href="mailto:jbowser%20%3Cbowser@iaw.com%3E">James Bowser</a>
          ]]>
        </description>
        <ExtendedData>
          <Data name="gx_media_links">
            <value>https://roadsideattractions.ca/images/pclighthouse.jpg</value>
          </Data>
        </ExtendedData>
        <Point>
          <coordinates>42.893683333333335,-79.26075,0</coordinates>
        </Point>
      </Placemark>
    
      <Placemark>
        <name>Ship Propeller</name>
        <description>
          <![CDATA[
            
            Credit: <a href="mailto:bowser@iaw.on.ca">James Bowser</a>
          ]]>
        </description>
        <ExtendedData>
          <Data name="gx_media_links">
            <value>https://roadsideattractions.ca/images/pcpropeller.jpg</value>
          </Data>
        </ExtendedData>
        <Point>
          <coordinates>42.900533333333335,-79.24475,0</coordinates>
        </Point>
      </Placemark>
    
      <Placemark>
        <name>Dinosaur</name>
        <description>
          <![CDATA[
            
            Credit: <a href="mailto:coryjking@gmail.com">Cory
King</a>
          ]]>
        </description>
        <ExtendedData>
          <Data name="gx_media_links">
            <value>https://roadsideattractions.ca/images/pdinosaur.jpg</value>
          </Data>
        </ExtendedData>
        <Point>
          <coordinates>45.39301666666667,-64.33081666666666,0</coordinates>
        </Point>
      </Placemark>
    
      <Placemark>
        <name>Peach</name>
        <description>
          <![CDATA[
            
            Credit: Kerry Nolan
          ]]>
        </description>
        <ExtendedData>
          <Data name="gx_media_links">
            <value>https://roadsideattractions.ca/images/peach.jpg</value>
          </Data>
        </ExtendedData>
        <Point>
          <coordinates>49.50235,-119.59716666666667,0</coordinates>
        </Point>
      </Placemark>
    
      <Placemark>
        <name>Peach And Pear Halves</name>
        <description>
          <![CDATA[
            
            Credit: <a href="mailto:hirning@shaw.ca">Lorraine Hirning</a>
          ]]>
        </description>
        <ExtendedData>
          <Data name="gx_media_links">
            <value>https://roadsideattractions.ca/images/peachpear.jpg</value>
          </Data>
        </ExtendedData>
        <Point>
          <coordinates>49.8906,-119.4953,0</coordinates>
        </Point>
      </Placemark>
    
      <Placemark>
        <name>Pea Plant</name>
        <description>
          <![CDATA[
            
            Credit: <a href="mailto:gfoxedm@telusplanet.net">Gerry Fox</a>
          ]]>
        </description>
        <ExtendedData>
          <Data name="gx_media_links">
            <value>https://roadsideattractions.ca/images/peaplant.jpg</value>
          </Data>
        </ExtendedData>
        <Point>
          <coordinates>52.78366666666667,-105.91935,0</coordinates>
        </Point>
      </Placemark>
    
      <Placemark>
        <name>Pear</name>
        <description>
          <![CDATA[
            
            Credit: <a href="mailto:hirning@shaw.ca">Lorraine Hirning</a>
          ]]>
        </description>
        <ExtendedData>
          <Data name="gx_media_links">
            <value>https://roadsideattractions.ca/images/pear.jpg</value>
          </Data>
        </ExtendedData>
        <Point>
          <coordinates>49.89073333333333,-119.49531666666667,0</coordinates>
        </Point>
      </Placemark>
    
      <Placemark>
        <name>The Peddler</name>
        <description>
          <![CDATA[
            ~ 2 km southwest on Diamond Square Road.
            Credit: <a href="mailto:ROBIN%20HANSON%20%3Cpplaza@nbnet.nb.ca%3E">Robin
Hanson</a> (Sculptor)
          ]]>
        </description>
        <ExtendedData>
          <Data name="gx_media_links">
            <value>https://roadsideattractions.ca/images/peddler.jpg</value>
          </Data>
        </ExtendedData>
        <Point>
          <coordinates>45.64276666666667,-66.62671666666667,0</coordinates>
        </Point>
      </Placemark>
    
      <Placemark>
        <name>Potato</name>
        <description>
          <![CDATA[
            1 Dewar Lane, O'Leary, PEI - in front of the Canadian Potato Museum.
            Credit: L&L van Bodegom
          ]]>
        </description>
        <ExtendedData>
          <Data name="gx_media_links">
            <value>https://roadsideattractions.ca/images/peipotato.jpg</value>
          </Data>
        </ExtendedData>
        <Point>
          <coordinates>46.70355,-64.23475,0</coordinates>
        </Point>
      </Placemark>
    
      <Placemark>
        <name>Cockburn Pointer Boat</name>
        <description>
          <![CDATA[
            
            Credit: Susan Ellis of the <a href="http://www.pembrokeontario.com/" target="pembroke">City of Pembroke</a>
          ]]>
        </description>
        <ExtendedData>
          <Data name="gx_media_links">
            <value>https://roadsideattractions.ca/images/pembroke.jpg</value>
          </Data>
        </ExtendedData>
        <Point>
          <coordinates>45.82751666666667,-77.1197,0</coordinates>
        </Point>
      </Placemark>
    
      <Placemark>
        <name>Burger Cook</name>
        <description>
          <![CDATA[
            ~ 6 km southwest on Hwy. 114.
            Credit: <a href="mailto:coryjking@gmail.com">The King Family</a>
          ]]>
        </description>
        <ExtendedData>
          <Data name="gx_media_links">
            <value>https://roadsideattractions.ca/images/penobsquis.jpg</value>
          </Data>
        </ExtendedData>
        <Point>
          <coordinates>45.74746666666667,-65.42785,0</coordinates>
        </Point>
      </Placemark>
    
      <Placemark>
        <name>Quota The Perch</name>
        <description>
          <![CDATA[
            Glover Park beside lift bridge
            Credit: Vicci Coughlin of <a href="http://www.telegraphhouse.com/" target="_blank">The
Telegraph Inn</a> and Jen Reimer of <a href="http://www.portstanley.net/" target="_blank">Port Stanley
Business Improvement Area</a>, originally Carrie of
the <a href="http://www.kettlecreekmarina.com/" target="kcw">Kettle Creek Marina</a>.
          ]]>
        </description>
        <ExtendedData>
          <Data name="gx_media_links">
            <value>https://roadsideattractions.ca/images/perch.jpg</value>
          </Data>
        </ExtendedData>
        <Point>
          <coordinates>42.66578333333333,-81.21188333333333,0</coordinates>
        </Point>
      </Placemark>
    
      <Placemark>
        <name>Stylized Elevator</name>
        <description>
          <![CDATA[
            
            Credit: <a target="_blank" href="mailto:ajimreid@shaw.ca">James Reid</a>
          ]]>
        </description>
        <ExtendedData>
          <Data name="gx_media_links">
            <value>https://roadsideattractions.ca/images/perdue.jpg</value>
          </Data>
        </ExtendedData>
        <Point>
          <coordinates>52.0587,-107.53251666666667,0</coordinates>
        </Point>
      </Placemark>
    
      <Placemark>
        <name>Mammoth Cheese (2)</name>
        <description>
          <![CDATA[
            Perth Farmer's Market
            Credit: Deby Reicker
          ]]>
        </description>
        <ExtendedData>
          <Data name="gx_media_links">
            <value>https://roadsideattractions.ca/images/perth2.jpg</value>
          </Data>
        </ExtendedData>
        <Point>
          <coordinates>44.90023333333333,-76.24778333333333,0</coordinates>
        </Point>
      </Placemark>
    
      <Placemark>
        <name>Mallard Duck</name>
        <description>
          <![CDATA[
            
            Credit: <a HREF="MAILTO:rtubbs@state.nd.us">Robert Tubbs</a>
          ]]>
        </description>
        <ExtendedData>
          <Data name="gx_media_links">
            <value>https://roadsideattractions.ca/images/petersfield.jpg</value>
          </Data>
        </ExtendedData>
        <Point>
          <coordinates>50.30435,-96.9754,0</coordinates>
        </Point>
      </Placemark>
    
      <Placemark>
        <name>Mr. PG</name>
        <description>
          <![CDATA[
            
            Credit: Original - <a href="http://bcadventure.com/adventure/explore/north/cities/prince_george.html" target="pg">Prince George, British Columbia</a>. Update - <a href="mailto:brent.hagen@ontario.ca">Brent Hagen</a>
          ]]>
        </description>
        <ExtendedData>
          <Data name="gx_media_links">
            <value>https://roadsideattractions.ca/images/pg.jpg</value>
          </Data>
        </ExtendedData>
        <Point>
          <coordinates>53.89678333333333,-122.7686,0</coordinates>
        </Point>
      </Placemark>
    
      <Placemark>
        <name>Canada Goose</name>
        <description>
          <![CDATA[
            
            Credit: <a href="mailto:rdonnan49@sasktel.net">Richard Donnan</a>
          ]]>
        </description>
        <ExtendedData>
          <Data name="gx_media_links">
            <value>https://roadsideattractions.ca/images/pgoose.jpg</value>
          </Data>
        </ExtendedData>
        <Point>
          <coordinates>52.361066666666666,-110.26198333333333,0</coordinates>
        </Point>
      </Placemark>
    
      <Placemark>
        <name>Truck</name>
        <description>
          <![CDATA[
            
            Credit: <a href="mailto:rch31739@mts.net">Bob Hill</a>
          ]]>
        </description>
        <ExtendedData>
          <Data name="gx_media_links">
            <value>https://roadsideattractions.ca/images/pgtruck.jpg</value>
          </Data>
        </ExtendedData>
        <Point>
          <coordinates>53.78735,-122.65608333333333,0</coordinates>
        </Point>
      </Placemark>
    
      <Placemark>
        <name>Pie Chef</name>
        <description>
          <![CDATA[
            
            Credit: <a href="mailto:busjardine@hotmail.com">Lorne Jardine</a>
          ]]>
        </description>
        <ExtendedData>
          <Data name="gx_media_links">
            <value>https://roadsideattractions.ca/images/piechef.jpg</value>
          </Data>
        </ExtendedData>
        <Point>
          <coordinates>50.489266666666666,-119.1375,0</coordinates>
        </Point>
      </Placemark>
    
      <Placemark>
        <name>Pig</name>
        <description>
          <![CDATA[
            South side of Highway 5 near town entrance, beside Koenders building.
            Credit: Original - <a href="http://www.englefeld.ca/" target="englefeld">Englefeld</a>. Update - <a href="mailto:Richard%20Donnan%20%3Crdonnan49@sasktel.net%3E">Richard
Donnan</a>.
          ]]>
        </description>
        <ExtendedData>
          <Data name="gx_media_links">
            <value>https://roadsideattractions.ca/images/pig.jpg</value>
          </Data>
        </ExtendedData>
        <Point>
          <coordinates>52.1601,-104.65741666666666,0</coordinates>
        </Point>
      </Placemark>
    
      <Placemark>
        <name>Pinawa Heritage Sundial</name>
        <description>
          <![CDATA[
            
            Credit: Carl Sabanski, designer of <a HREF="http://www.mts.net/~sabanski/sundial/sundial.html" Target="phd">Pinawa Heritage Sundial</a>
          ]]>
        </description>
        <ExtendedData>
          <Data name="gx_media_links">
            <value>https://roadsideattractions.ca/images/pinawa.jpg</value>
          </Data>
        </ExtendedData>
        <Point>
          <coordinates>50.146766666666664,-95.87533333333333,0</coordinates>
        </Point>
      </Placemark>
    
      <Placemark>
        <name>Biggest Piggy Bank In The World</name>
        <description>
          <![CDATA[
            
            Credit: <a href="MAILTO:sking@greenpointsoftware.com">Stephen King</a>, update <a href="mailto:cymagic@shaw.ca">Chris Yuill</a>
          ]]>
        </description>
        <ExtendedData>
          <Data name="gx_media_links">
            <value>https://roadsideattractions.ca/images/pigbank.jpg</value>
          </Data>
        </ExtendedData>
        <Point>
          <coordinates>49.636383333333335,-114.50378333333333,0</coordinates>
        </Point>
      </Placemark>
    
      <Placemark>
        <name>Pincers</name>
        <description>
          <![CDATA[
            
            Credit: <a href="MAILTO:gfoxedm@telusplanet.net">Gerry Fox</a>, updated <a href="mailto:Lorraine%20Hirning%20%3Chirning@shaw.ca%3E">Lorraine Hirning</a>
          ]]>
        </description>
        <ExtendedData>
          <Data name="gx_media_links">
            <value>https://roadsideattractions.ca/images/pincers.jpg</value>
          </Data>
        </ExtendedData>
        <Point>
          <coordinates>49.48578333333333,-113.94681666666666,0</coordinates>
        </Point>
      </Placemark>
    
      <Placemark>
        <name>Pinto Macbean</name>
        <description>
          <![CDATA[
            Highway 3 at 206 7 Avenue.
            Credit: <a href="mailto:gfoxedm@telusplanet.net">Gerry Fox</a>
          ]]>
        </description>
        <ExtendedData>
          <Data name="gx_media_links">
            <value>https://roadsideattractions.ca/images/pinto.jpg</value>
          </Data>
        </ExtendedData>
        <Point>
          <coordinates>49.8679,-111.37546666666667,0</coordinates>
        </Point>
      </Placemark>
    
      <Placemark>
        <name>World's Largest Smoking Pipe</name>
        <description>
          <![CDATA[
            
            Credit: <a href="mailto:antoine-1er@hotmail.com">Antoine Thibault</a>
          ]]>
        </description>
        <ExtendedData>
          <Data name="gx_media_links">
            <value>https://roadsideattractions.ca/images/pipe.jpg</value>
          </Data>
        </ExtendedData>
        <Point>
          <coordinates>49.65763333333334,-98.34545,0</coordinates>
        </Point>
      </Placemark>
    
      <Placemark>
        <name>Pirate Skull</name>
        <description>
          <![CDATA[
            
            Credit: Ed Solonyka
          ]]>
        </description>
        <ExtendedData>
          <Data name="gx_media_links">
            <value>https://roadsideattractions.ca/images/pirateskull.jpg</value>
          </Data>
        </ExtendedData>
        <Point>
          <coordinates>44.52236666666667,-80.01511666666667,0</coordinates>
        </Point>
      </Placemark>
    
      <Placemark>
        <name>Planet Earth</name>
        <description>
          <![CDATA[
            Globe Park
            Credit: <a href="mailto:bowser@iaw.on.ca">James Bowser</a>
          ]]>
        </description>
        <ExtendedData>
          <Data name="gx_media_links">
            <value>https://roadsideattractions.ca/images/planetearth.jpg</value>
          </Data>
        </ExtendedData>
        <Point>
          <coordinates>43.2538,-79.76965,0</coordinates>
        </Point>
      </Placemark>
    
      <Placemark>
        <name>Voyageur</name>
        <description>
          <![CDATA[
            
            Credit: <a href="http://www.gbkphoto.com/">Gerald Kornelsen</a>
          ]]>
        </description>
        <ExtendedData>
          <Data name="gx_media_links">
            <value>https://roadsideattractions.ca/images/plastercanoe.jpg</value>
          </Data>
        </ExtendedData>
        <Point>
          <coordinates>46.89541666666667,-67.39558333333333,0</coordinates>
        </Point>
      </Placemark>
    
      <Placemark>
        <name>Bear</name>
        <description>
          <![CDATA[
            
            Credit: <a href="mailto:nomad1@nbnet.nb.ca%20">Victor</a>
          ]]>
        </description>
        <ExtendedData>
          <Data name="gx_media_links">
            <value>https://roadsideattractions.ca/images/plasterrockbear.jpg</value>
          </Data>
        </ExtendedData>
        <Point>
          <coordinates>46.89735,-67.395,0</coordinates>
        </Point>
      </Placemark>
    
      <Placemark>
        <name>Eagle</name>
        <description>
          <![CDATA[
            
            Credit: <a href="mailto:rch31739@mts.net">Bob Hill</a>
          ]]>
        </description>
        <ExtendedData>
          <Data name="gx_media_links">
            <value>https://roadsideattractions.ca/images/plpeagle.jpg</value>
          </Data>
        </ExtendedData>
        <Point>
          <coordinates>49.96268333333333,-98.3223,0</coordinates>
        </Point>
      </Placemark>
    
      <Placemark>
        <name>Lobster Fisherman</name>
        <description>
          <![CDATA[
            
            Credit: Ashburn Peever
          ]]>
        </description>
        <ExtendedData>
          <Data name="gx_media_links">
            <value>https://roadsideattractions.ca/images/pleasantbay.jpg</value>
          </Data>
        </ExtendedData>
        <Point>
          <coordinates>46.82418333333333,-60.81985,0</coordinates>
        </Point>
      </Placemark>
    
      <Placemark>
        <name>World's Largest Burl</name>
        <description>
          <![CDATA[
            
            Credit: <a href="mailto:cymagic@shaw.ca">Chris Yuill</a>
          ]]>
        </description>
        <ExtendedData>
          <Data name="gx_media_links">
            <value>https://roadsideattractions.ca/images/pmburl.jpg</value>
          </Data>
        </ExtendedData>
        <Point>
          <coordinates>50.58845,-127.09061666666666,0</coordinates>
        </Point>
      </Placemark>
    
      <Placemark>
        <name>Windmill</name>
        <description>
          <![CDATA[
            
            Credit: <a href="mailto:rdonnan49@sasktel.net">Richard Donnan</a>
          ]]>
        </description>
        <ExtendedData>
          <Data name="gx_media_links">
            <value>https://roadsideattractions.ca/images/plpwindmill.jpg</value>
          </Data>
        </ExtendedData>
        <Point>
          <coordinates>49.96536666666667,-98.28816666666667,0</coordinates>
        </Point>
      </Placemark>
    
      <Placemark>
        <name>Purple Martin Tower</name>
        <description>
          <![CDATA[
            
            Credit: <a href="mailto:hirning@shaw.ca">Lorraine Hirning</a>
          ]]>
        </description>
        <ExtendedData>
          <Data name="gx_media_links">
            <value>https://roadsideattractions.ca/images/pmtower.jpg</value>
          </Data>
        </ExtendedData>
        <Point>
          <coordinates>49.1932,-100.49361666666667,0</coordinates>
        </Point>
      </Placemark>
    
      <Placemark>
        <name>Polar Bear</name>
        <description>
          <![CDATA[
            
            Credit: <a href="mailto:rons@mymts.net">Ron Schirlie</a>
          ]]>
        </description>
        <ExtendedData>
          <Data name="gx_media_links">
            <value>https://roadsideattractions.ca/images/polarbear.jpg</value>
          </Data>
        </ExtendedData>
        <Point>
          <coordinates>58.770833333333336,-94.17763333333333,0</coordinates>
        </Point>
      </Placemark>
    
      <Placemark>
        <name>Painted Buffalo</name>
        <description>
          <![CDATA[
            725 Point Abino Road South, Point Abino
            Credit: <a href="mailto:bowser@iaw.on.ca">James Bowser</a> (updated photos 2016)
          ]]>
        </description>
        <ExtendedData>
          <Data name="gx_media_links">
            <value>https://roadsideattractions.ca/images/pointalbino.jpg</value>
          </Data>
        </ExtendedData>
        <Point>
          <coordinates>42.854483333333334,-79.09456666666667,0</coordinates>
        </Point>
      </Placemark>
    
      <Placemark>
        <name>The Legacy - The World's Largest Bucking Saddle Bronc And Rider</name>
        <description>
          <![CDATA[
            
            Credit: <a href="mailto:nchalack@telusplanet.net">Neil Chalack</a>
          ]]>
        </description>
        <ExtendedData>
          <Data name="gx_media_links">
            <value>https://roadsideattractions.ca/images/ponoka.jpg</value>
          </Data>
        </ExtendedData>
        <Point>
          <coordinates>52.67885,-113.58686666666667,0</coordinates>
        </Point>
      </Placemark>
    
      <Placemark>
        <name>Miniature Church</name>
        <description>
          <![CDATA[
            
            Credit: <a href="mailto:mailto:rdonnan49@sasktel.net">Richard Donnan</a>
          ]]>
        </description>
        <ExtendedData>
          <Data name="gx_media_links">
            <value>https://roadsideattractions.ca/images/ponokachurch.jpg</value>
          </Data>
        </ExtendedData>
        <Point>
          <coordinates>52.67135,-113.58986666666667,0</coordinates>
        </Point>
      </Placemark>
    
      <Placemark>
        <name>Horse And Chuckwagon</name>
        <description>
          <![CDATA[
            
            Credit: <a href="mailto:mailto:rdonnan49@sasktel.net">Richard Donnan</a>
          ]]>
        </description>
        <ExtendedData>
          <Data name="gx_media_links">
            <value>https://roadsideattractions.ca/images/ponokahw.jpg</value>
          </Data>
        </ExtendedData>
        <Point>
          <coordinates>52.6697,-113.5879,0</coordinates>
        </Point>
      </Placemark>
    
      <Placemark>
        <name>Mo The Dinosaur</name>
        <description>
          <![CDATA[
            
            Credit: Roswitha Kress and Digital Saskatchewan
          ]]>
        </description>
        <ExtendedData>
          <Data name="gx_media_links">
            <value>https://roadsideattractions.ca/images/pontiex.jpg</value>
          </Data>
        </ExtendedData>
        <Point>
          <coordinates>49.72735,-107.49578333333334,0</coordinates>
        </Point>
      </Placemark>
    
      <Placemark>
        <name>Poppy Memorial</name>
        <description>
          <![CDATA[
            
            Credit: <a href="mailto:ken_stanley@globetrotter.net">Ken Stanley</a>
          ]]>
        </description>
        <ExtendedData>
          <Data name="gx_media_links">
            <value>https://roadsideattractions.ca/images/poppy.jpg</value>
          </Data>
        </ExtendedData>
        <Point>
          <coordinates>49.21935,-68.14495,0</coordinates>
        </Point>
      </Placemark>
    
      <Placemark>
        <name>Quilly Willy The Porcupine</name>
        <description>
          <![CDATA[
            
            Credit: <a href="mailto:gfoxedm@telusplanet.net">Gerry Fox</a>
          ]]>
        </description>
        <ExtendedData>
          <Data name="gx_media_links">
            <value>https://roadsideattractions.ca/images/porcupine.jpg</value>
          </Data>
        </ExtendedData>
        <Point>
          <coordinates>52.6016,-103.2547,0</coordinates>
        </Point>
      </Placemark>
    
      <Placemark>
        <name>The Wall (World's Largest Photo-mosaic)</name>
        <description>
          <![CDATA[
            
            Credit: <a href="mailto:pbowker@sympatico.ca">Perry Bowker</a>
          ]]>
        </description>
        <ExtendedData>
          <Data name="gx_media_links">
            <value>https://roadsideattractions.ca/images/portcarling.jpg</value>
          </Data>
        </ExtendedData>
        <Point>
          <coordinates>45.1204,-79.57746666666667,0</coordinates>
        </Point>
      </Placemark>
    
      <Placemark>
        <name>Chicken</name>
        <description>
          <![CDATA[
            
            Credit: <a href="mailto:bowser@iaw.on.ca">James Bowser</a>
          ]]>
        </description>
        <ExtendedData>
          <Data name="gx_media_links">
            <value>https://roadsideattractions.ca/images/portmaitland.jpg</value>
          </Data>
        </ExtendedData>
        <Point>
          <coordinates>42.85365,-79.61406666666667,0</coordinates>
        </Point>
      </Placemark>
    
      <Placemark>
        <name>Harvey's Big Potato</name>
        <description>
          <![CDATA[
            701 Highway 105, Maugerville, New Brunswick.
            Credit: <a href="mailto:grb@brunnet.net">Gary Boole</a>
          ]]>
        </description>
        <ExtendedData>
          <Data name="gx_media_links">
            <value>https://roadsideattractions.ca/images/potato.jpg</value>
          </Data>
        </ExtendedData>
        <Point>
          <coordinates>45.88785,-66.52481666666667,0</coordinates>
        </Point>
      </Placemark>
    
      <Placemark>
        <name>Power Ranger</name>
        <description>
          <![CDATA[
            
            Credit: <a href="mailto:bwkohut@shaw.ca">Boris Kohut</a>
          ]]>
        </description>
        <ExtendedData>
          <Data name="gx_media_links">
            <value>https://roadsideattractions.ca/images/powerranger.jpg</value>
          </Data>
        </ExtendedData>
        <Point>
          <coordinates>49.4093,-91.64155,0</coordinates>
        </Point>
      </Placemark>
    
      <Placemark>
        <name>Praying Indian</name>
        <description>
          <![CDATA[
            
            Credit: <a href="mailto:dalyn2@shaw.ca">Dale
Redekopp</a>
          ]]>
        </description>
        <ExtendedData>
          <Data name="gx_media_links">
            <value>https://roadsideattractions.ca/images/prayingindian.jpg</value>
          </Data>
        </ExtendedData>
        <Point>
          <coordinates>50.768766666666664,-103.79191666666667,0</coordinates>
        </Point>
      </Placemark>
    
      <Placemark>
        <name>Prince Albert</name>
        <description>
          <![CDATA[
            
            Credit: <a href="mailto:vluckese@rogers.com">Vince Luckese</a>
          ]]>
        </description>
        <ExtendedData>
          <Data name="gx_media_links">
            <value>https://roadsideattractions.ca/images/princealbert.jpg</value>
          </Data>
        </ExtendedData>
        <Point>
          <coordinates>43.9212,-80.0981,0</coordinates>
        </Point>
      </Placemark>
    
      <Placemark>
        <name>Prospector And Mule</name>
        <description>
          <![CDATA[
            
            Credit: <a href="mailto:dalyn2@shaw.ca">Dale
Redekopp</a>
          ]]>
        </description>
        <ExtendedData>
          <Data name="gx_media_links">
            <value>https://roadsideattractions.ca/images/prospector.jpg</value>
          </Data>
        </ExtendedData>
        <Point>
          <coordinates>49.37975,-121.44153333333334,0</coordinates>
        </Point>
      </Placemark>
    
      <Placemark>
        <name>Prospector And Dog</name>
        <description>
          <![CDATA[
            
            Credit: <a href="mailto:rch31739@mts.net">Bob Hill</a>
          ]]>
        </description>
        <ExtendedData>
          <Data name="gx_media_links">
            <value>https://roadsideattractions.ca/images/prospectordog.jpg</value>
          </Data>
        </ExtendedData>
        <Point>
          <coordinates>60.71945,-135.05483333333333,0</coordinates>
        </Point>
      </Placemark>
    
      <Placemark>
        <name>Ship Propeller</name>
        <description>
          <![CDATA[
            
            Credit: <a href="mailto:rch31739@mts.net">Bob Hill</a>
          ]]>
        </description>
        <ExtendedData>
          <Data name="gx_media_links">
            <value>https://roadsideattractions.ca/images/prpropeller.jpg</value>
          </Data>
        </ExtendedData>
        <Point>
          <coordinates>54.316316666666665,-130.3233,0</coordinates>
        </Point>
      </Placemark>
    
      <Placemark>
        <name>Whale</name>
        <description>
          <![CDATA[
            
            Credit: <a href="mailto:rch31739@mts.net">Bob Hill</a>
          ]]>
        </description>
        <ExtendedData>
          <Data name="gx_media_links">
            <value>https://roadsideattractions.ca/images/prwhale.jpg</value>
          </Data>
        </ExtendedData>
        <Point>
          <coordinates>54.3141,-130.33046666666667,0</coordinates>
        </Point>
      </Placemark>
    
      <Placemark>
        <name>Inuksuk</name>
        <description>
          <![CDATA[
            On Hwy. 400, just north of Port Severn.
            Credit: <a href="mailto:Bill_Patterson@tricolour.queensu.ca">Bill
Patterson</a>
          ]]>
        </description>
        <ExtendedData>
          <Data name="gx_media_links">
            <value>https://roadsideattractions.ca/images/psinukshuk.jpg</value>
          </Data>
        </ExtendedData>
        <Point>
          <coordinates>44.81755,-79.73833333333333,0</coordinates>
        </Point>
      </Placemark>
    
      <Placemark>
        <name>Shoe Tree</name>
        <description>
          <![CDATA[
            
            Credit: David Waters of <a          target="_blank" href="http://dufferincountyrealestateguide.wordpress.com/author/dwaters26/">365 Things to do in Orangeville, Ontario</a>
          ]]>
        </description>
        <ExtendedData>
          <Data name="gx_media_links">
            <value>https://roadsideattractions.ca/images/pshoetree.jpg</value>
          </Data>
        </ExtendedData>
        <Point>
          <coordinates>44.099,-80.13971666666667,0</coordinates>
        </Point>
      </Placemark>
    
      <Placemark>
        <name>Propellers</name>
        <description>
          <![CDATA[
            
            Credit: <a href="mailto:vluckese@rogers.com">Vince Luckese</a>
          ]]>
        </description>
        <ExtendedData>
          <Data name="gx_media_links">
            <value>https://roadsideattractions.ca/images/pspropellers.jpg</value>
          </Data>
        </ExtendedData>
        <Point>
          <coordinates>45.339616666666664,-80.03578333333333,0</coordinates>
        </Point>
      </Placemark>
    
      <Placemark>
        <name>Pterodactyl</name>
        <description>
          <![CDATA[
            
            Credit: <a href="mailto:wenjen@sasktel.net">Wendalynn Jensen Donnan</a>
          ]]>
        </description>
        <ExtendedData>
          <Data name="gx_media_links">
            <value>https://roadsideattractions.ca/images/pterodactyl.jpg</value>
          </Data>
        </ExtendedData>
        <Point>
          <coordinates>50.44048333333333,-104.60845,0</coordinates>
        </Point>
      </Placemark>
    
      <Placemark>
        <name>Puffin</name>
        <description>
          <![CDATA[
            
            Credit: <a href="mailto:grb@brunnet.net">Gary Boole</a>
          ]]>
        </description>
        <ExtendedData>
          <Data name="gx_media_links">
            <value>https://roadsideattractions.ca/images/puffin.jpg</value>
          </Data>
        </ExtendedData>
        <Point>
          <coordinates>50.27085,-64.13448333333334,0</coordinates>
        </Point>
      </Placemark>
    
      <Placemark>
        <name>Pumpkin</name>
        <description>
          <![CDATA[
            
            Credit: <a HREF="MAILTO:rtubbs@state.nd.us">Robert Tubbs</a>
          ]]>
        </description>
        <ExtendedData>
          <Data name="gx_media_links">
            <value>https://roadsideattractions.ca/images/pumpkin.jpg</value>
          </Data>
        </ExtendedData>
        <Point>
          <coordinates>49.3692,-97.94828333333334,0</coordinates>
        </Point>
      </Placemark>
    
      <Placemark>
        <name>World's Largest Putter</name>
        <description>
          <![CDATA[
            
            Credit: <a href="mailto:gfoxedm@telusplanet.net">Gerry Fox</a>
          ]]>
        </description>
        <ExtendedData>
          <Data name="gx_media_links">
            <value>https://roadsideattractions.ca/images/putter.jpg</value>
          </Data>
        </ExtendedData>
        <Point>
          <coordinates>49.869233333333334,-111.3704,0</coordinates>
        </Point>
      </Placemark>
    
      <Placemark>
        <name>Howard Dill - Pumpkin King</name>
        <description>
          <![CDATA[
            
            Credit: <a href="mailto:mfdc5@yahoo.com">Ryan King</a>
          ]]>
        </description>
        <ExtendedData>
          <Data name="gx_media_links">
            <value>https://roadsideattractions.ca/images/pumpkinking.jpg</value>
          </Data>
        </ExtendedData>
        <Point>
          <coordinates>44.9957,-64.13855,0</coordinates>
        </Point>
      </Placemark>
    
      <Placemark>
        <name>Dinosaur</name>
        <description>
          <![CDATA[
            
            Credit: <a href="mailto:grb@brunnet.net">Gary Boole</a>
          ]]>
        </description>
        <ExtendedData>
          <Data name="gx_media_links">
            <value>https://roadsideattractions.ca/images/qdino.jpg</value>
          </Data>
        </ExtendedData>
        <Point>
          <coordinates>49.05623333333333,-68.5497,0</coordinates>
        </Point>
      </Placemark>
    
      <Placemark>
        <name>World's Largest Pyrogy</name>
        <description>
          <![CDATA[
            Pyrogy Park - 8 kilometres north of Highway 28 on Secondary Highway 882.
            Credit: <a href="http://www.glendonalberta.ca/">Village of Glendon</a>
          ]]>
        </description>
        <ExtendedData>
          <Data name="gx_media_links">
            <value>https://roadsideattractions.ca/images/pyrogy.jpg</value>
          </Data>
        </ExtendedData>
        <Point>
          <coordinates>54.252583333333334,-111.15413333333333,0</coordinates>
        </Point>
      </Placemark>
    
      <Placemark>
        <name>Indian Head</name>
        <description>
          <![CDATA[
            
            Credit: Mireille Lagace
          ]]>
        </description>
        <ExtendedData>
          <Data name="gx_media_links">
            <value>https://roadsideattractions.ca/images/qindianhead.jpg</value>
          </Data>
        </ExtendedData>
        <Point>
          <coordinates>47.85745,-69.55655,0</coordinates>
        </Point>
      </Placemark>
    
      <Placemark>
        <name>Canada Goose</name>
        <description>
          <![CDATA[
            
            Credit: <a href="mailto:gfoxedm@telusplanet.net">Gerry Fox</a>
          ]]>
        </description>
        <ExtendedData>
          <Data name="gx_media_links">
            <value>https://roadsideattractions.ca/images/quill.jpg</value>
          </Data>
        </ExtendedData>
        <Point>
          <coordinates>52.07001666666667,-104.25616666666667,0</coordinates>
        </Point>
      </Placemark>
    
      <Placemark>
        <name>Whale</name>
        <description>
          <![CDATA[
            
            Credit: <a href="mailto:grb@brunnet.net">Gary Boole</a>
          ]]>
        </description>
        <ExtendedData>
          <Data name="gx_media_links">
            <value>https://roadsideattractions.ca/images/qwhale.jpg</value>
          </Data>
        </ExtendedData>
        <Point>
          <coordinates>50.27088333333333,-64.13438333333333,0</coordinates>
        </Point>
      </Placemark>
    
      <Placemark>
        <name>Red Bull</name>
        <description>
          <![CDATA[
            
            Credit: <a href="http://www.gbkphoto.com/">Gerald Kornelsen</a>
          ]]>
        </description>
        <ExtendedData>
          <Data name="gx_media_links">
            <value>https://roadsideattractions.ca/images/radisson.jpg</value>
          </Data>
        </ExtendedData>
        <Point>
          <coordinates>52.46235,-107.38841666666667,0</coordinates>
        </Point>
      </Placemark>
    
      <Placemark>
        <name>Radke Bull</name>
        <description>
          <![CDATA[
            11.4 km west on Holsum Rd.
            Credit: <a href="mailto:hirning@shaw.ca">Lorraine Hirning</a>
          ]]>
        </description>
        <ExtendedData>
          <Data name="gx_media_links">
            <value>https://roadsideattractions.ca/images/radkebull.jpg</value>
          </Data>
        </ExtendedData>
        <Point>
          <coordinates>49.998,-110.89303333333334,0</coordinates>
        </Point>
      </Placemark>
    
      <Placemark>
        <name>Rafaga - Unleashed</name>
        <description>
          <![CDATA[
            Pier 8 at Hamilton Waterfront Trust
            Credit: <a href="http://damdenogales.com/Main.html">Edwin and Veronica Dam de Nogales</a>
          ]]>
        </description>
        <ExtendedData>
          <Data name="gx_media_links">
            <value>https://roadsideattractions.ca/images/rafaga.jpg</value>
          </Data>
        </ExtendedData>
        <Point>
          <coordinates>43.276666666666664,-79.86206666666666,0</coordinates>
        </Point>
      </Placemark>
    
      <Placemark>
        <name>Chicken Truck</name>
        <description>
          <![CDATA[
            
            Credit: <a href="mailto:whaler@sympatico.ca">Dave Bailey</a> and <a href="mailto:lonecrow42@gmail.com">Scott McDonald</a>
          ]]>
        </description>
        <ExtendedData>
          <Data name="gx_media_links">
            <value>https://roadsideattractions.ca/images/raglan.jpg</value>
          </Data>
        </ExtendedData>
        <Point>
          <coordinates>44.017266666666664,-78.9253,0</coordinates>
        </Point>
      </Placemark>
    
      <Placemark>
        <name>Rail Spike</name>
        <description>
          <![CDATA[
            
            Credit: <a href="mailto:arioux@sympatico.ca">Alain Rioux</a>
          ]]>
        </description>
        <ExtendedData>
          <Data name="gx_media_links">
            <value>https://roadsideattractions.ca/images/railspike.jpg</value>
          </Data>
        </ExtendedData>
        <Point>
          <coordinates>45.30263333333333,-73.25386666666667,0</coordinates>
        </Point>
      </Placemark>
    
      <Placemark>
        <name>Rainbow</name>
        <description>
          <![CDATA[
            
            Credit: Aaron Spence
          ]]>
        </description>
        <ExtendedData>
          <Data name="gx_media_links">
            <value>https://roadsideattractions.ca/images/rainbow.jpg</value>
          </Data>
        </ExtendedData>
        <Point>
          <coordinates>51.488566666666664,-107.04338333333334,0</coordinates>
        </Point>
      </Placemark>
    
      <Placemark>
        <name>Rainy River Bob - The Beaver</name>
        <description>
          <![CDATA[
            
            Credit: <a href="mailto:rch31739@mts.net">Bob Hill</a>
          ]]>
        </description>
        <ExtendedData>
          <Data name="gx_media_links">
            <value>https://roadsideattractions.ca/images/rainyriver.jpg</value>
          </Data>
        </ExtendedData>
        <Point>
          <coordinates>48.72233333333333,-94.56784999999999,0</coordinates>
        </Point>
      </Placemark>
    
      <Placemark>
        <name>Rake</name>
        <description>
          <![CDATA[
            Across from Credit Union Centre on south-east side of Hwy 16.
            Credit: <a href="mailto:rdonnan49@sasktel.net">Richard Donnan</a>
          ]]>
        </description>
        <ExtendedData>
          <Data name="gx_media_links">
            <value>https://roadsideattractions.ca/images/rake.jpg</value>
          </Data>
        </ExtendedData>
        <Point>
          <coordinates>52.18566666666667,-106.6775,0</coordinates>
        </Point>
      </Placemark>
    
      <Placemark>
        <name>Giant Raspberries</name>
        <description>
          <![CDATA[
            
            Credit: <a href="mailto:we-might-not-be@shaw.ca" target="_blank">Connie Dotten</a>
          ]]>
        </description>
        <ExtendedData>
          <Data name="gx_media_links">
            <value>https://roadsideattractions.ca/images/raspberries.jpg</value>
          </Data>
        </ExtendedData>
        <Point>
          <coordinates>49.03568333333333,-122.33758333333333,0</coordinates>
        </Point>
      </Placemark>
    
      <Placemark>
        <name>Bug?</name>
        <description>
          <![CDATA[
            
            Credit: <a href="mailto:Patricia%20Rock%20%3Cpatriciahrock@hotmail.com%3E">Patricia
Rock</a>
          ]]>
        </description>
        <ExtendedData>
          <Data name="gx_media_links">
            <value>https://roadsideattractions.ca/images/rbug.jpg</value>
          </Data>
        </ExtendedData>
        <Point>
          <coordinates>50.999916666666664,-118.22888333333333,0</coordinates>
        </Point>
      </Placemark>
    
      <Placemark>
        <name>Ord's Kangaroo Rats</name>
        <description>
          <![CDATA[
            
            Credit: <a HREF="http://www.leader.ca/" Target="leader">Town of Leader</a>
          ]]>
        </description>
        <ExtendedData>
          <Data name="gx_media_links">
            <value>https://roadsideattractions.ca/images/rats.jpg</value>
          </Data>
        </ExtendedData>
        <Point>
          <coordinates>50.887,-109.54618333333333,0</coordinates>
        </Point>
      </Placemark>
    
      <Placemark>
        <name>Rocking Chair</name>
        <description>
          <![CDATA[
            
            Credit: <a href="mailto:lonecrow42@gmail.com">Scott McDonald</a>
          ]]>
        </description>
        <ExtendedData>
          <Data name="gx_media_links">
            <value>https://roadsideattractions.ca/images/rcfc.jpg</value>
          </Data>
        </ExtendedData>
        <Point>
          <coordinates>44.33005,-78.43066666666667,0</coordinates>
        </Point>
      </Placemark>
    
      <Placemark>
        <name>Royal Canadian Mounted Police</name>
        <description>
          <![CDATA[
            
            Credit: <a href="MAILTO:gfoxedm@telusplanet.net">Gerry Fox</a> and Heather Guthrie of the <a href="http://www.battlefordschamber.com/" target="_blank">Battlefords Chamber of Commerce</a>
          ]]>
        </description>
        <ExtendedData>
          <Data name="gx_media_links">
            <value>https://roadsideattractions.ca/images/rcmp.jpg</value>
          </Data>
        </ExtendedData>
        <Point>
          <coordinates>52.75318333333333,-108.2613,0</coordinates>
        </Point>
      </Placemark>
    
      <Placemark>
        <name>Guitar</name>
        <description>
          <![CDATA[
            
            Credit: <a href="mailto:hirning@shaw.ca">Lorraine Hirning</a>
          ]]>
        </description>
        <ExtendedData>
          <Data name="gx_media_links">
            <value>https://roadsideattractions.ca/images/rdguitar.jpg</value>
          </Data>
        </ExtendedData>
        <Point>
          <coordinates>52.297266666666665,-113.86191666666667,0</coordinates>
        </Point>
      </Placemark>
    
      <Placemark>
        <name>Diamond</name>
        <description>
          <![CDATA[
            
            Credit: LCRA
          ]]>
        </description>
        <ExtendedData>
          <Data name="gx_media_links">
            <value>https://roadsideattractions.ca/images/rdiamond.jpg</value>
          </Data>
        </ExtendedData>
        <Point>
          <coordinates>50.3768,-101.68448333333333,0</coordinates>
        </Point>
      </Placemark>
    
      <Placemark>
        <name>Reaching Out</name>
        <description>
          <![CDATA[
            
            Credit: <a href="mailto:brankare@telus.net">Karen Branton</a>
          ]]>
        </description>
        <ExtendedData>
          <Data name="gx_media_links">
            <value>https://roadsideattractions.ca/images/reachingout.jpg</value>
          </Data>
        </ExtendedData>
        <Point>
          <coordinates>52.26441666666667,-113.80683333333333,0</coordinates>
        </Point>
      </Placemark>
    
      <Placemark>
        <name>Red Canoe</name>
        <description>
          <![CDATA[
            Canoe Landing Park
            Credit: <a href="http://www.occasionaltoronto.blogspot.com/">Redpat</a>
          ]]>
        </description>
        <ExtendedData>
          <Data name="gx_media_links">
            <value>https://roadsideattractions.ca/images/redcanoe.jpg</value>
          </Data>
        </ExtendedData>
        <Point>
          <coordinates>43.63848333333333,-79.3967,0</coordinates>
        </Point>
      </Placemark>
    
      <Placemark>
        <name>Sound The Alarm</name>
        <description>
          <![CDATA[
            
            Credit: Cindy Coubrough of <a href="http://www.tourismreddeer.net/" target="trr">Tourism Red Deer</a>
          ]]>
        </description>
        <ExtendedData>
          <Data name="gx_media_links">
            <value>https://roadsideattractions.ca/images/reddeer.jpg</value>
          </Data>
        </ExtendedData>
        <Point>
          <coordinates>52.268116666666664,-113.80918333333334,0</coordinates>
        </Point>
      </Placemark>
    
      <Placemark>
        <name>Car In Building</name>
        <description>
          <![CDATA[
            
            Credit: <a href="mailto:wenjen@sasktel.net">Wendalynn Jensen</a>
          ]]>
        </description>
        <ExtendedData>
          <Data name="gx_media_links">
            <value>https://roadsideattractions.ca/images/regina.jpg</value>
          </Data>
        </ExtendedData>
        <Point>
          <coordinates>50.45061666666667,-104.62011666666666,0</coordinates>
        </Point>
      </Placemark>
    
      <Placemark>
        <name>World's Largest Oil Derrick</name>
        <description>
          <![CDATA[
            
            Credit: <A HREF="http://www.sturgeon.ab.ca/rw/" target="rs">Redwater School</a>
          ]]>
        </description>
        <ExtendedData>
          <Data name="gx_media_links">
            <value>https://roadsideattractions.ca/images/redwater.jpg</value>
          </Data>
        </ExtendedData>
        <Point>
          <coordinates>53.95106666666667,-113.11373333333333,0</coordinates>
        </Point>
      </Placemark>
    
      <Placemark>
        <name>Reginald The Grasshopper</name>
        <description>
          <![CDATA[
            
            Credit: <a href="mailto:wenjen@sasktel.net">Wendalynn Jensen</a>
          ]]>
        </description>
        <ExtendedData>
          <Data name="gx_media_links">
            <value>https://roadsideattractions.ca/images/reginald.jpg</value>
          </Data>
        </ExtendedData>
        <Point>
          <coordinates>50.4395,-104.61828333333334,0</coordinates>
        </Point>
      </Placemark>
    
      <Placemark>
        <name>I Love Regina Lapel Pin</name>
        <description>
          <![CDATA[
            
            Credit: <a href="mailto:rdonnan49@sasktel.net">Richard Donnan</a>
          ]]>
        </description>
        <ExtendedData>
          <Data name="gx_media_links">
            <value>https://roadsideattractions.ca/images/reginalp.jpg</value>
          </Data>
        </ExtendedData>
        <Point>
          <coordinates>50.447433333333336,-104.61588333333333,0</coordinates>
        </Point>
      </Placemark>
    
      <Placemark>
        <name>Female Grizzly Bear And Cub</name>
        <description>
          <![CDATA[
            
            Credit: <a href="mailto:rdonnan49@sasktel.net">Richard Donnan</a>
          ]]>
        </description>
        <ExtendedData>
          <Data name="gx_media_links">
            <value>https://roadsideattractions.ca/images/revelstokea.jpg</value>
          </Data>
        </ExtendedData>
        <Point>
          <coordinates>50.99935,-118.19421666666666,0</coordinates>
        </Point>
      </Placemark>
    
      <Placemark>
        <name>Lumberjack</name>
        <description>
          <![CDATA[
            
            Credit: Preston Scott and the <a href="mailto:coryjking@gmail.com">King Family</a>
          ]]>
        </description>
        <ExtendedData>
          <Data name="gx_media_links">
            <value>https://roadsideattractions.ca/images/renfrew.jpg</value>
          </Data>
        </ExtendedData>
        <Point>
          <coordinates>45.47313333333334,-76.68493333333333,0</coordinates>
        </Point>
      </Placemark>
    
      <Placemark>
        <name>Male Grizzly Bear</name>
        <description>
          <![CDATA[
            
            Credit: <a href="mailto:rdonnan49@sasktel.net">Richard Donnan</a>
          ]]>
        </description>
        <ExtendedData>
          <Data name="gx_media_links">
            <value>https://roadsideattractions.ca/images/revelstokeb.jpg</value>
          </Data>
        </ExtendedData>
        <Point>
          <coordinates>50.999433333333336,-118.19435,0</coordinates>
        </Point>
      </Placemark>
    
      <Placemark>
        <name>Canada Geese</name>
        <description>
          <![CDATA[
            
            Credit: <a href="mailto:wenjen@sasktel.net">Wendalynn Jensen Donnan</a>
          ]]>
        </description>
        <ExtendedData>
          <Data name="gx_media_links">
            <value>https://roadsideattractions.ca/images/rgeese.jpg</value>
          </Data>
        </ExtendedData>
        <Point>
          <coordinates>50.450266666666664,-104.60926666666667,0</coordinates>
        </Point>
      </Placemark>
    
      <Placemark>
        <name>Mountain Sheep</name>
        <description>
          <![CDATA[
            
            Credit: <a href="mailto:rdonnan49@sasktel.net">Richard Donnan</a>
          ]]>
        </description>
        <ExtendedData>
          <Data name="gx_media_links">
            <value>https://roadsideattractions.ca/images/rhsmountainsheep.jpg</value>
          </Data>
        </ExtendedData>
        <Point>
          <coordinates>50.619166666666665,-116.06915,0</coordinates>
        </Point>
      </Placemark>
    
      <Placemark>
        <name>Fisherman's Memorial Needle</name>
        <description>
          <![CDATA[
            
            Credit: LCRA
          ]]>
        </description>
        <ExtendedData>
          <Data name="gx_media_links">
            <value>https://roadsideattractions.ca/images/richmond.jpg</value>
          </Data>
        </ExtendedData>
        <Point>
          <coordinates>49.12448333333333,-123.19455,0</coordinates>
        </Point>
      </Placemark>
    
      <Placemark>
        <name>Flower Gardener</name>
        <description>
          <![CDATA[
            ~ 2 km northwest on Twp Rd 564.
            Credit: <a href="mailto:dalyn2@shaw.ca">Dale
Redekopp</a>
          ]]>
        </description>
        <ExtendedData>
          <Data name="gx_media_links">
            <value>https://roadsideattractions.ca/images/richvalley.jpg</value>
          </Data>
        </ExtendedData>
        <Point>
          <coordinates>53.86128333333333,-114.31573333333333,0</coordinates>
        </Point>
      </Placemark>
    
      <Placemark>
        <name>Large Woven Basket</name>
        <description>
          <![CDATA[
            At Basket Weavers of PEI
            Credit: <a href="mailto:mfdc5@yahoo.com">Ryan King</a>
          ]]>
        </description>
        <ExtendedData>
          <Data name="gx_media_links">
            <value>https://roadsideattractions.ca/images/richmondbasket.jpg</value>
          </Data>
        </ExtendedData>
        <Point>
          <coordinates>46.48758333333333,-63.986583333333336,0</coordinates>
        </Point>
      </Placemark>
    
      <Placemark>
        <name>Northern Pike</name>
        <description>
          <![CDATA[
            
            Credit: Joanne Shooten, Town of Riverhurst
          ]]>
        </description>
        <ExtendedData>
          <Data name="gx_media_links">
            <value>https://roadsideattractions.ca/images/riverhurst.jpg</value>
          </Data>
        </ExtendedData>
        <Point>
          <coordinates>50.899566666666665,-106.86558333333333,0</coordinates>
        </Point>
      </Placemark>
    
      <Placemark>
        <name>Moose</name>
        <description>
          <![CDATA[
            
            Credit: <a href="mailto:mowattlj@mts.net">Janine Mowatt</a>
          ]]>
        </description>
        <ExtendedData>
          <Data name="gx_media_links">
            <value>https://roadsideattractions.ca/images/riverton.jpg</value>
          </Data>
        </ExtendedData>
        <Point>
          <coordinates>50.99805,-96.99783333333333,0</coordinates>
        </Point>
      </Placemark>
    
      <Placemark>
        <name>Farm Plow</name>
        <description>
          <![CDATA[
            
            Credit: <a href="mailto:kowalsky@mymts.net">Sue Kowalsky</a>
          ]]>
        </description>
        <ExtendedData>
          <Data name="gx_media_links">
            <value>https://roadsideattractions.ca/images/rivertonplow.jpg</value>
          </Data>
        </ExtendedData>
        <Point>
          <coordinates>50.994083333333336,-97.02678333333333,0</coordinates>
        </Point>
      </Placemark>
    
      <Placemark>
        <name>Robin</name>
        <description>
          <![CDATA[
            
            Credit: <a href="mailto:shorty.1976@yahoo.ca">Pamela
Robinson</a>
          ]]>
        </description>
        <ExtendedData>
          <Data name="gx_media_links">
            <value>https://roadsideattractions.ca/images/robin.jpg</value>
          </Data>
        </ExtendedData>
        <Point>
          <coordinates>45.853516666666664,-66.56585,0</coordinates>
        </Point>
      </Placemark>
    
      <Placemark>
        <name>Jewel Of The Parkland</name>
        <description>
          <![CDATA[
            
            Credit: <a href="mailto:gfoxedm@telusplanet.net">Gerry Fox</a>
          ]]>
        </description>
        <ExtendedData>
          <Data name="gx_media_links">
            <value>https://roadsideattractions.ca/images/roblin.jpg</value>
          </Data>
        </ExtendedData>
        <Point>
          <coordinates>51.22838333333333,-101.36106666666667,0</coordinates>
        </Point>
      </Placemark>
    
      <Placemark>
        <name>Flower Clock</name>
        <description>
          <![CDATA[
            
            Credit: <a href="mailto:rdonnan49@sasktel.net">Richard Donnan</a>
          ]]>
        </description>
        <ExtendedData>
          <Data name="gx_media_links">
            <value>https://roadsideattractions.ca/images/roblinfc.jpg</value>
          </Data>
        </ExtendedData>
        <Point>
          <coordinates>51.2284,-101.35196666666667,0</coordinates>
        </Point>
      </Placemark>
    
      <Placemark>
        <name>Fishermen Rock Carving</name>
        <description>
          <![CDATA[
            
            Credit: <a href="mailto:coryjking@gmail.com">Cory and Jen King</a>
          ]]>
        </description>
        <ExtendedData>
          <Data name="gx_media_links">
            <value>https://roadsideattractions.ca/images/rockcarving.jpg</value>
          </Data>
        </ExtendedData>
        <Point>
          <coordinates>44.493766666666666,-63.914316666666664,0</coordinates>
        </Point>
      </Placemark>
    
      <Placemark>
        <name>Rocket</name>
        <description>
          <![CDATA[
            
            Credit: <a href="mailto:lspicer@shaw.ca">Barb and Leigh Spicer</a>
          ]]>
        </description>
        <ExtendedData>
          <Data name="gx_media_links">
            <value>https://roadsideattractions.ca/images/rocket.jpg</value>
          </Data>
        </ExtendedData>
        <Point>
          <coordinates>51.000933333333336,-114.07086666666666,0</coordinates>
        </Point>
      </Placemark>
    
      <Placemark>
        <name>Rocking Chair</name>
        <description>
          <![CDATA[
            
            Credit: <a href="mailto:moffatt_gal@yahoo.com">Krista</a>
          ]]>
        </description>
        <ExtendedData>
          <Data name="gx_media_links">
            <value>https://roadsideattractions.ca/images/rockingchair.jpg</value>
          </Data>
        </ExtendedData>
        <Point>
          <coordinates>49.78066666666667,-121.4504,0</coordinates>
        </Point>
      </Placemark>
    
      <Placemark>
        <name>Rocky - The Big Horn Mountain Sheep</name>
        <description>
          <![CDATA[
            
            Credit: Terry Fletcher of the <a href="http://www.grandecache.ca/" target="_blank">Town of Grand Cache</a>
          ]]>
        </description>
        <ExtendedData>
          <Data name="gx_media_links">
            <value>https://roadsideattractions.ca/images/rocky.jpg</value>
          </Data>
        </ExtendedData>
        <Point>
          <coordinates>53.887933333333336,-119.11666666666666,0</coordinates>
        </Point>
      </Placemark>
    
      <Placemark>
        <name>World's Largest Fly Rod</name>
        <description>
          <![CDATA[
            
            Credit: <a href="http://www.houston.ca/" target="hdcc">District 
  of Houston</a>
          ]]>
        </description>
        <ExtendedData>
          <Data name="gx_media_links">
            <value>https://roadsideattractions.ca/images/rod.jpg</value>
          </Data>
        </ExtendedData>
        <Point>
          <coordinates>54.39998333333333,-126.64968333333333,0</coordinates>
        </Point>
      </Placemark>
    
      <Placemark>
        <name>Uranium Atom</name>
        <description>
          <![CDATA[
            ~ 8 km east on Hwy. 17.
            Credit: Preston Scott
          ]]>
        </description>
        <ExtendedData>
          <Data name="gx_media_links">
            <value>https://roadsideattractions.ca/images/rolphton.jpg</value>
          </Data>
        </ExtendedData>
        <Point>
          <coordinates>46.168166666666664,-77.62081666666667,0</coordinates>
        </Point>
      </Placemark>
    
      <Placemark>
        <name>World's Largest Rooster</name>
        <description>
          <![CDATA[
            On Main Street, east of Chemin South Cove.
            Credit: <a href="mailto:grb@brunnet.net">Gary Boole</a>
          ]]>
        </description>
        <ExtendedData>
          <Data name="gx_media_links">
            <value>https://roadsideattractions.ca/images/rooster.jpg</value>
          </Data>
        </ExtendedData>
        <Point>
          <coordinates>46.22345,-64.51776666666666,0</coordinates>
        </Point>
      </Placemark>
    
      <Placemark>
        <name>Rose</name>
        <description>
          <![CDATA[
            
            Credit: <a HREF="MAILTO:rtubbs@state.nd.us">Robert Tubbs</a>
          ]]>
        </description>
        <ExtendedData>
          <Data name="gx_media_links">
            <value>https://roadsideattractions.ca/images/rose.jpg</value>
          </Data>
        </ExtendedData>
        <Point>
          <coordinates>49.499433333333336,-98.34345,0</coordinates>
        </Point>
      </Placemark>
    
      <Placemark>
        <name>Coal Miner Memorial</name>
        <description>
          <![CDATA[
            
            Credit: <a href="http://www.gbkphoto.com/" target="gk">Gerald
Kornelsen</a> and <a href="mailto:dtaje@telus.net">Darlene
Taje</a>
          ]]>
        </description>
        <ExtendedData>
          <Data name="gx_media_links">
            <value>https://roadsideattractions.ca/images/rosedale.jpg</value>
          </Data>
        </ExtendedData>
        <Point>
          <coordinates>51.4174,-112.63096666666667,0</coordinates>
        </Point>
      </Placemark>
    
      <Placemark>
        <name>Dinosaur</name>
        <description>
          <![CDATA[
            
            Credit: <a href="mailto:rdonnan49@sasktel.net">Richard Donnan</a>
          ]]>
        </description>
        <ExtendedData>
          <Data name="gx_media_links">
            <value>https://roadsideattractions.ca/images/rosedaled.jpg</value>
          </Data>
        </ExtendedData>
        <Point>
          <coordinates>51.41885,-112.63171666666666,0</coordinates>
        </Point>
      </Placemark>
    
      <Placemark>
        <name>Wheat Sheaf</name>
        <description>
          <![CDATA[
            
            Credit: Elsie Markwart, McMasters Photography Ltd.
          ]]>
        </description>
        <ExtendedData>
          <Data name="gx_media_links">
            <value>https://roadsideattractions.ca/images/rosthern.jpg</value>
          </Data>
        </ExtendedData>
        <Point>
          <coordinates>52.66538333333333,-106.31896666666667,0</coordinates>
        </Point>
      </Placemark>
    
      <Placemark>
        <name>Moose</name>
        <description>
          <![CDATA[
            
            Credit: <a href="mailto:dalyn2@shaw.ca">Dale
Redekopp</a>
          ]]>
        </description>
        <ExtendedData>
          <Data name="gx_media_links">
            <value>https://roadsideattractions.ca/images/rowley.jpg</value>
          </Data>
        </ExtendedData>
        <Point>
          <coordinates>51.76206666666667,-112.78766666666667,0</coordinates>
        </Point>
      </Placemark>
    
      <Placemark>
        <name>Little Chicago - Royalties #1</name>
        <description>
          <![CDATA[
            ~ 2 km north on Hwy 22.
            Credit: <a href="mailto:lspicer@shaw.ca">Leigh Spicer</a>
          ]]>
        </description>
        <ExtendedData>
          <Data name="gx_media_links">
            <value>https://roadsideattractions.ca/images/royalties.jpg</value>
          </Data>
        </ExtendedData>
        <Point>
          <coordinates>50.55728333333333,-114.23211666666667,0</coordinates>
        </Point>
      </Placemark>
    
      <Placemark>
        <name>Rubble Car</name>
        <description>
          <![CDATA[
            
            Credit: <a href="mailto:rdonnan49@sasktel.net">Richard Donnan</a>
          ]]>
        </description>
        <ExtendedData>
          <Data name="gx_media_links">
            <value>https://roadsideattractions.ca/images/rubblecar.jpg</value>
          </Data>
        </ExtendedData>
        <Point>
          <coordinates>52.48,-105.29886666666667,0</coordinates>
        </Point>
      </Placemark>
    
      <Placemark>
        <name>Polar Bear</name>
        <description>
          <![CDATA[
            
            Credit: <a href="mailto:wenjen@sasktel.net">Wendalynn Jensen</a>
          ]]>
        </description>
        <ExtendedData>
          <Data name="gx_media_links">
            <value>https://roadsideattractions.ca/images/rpolarbear.jpg</value>
          </Data>
        </ExtendedData>
        <Point>
          <coordinates>50.44175,-104.61791666666667,0</coordinates>
        </Point>
      </Placemark>
    
      <Placemark>
        <name>Bull</name>
        <description>
          <![CDATA[
            
            Credit: <a href="http://www.russellmb.com/" target="russell">Town of
Russell</a> - original photo. <a href="mailto:sendjokeshere@hotmail.com">Trevor
Appelt</a> - new photo.
          ]]>
        </description>
        <ExtendedData>
          <Data name="gx_media_links">
            <value>https://roadsideattractions.ca/images/russell.jpg</value>
          </Data>
        </ExtendedData>
        <Point>
          <coordinates>50.77245,-101.29026666666667,0</coordinates>
        </Point>
      </Placemark>
    
      <Placemark>
        <name>Oskana Ka-asasteki</name>
        <description>
          <![CDATA[
            
            Credit: <a href="mailto:rdonnan49@sasktel.net">Richard Donnan</a>
          ]]>
        </description>
        <ExtendedData>
          <Data name="gx_media_links">
            <value>https://roadsideattractions.ca/images/rwirebuffalo.jpg</value>
          </Data>
        </ExtendedData>
        <Point>
          <coordinates>50.449016666666665,-104.61083333333333,0</coordinates>
        </Point>
      </Placemark>
    
      <Placemark>
        <name>Rusty The Elephant</name>
        <description>
          <![CDATA[
            
            Credit: <a href="mailto:wenjen@sasktel.net">Wendalynn Jensen Donnan</a>
          ]]>
        </description>
        <ExtendedData>
          <Data name="gx_media_links">
            <value>https://roadsideattractions.ca/images/rusty.jpg</value>
          </Data>
        </ExtendedData>
        <Point>
          <coordinates>50.448766666666664,-104.61458333333333,0</coordinates>
        </Point>
      </Placemark>
    
      <Placemark>
        <name>Teepee</name>
        <description>
          <![CDATA[
            
            Credit: Sharyn Collis of <a href="http://www.roadtripvacations.com/" target="rtv">roadtripvacations.ca</a> 
          ]]>
        </description>
        <ExtendedData>
          <Data name="gx_media_links">
            <value>https://roadsideattractions.ca/images/rycroft.jpg</value>
          </Data>
        </ExtendedData>
        <Point>
          <coordinates>55.75653333333333,-118.69616666666667,0</coordinates>
        </Point>
      </Placemark>
    
      <Placemark>
        <name>Bison</name>
        <description>
          <![CDATA[
            
            Credit: <a href="mailto:bwkohut@shaw.ca">Boris Kohut</a>
          ]]>
        </description>
        <ExtendedData>
          <Data name="gx_media_links">
            <value>https://roadsideattractions.ca/images/sabison.jpg</value>
          </Data>
        </ExtendedData>
        <Point>
          <coordinates>50.0365,-97.00501666666666,0</coordinates>
        </Point>
      </Placemark>
    
      <Placemark>
        <name>Bull</name>
        <description>
          <![CDATA[
            
            Credit: <a href="mailto:mailto:rdonnan49@sasktel.net">Richard Donnan</a>
          ]]>
        </description>
        <ExtendedData>
          <Data name="gx_media_links">
            <value>https://roadsideattractions.ca/images/sabull.jpg</value>
          </Data>
        </ExtendedData>
        <Point>
          <coordinates>53.59988333333333,-113.57391666666666,0</coordinates>
        </Point>
      </Placemark>
    
      <Placemark>
        <name>Penny</name>
        <description>
          <![CDATA[
            
            Credit: <A HREF="mailto:odemers@hotmail.com">Oscar Demers</a>
          ]]>
        </description>
        <ExtendedData>
          <Data name="gx_media_links">
            <value>https://roadsideattractions.ca/images/salmo.jpg</value>
          </Data>
        </ExtendedData>
        <Point>
          <coordinates>49.19573333333334,-117.27875,0</coordinates>
        </Point>
      </Placemark>
    
      <Placemark>
        <name>Sam - The World's Largest Atlantic Salmon</name>
        <description>
          <![CDATA[
            
            Credit: Promoting New Brunswick
          ]]>
        </description>
        <ExtendedData>
          <Data name="gx_media_links">
            <value>https://roadsideattractions.ca/images/salmon.jpg</value>
          </Data>
        </ExtendedData>
        <Point>
          <coordinates>48.009033333333335,-66.67465,0</coordinates>
        </Point>
      </Placemark>
    
      <Placemark>
        <name>Big Horn Sheep</name>
        <description>
          <![CDATA[
            
            Credit: <a href="mailto:rdonnan49@sasktel.net">Richard Donnan</a>
          ]]>
        </description>
        <ExtendedData>
          <Data name="gx_media_links">
            <value>https://roadsideattractions.ca/images/salmosheep.jpg</value>
          </Data>
        </ExtendedData>
        <Point>
          <coordinates>49.186283333333336,-117.28338333333333,0</coordinates>
        </Point>
      </Placemark>
    
      <Placemark>
        <name>Salmon</name>
        <description>
          <![CDATA[
            
            Credit: Brad Breitkreutz

          ]]>
        </description>
        <ExtendedData>
          <Data name="gx_media_links">
            <value>https://roadsideattractions.ca/images/sandspit.jpg</value>
          </Data>
        </ExtendedData>
        <Point>
          <coordinates>53.2532,-131.8211,0</coordinates>
        </Point>
      </Placemark>
    
      <Placemark>
        <name>Rose</name>
        <description>
          <![CDATA[
            
            Credit: <a href="mailto:sendjokeshere@hotmail.com">Trevor
Appelt</a>
          ]]>
        </description>
        <ExtendedData>
          <Data name="gx_media_links">
            <value>https://roadsideattractions.ca/images/sandylake.jpg</value>
          </Data>
        </ExtendedData>
        <Point>
          <coordinates>50.52655,-100.17248333333333,0</coordinates>
        </Point>
      </Placemark>
    
      <Placemark>
        <name>Grain Elevator</name>
        <description>
          <![CDATA[
            
            Credit: <a href="mailto:bwkohut@shaw.ca">Boris Kohut</a>
          ]]>
        </description>
        <ExtendedData>
          <Data name="gx_media_links">
            <value>https://roadsideattractions.ca/images/sanford.jpg</value>
          </Data>
        </ExtendedData>
        <Point>
          <coordinates>49.680483333333335,-97.42896666666667,0</coordinates>
        </Point>
      </Placemark>
    
      <Placemark>
        <name>Sundial-Elevator</name>
        <description>
          <![CDATA[
            
            Credit: Pam Nelson of the Village of Sangudo
          ]]>
        </description>
        <ExtendedData>
          <Data name="gx_media_links">
            <value>https://roadsideattractions.ca/images/sangudo.jpg</value>
          </Data>
        </ExtendedData>
        <Point>
          <coordinates>53.89203333333333,-114.89725,0</coordinates>
        </Point>
      </Placemark>
    
      <Placemark>
        <name>Santa Claus</name>
        <description>
          <![CDATA[
            
            Credit: Town of Watson
          ]]>
        </description>
        <ExtendedData>
          <Data name="gx_media_links">
            <value>https://roadsideattractions.ca/images/santa.jpg</value>
          </Data>
        </ExtendedData>
        <Point>
          <coordinates>52.12806666666667,-104.52873333333334,0</coordinates>
        </Point>
      </Placemark>
    
      <Placemark>
        <name>Sara The Camel</name>
        <description>
          <![CDATA[
            
            Credit: <A HREF="http://www.glenboromb.ca/index.html" Target="tog">Town of Glenboro</A>
          ]]>
        </description>
        <ExtendedData>
          <Data name="gx_media_links">
            <value>https://roadsideattractions.ca/images/sarah.jpg</value>
          </Data>
        </ExtendedData>
        <Point>
          <coordinates>49.56135,-99.28376666666666,0</coordinates>
        </Point>
      </Placemark>
    
      <Placemark>
        <name>Airplane</name>
        <description>
          <![CDATA[
            
            Credit: Ed Solonyka

          ]]>
        </description>
        <ExtendedData>
          <Data name="gx_media_links">
            <value>https://roadsideattractions.ca/images/saublebeach.jpg</value>
          </Data>
        </ExtendedData>
        <Point>
          <coordinates>44.629533333333335,-81.26695,0</coordinates>
        </Point>
      </Placemark>
    
      <Placemark>
        <name>Flying Saucer</name>
        <description>
          <![CDATA[
            
            Credit:  <a href="MAILTO:brian.atkinson@ontario.ca">Brian
Atkinson</a> and Rebecca Plante
          ]]>
        </description>
        <ExtendedData>
          <Data name="gx_media_links">
            <value>https://roadsideattractions.ca/images/saucer.jpg</value>
          </Data>
        </ExtendedData>
        <Point>
          <coordinates>49.343783333333334,-82.15993333333333,0</coordinates>
        </Point>
      </Placemark>
    
      <Placemark>
        <name>Two Headed Buffalo</name>
        <description>
          <![CDATA[
            
            Credit: <a href="mailto:rdonnan49@sasktel.net">Richard Donnan</a>
          ]]>
        </description>
        <ExtendedData>
          <Data name="gx_media_links">
            <value>https://roadsideattractions.ca/images/sbuffalo.jpg</value>
          </Data>
        </ExtendedData>
        <Point>
          <coordinates>52.126083333333334,-106.67328333333333,0</coordinates>
        </Point>
      </Placemark>
    
      <Placemark>
        <name>Wheat Stalks</name>
        <description>
          <![CDATA[
            
            Credit: <a href="mailto:gfoxedm@telusplanet.net">Gerry Fox</a>
          ]]>
        </description>
        <ExtendedData>
          <Data name="gx_media_links">
            <value>https://roadsideattractions.ca/images/sceptre.jpg</value>
          </Data>
        </ExtendedData>
        <Point>
          <coordinates>50.860416666666666,-109.2669,0</coordinates>
        </Point>
      </Placemark>
    
      <Placemark>
        <name>Scarecrow</name>
        <description>
          <![CDATA[
            Located on the west side of Northumberland County Road 50, south of 
   13th Line East.
            Credit: Mark Combot
Updated photo - June 2016: Havelock Belmont Methuen & District Chamber of Commerce

          ]]>
        </description>
        <ExtendedData>
          <Data name="gx_media_links">
            <value>https://roadsideattractions.ca/images/scarecrow.jpg</value>
          </Data>
        </ExtendedData>
        <Point>
          <coordinates>44.38688333333333,-77.79155,0</coordinates>
        </Point>
      </Placemark>
    
      <Placemark>
        <name>World's Largest Inuksuk</name>
        <description>
          <![CDATA[
            Allstone Quarry Products on highway 27
            Credit: <a href="mailto:bnrboo@yahoo.com">Tina Brenner</a> and <a href="mailto:wbpatterson@rogers.com">Bill Patterson</a>
          ]]>
        </description>
        <ExtendedData>
          <Data name="gx_media_links">
            <value>https://roadsideattractions.ca/images/schomberg.jpg</value>
          </Data>
        </ExtendedData>
        <Point>
          <coordinates>43.97768333333333,-79.67008333333334,0</coordinates>
        </Point>
      </Placemark>
    
      <Placemark>
        <name>Lilies</name>
        <description>
          <![CDATA[
            
            Credit: <a target="_blank" href="mailto:ajimreid@shaw.ca">James
Reid</a>
          ]]>
        </description>
        <ExtendedData>
          <Data name="gx_media_links">
            <value>https://roadsideattractions.ca/images/sclilies.jpg</value>
          </Data>
        </ExtendedData>
        <Point>
          <coordinates>50.28686666666667,-107.7917,0</coordinates>
        </Point>
      </Placemark>
    
      <Placemark>
        <name>Cow</name>
        <description>
          <![CDATA[
            ~7 km northwest on Hwy's 11/17, 1 km nothwest of Finmark Road.
            Credit: <a href="mailto:radar%20rebel%20%3Cradaress@hotmail.com%3E">Radar Rebel</a>
          ]]>
        </description>
        <ExtendedData>
          <Data name="gx_media_links">
            <value>https://roadsideattractions.ca/images/scow.jpg</value>
          </Data>
        </ExtendedData>
        <Point>
          <coordinates>48.56733333333333,-89.77298333333333,0</coordinates>
        </Point>
      </Placemark>
    
      <Placemark>
        <name>Dairy Cow</name>
        <description>
          <![CDATA[
            
            Credit: <a href="mailto:rdonnan49@sasktel.net">Richard Donnan</a>
          ]]>
        </description>
        <ExtendedData>
          <Data name="gx_media_links">
            <value>https://roadsideattractions.ca/images/sdairycow.jpg</value>
          </Data>
        </ExtendedData>
        <Point>
          <coordinates>52.2,-106.67855,0</coordinates>
        </Point>
      </Placemark>
    
      <Placemark>
        <name>Sea Gull</name>
        <description>
          <![CDATA[
            
            Credit: <a href="mailto:rdonnan49@sasktel.net">Richard Donnan</a>
          ]]>
        </description>
        <ExtendedData>
          <Data name="gx_media_links">
            <value>https://roadsideattractions.ca/images/seagull.jpg</value>
          </Data>
        </ExtendedData>
        <Point>
          <coordinates>50.097516666666664,-108.48313333333333,0</coordinates>
        </Point>
      </Placemark>
    
      <Placemark>
        <name>Sea Shell</name>
        <description>
          <![CDATA[
            
            Credit: <a href="mailto:nomad1@nbnet.nb.ca%20">Victor</a>
          ]]>
        </description>
        <ExtendedData>
          <Data name="gx_media_links">
            <value>https://roadsideattractions.ca/images/seashell.jpg</value>
          </Data>
        </ExtendedData>
        <Point>
          <coordinates>47.7853,-64.97463333333333,0</coordinates>
        </Point>
      </Placemark>
    
      <Placemark>
        <name>Sentinel Guard</name>
        <description>
          <![CDATA[
            
            Credit: <a href="mailto:bwkohut@shaw.ca">Boris Kohut</a>
          ]]>
        </description>
        <ExtendedData>
          <Data name="gx_media_links">
            <value>https://roadsideattractions.ca/images/sentinel.jpg</value>
          </Data>
        </ExtendedData>
        <Point>
          <coordinates>49.946266666666666,-97.19153333333334,0</coordinates>
        </Point>
      </Placemark>
    
      <Placemark>
        <name>Strawberry Geodome</name>
        <description>
          <![CDATA[
            
            Credit: <a href="mailto:jan_mahaney@hotmail.com">Jan Mahaney</a>
          ]]>
        </description>
        <ExtendedData>
          <Data name="gx_media_links">
            <value>https://roadsideattractions.ca/images/sgeodome.jpg</value>
          </Data>
        </ExtendedData>
        <Point>
          <coordinates>49.290683333333334,-54.97396666666667,0</coordinates>
        </Point>
      </Placemark>
    
      <Placemark>
        <name>Grizzly Bear</name>
        <description>
          <![CDATA[
            
            Credit: <a href="mailto:rdonnan49@sasktel.net">Richard Donnan</a>
          ]]>
        </description>
        <ExtendedData>
          <Data name="gx_media_links">
            <value>https://roadsideattractions.ca/images/sgrizzly.jpg</value>
          </Data>
        </ExtendedData>
        <Point>
          <coordinates>52.05758333333333,-106.60038333333334,0</coordinates>
        </Point>
      </Placemark>
    
      <Placemark>
        <name>Large Pig</name>
        <description>
          <![CDATA[
            2146 Hwy 7 & 8, Shakespeare, Ontario.
            Credit: <a href="mailto:liozzo@yahoo.ca">Elizabeth_Iozzo</a>
          ]]>
        </description>
        <ExtendedData>
          <Data name="gx_media_links">
            <value>https://roadsideattractions.ca/images/shakespeare.jpg</value>
          </Data>
        </ExtendedData>
        <Point>
          <coordinates>43.3698,-80.82985,0</coordinates>
        </Point>
      </Placemark>
    
      <Placemark>
        <name>Sheave Wheel</name>
        <description>
          <![CDATA[
            
            Credit: <a href="mailto:dalyn2@shaw.ca">Dale
Redekopp</a>
          ]]>
        </description>
        <ExtendedData>
          <Data name="gx_media_links">
            <value>https://roadsideattractions.ca/images/sheavewheel.jpg</value>
          </Data>
        </ExtendedData>
        <Point>
          <coordinates>50.653416666666665,-102.07898333333333,0</coordinates>
        </Point>
      </Placemark>
    
      <Placemark>
        <name>Egli's Sheep</name>
        <description>
          <![CDATA[
            
            Credit: <a   HREF="http://www.eglifarm.com/" Target="egli">Egli's Sheep Farm</a>
          ]]>
        </description>
        <ExtendedData>
          <Data name="gx_media_links">
            <value>https://roadsideattractions.ca/images/sheep.jpg</value>
          </Data>
        </ExtendedData>
        <Point>
          <coordinates>49.814683333333335,-93.08058333333334,0</coordinates>
        </Point>
      </Placemark>
    
      <Placemark>
        <name>Large Egg</name>
        <description>
          <![CDATA[
            
            Credit: <a href="mailto:coryjking@gmail.com">The King Family</a>
          ]]>
        </description>
        <ExtendedData>
          <Data name="gx_media_links">
            <value>https://roadsideattractions.ca/images/shegg.jpg</value>
          </Data>
        </ExtendedData>
        <Point>
          <coordinates>45.633266666666664,-72.99216666666666,0</coordinates>
        </Point>
      </Placemark>
    
      <Placemark>
        <name>Sharptailed Grouse</name>
        <description>
          <![CDATA[
            
            Credit: <a href="mailto:gfoxedm@telusplanet.net">Gerry Fox</a>
          ]]>
        </description>
        <ExtendedData>
          <Data name="gx_media_links">
            <value>https://roadsideattractions.ca/images/sheho.jpg</value>
          </Data>
        </ExtendedData>
        <Point>
          <coordinates>51.5872,-103.2148,0</coordinates>
        </Point>
      </Placemark>
    
      <Placemark>
        <name>Muskoka Chair</name>
        <description>
          <![CDATA[
            
            Credit: <a href="mailto:mfdc5@yahoo.com">Ryan King</a>
          ]]>
        </description>
        <ExtendedData>
          <Data name="gx_media_links">
            <value>https://roadsideattractions.ca/images/shelburne.jpg</value>
          </Data>
        </ExtendedData>
        <Point>
          <coordinates>43.76193333333333,-65.3244,0</coordinates>
        </Point>
      </Placemark>
    
      <Placemark>
        <name>Viking Ship</name>
        <description>
          <![CDATA[
            
            Credit: Town of Erickson
          ]]>
        </description>
        <ExtendedData>
          <Data name="gx_media_links">
            <value>https://roadsideattractions.ca/images/ship.jpg</value>
          </Data>
        </ExtendedData>
        <Point>
          <coordinates>50.49836666666667,-99.91756666666667,0</coordinates>
        </Point>
      </Placemark>
    
      <Placemark>
        <name>Shipmast</name>
        <description>
          <![CDATA[
            Hamilton Bayfront Park
            Credit: <a href="mailto:bowser@iaw.on.ca">James Bowser</a>
          ]]>
        </description>
        <ExtendedData>
          <Data name="gx_media_links">
            <value>https://roadsideattractions.ca/images/shipmast.jpg</value>
          </Data>
        </ExtendedData>
        <Point>
          <coordinates>43.2681,-79.86771666666667,0</coordinates>
        </Point>
      </Placemark>
    
      <Placemark>
        <name>Shoelace Sculpture</name>
        <description>
          <![CDATA[
            
            Credit: <a href="mailto:mfdc5@yahoo.com">Ryan King</a>
          ]]>
        </description>
        <ExtendedData>
          <Data name="gx_media_links">
            <value>https://roadsideattractions.ca/images/shoelace.jpg</value>
          </Data>
        </ExtendedData>
        <Point>
          <coordinates>44.64928333333334,-63.58728333333333,0</coordinates>
        </Point>
      </Placemark>
    
      <Placemark>
        <name>Shoe Tree</name>
        <description>
          <![CDATA[
            
            Credit: <A HREF="MAILTO:riotthill@cybernet.on.ca">Warren Riley</A>
          ]]>
        </description>
        <ExtendedData>
          <Data name="gx_media_links">
            <value>https://roadsideattractions.ca/images/shoetree.jpg</value>
          </Data>
        </ExtendedData>
        <Point>
          <coordinates>44.923766666666666,-78.64818333333334,0</coordinates>
        </Point>
      </Placemark>
    
      <Placemark>
        <name>Horse</name>
        <description>
          <![CDATA[
            
            Credit: <a href="mailto:rdonnan49@sasktel.net">Richard Donnan</a>
          ]]>
        </description>
        <ExtendedData>
          <Data name="gx_media_links">
            <value>https://roadsideattractions.ca/images/shorse.jpg</value>
          </Data>
        </ExtendedData>
        <Point>
          <coordinates>52.096,-106.67036666666667,0</coordinates>
        </Point>
      </Placemark>
    
      <Placemark>
        <name>Spinning Wheel</name>
        <description>
          <![CDATA[
            
            Credit: <a href="mailto:gfoxedm@telusplanet.net">Gerry Fox</a>
          ]]>
        </description>
        <ExtendedData>
          <Data name="gx_media_links">
            <value>https://roadsideattractions.ca/images/sifton.jpg</value>
          </Data>
        </ExtendedData>
        <Point>
          <coordinates>51.357683333333334,-100.14206666666666,0</coordinates>
        </Point>
      </Placemark>
    
      <Placemark>
        <name>Igloo</name>
        <description>
          <![CDATA[
            7 km west, at Adam's Igloo Wildlife Museum.
            Credit: <a href="mailto:hirning@shaw.ca">Lorraine Hirning</a>
          ]]>
        </description>
        <ExtendedData>
          <Data name="gx_media_links">
            <value>https://roadsideattractions.ca/images/sigloo.jpg</value>
          </Data>
        </ExtendedData>
        <Point>
          <coordinates>54.84851666666667,-127.22121666666666,0</coordinates>
        </Point>
      </Placemark>
    
      <Placemark>
        <name>Singing Frog</name>
        <description>
          <![CDATA[
            
            Credit: <a href="mailto:rdonnan49@sasktel.net">Richard Donnan</a>
          ]]>
        </description>
        <ExtendedData>
          <Data name="gx_media_links">
            <value>https://roadsideattractions.ca/images/singingfrog.jpg</value>
          </Data>
        </ExtendedData>
        <Point>
          <coordinates>46.81478333333333,-71.22268333333334,0</coordinates>
        </Point>
      </Placemark>
    
      <Placemark>
        <name>World's Largest Silver Fox</name>
        <description>
          <![CDATA[
            Just off the Trans-Canada Hwy on Fredericton Road (Hwy 112).
            Credit: L&L van Bodegom
          ]]>
        </description>
        <ExtendedData>
          <Data name="gx_media_links">
            <value>https://roadsideattractions.ca/images/silverfox.jpg</value>
          </Data>
        </ExtendedData>
        <Point>
          <coordinates>46.050583333333336,-65.06048333333334,0</coordinates>
        </Point>
      </Placemark>
    
      <Placemark>
        <name>Anchor</name>
        <description>
          <![CDATA[
            
            Credit: Dana Sixty
          ]]>
        </description>
        <ExtendedData>
          <Data name="gx_media_links">
            <value>https://roadsideattractions.ca/images/sjanchor.jpg</value>
          </Data>
        </ExtendedData>
        <Point>
          <coordinates>47.57225,-52.69331666666667,0</coordinates>
        </Point>
      </Placemark>
    
      <Placemark>
        <name>Railroad Jigger</name>
        <description>
          <![CDATA[
            
            Credit: <a href="mailto:%22Eric%20W.%20Manchester%22%20%3Ceric@ewmanchester.com%3E">Eric Manchester</a>
          ]]>
        </description>
        <ExtendedData>
          <Data name="gx_media_links">
            <value>https://roadsideattractions.ca/images/sjigger.jpg</value>
          </Data>
        </ExtendedData>
        <Point>
          <coordinates>48.8136,-87.26685,0</coordinates>
        </Point>
      </Placemark>
    
      <Placemark>
        <name>Mermaid</name>
        <description>
          <![CDATA[
            
            Credit: <a href="mailto:bill.patterson@tricolour.queensu.ca%20">Bill Patterson</a>
          ]]>
        </description>
        <ExtendedData>
          <Data name="gx_media_links">
            <value>https://roadsideattractions.ca/images/sjmermaid.jpg</value>
          </Data>
        </ExtendedData>
        <Point>
          <coordinates>47.562916666666666,-52.70816666666666,0</coordinates>
        </Point>
      </Placemark>
    
      <Placemark>
        <name>Anchor</name>
        <description>
          <![CDATA[
            
            Credit: <a href="mailto:hirning@shaw.ca">Lorraine Hirning</a>
          ]]>
        </description>
        <ExtendedData>
          <Data name="gx_media_links">
            <value>https://roadsideattractions.ca/images/sjnbanchor.jpg</value>
          </Data>
        </ExtendedData>
        <Point>
          <coordinates>45.27278333333334,-66.06278333333333,0</coordinates>
        </Point>
      </Placemark>
    
      <Placemark>
        <name>Skidoo Tree</name>
        <description>
          <![CDATA[
            Northwest corner of Trans-Canada Highway and Taylor Road 4.
            Credit: <a href="mailto:airwolf@ntl.sympatico.ca">Alain Guay</a>
          ]]>
        </description>
        <ExtendedData>
          <Data name="gx_media_links">
            <value>https://roadsideattractions.ca/images/skidootree.jpg</value>
          </Data>
        </ExtendedData>
        <Point>
          <coordinates>48.601533333333336,-80.63936666666666,0</coordinates>
        </Point>
      </Placemark>
    
      <Placemark>
        <name>World's Largest Cross-country Skis</name>
        <description>
          <![CDATA[
            
            Credit: <a href="http://www.100milehouse.com/" Target="mh">100 Mile House</A>
          ]]>
        </description>
        <ExtendedData>
          <Data name="gx_media_links">
            <value>https://roadsideattractions.ca/images/skis.jpg</value>
          </Data>
        </ExtendedData>
        <Point>
          <coordinates>51.641616666666664,-121.29798333333333,0</coordinates>
        </Point>
      </Placemark>
    
      <Placemark>
        <name>Squirt The Skunk</name>
        <description>
          <![CDATA[
            Southside of Hwy 72,  just west of Hwy 9.
            Credit: <a HREF="MAILTO:sking@greenpointsoftware.com">Stephen King</a>
          ]]>
        </description>
        <ExtendedData>
          <Data name="gx_media_links">
            <value>https://roadsideattractions.ca/images/skunk.jpg</value>
          </Data>
        </ExtendedData>
        <Point>
          <coordinates>51.386583333333334,-113.5282,0</coordinates>
        </Point>
      </Placemark>
    
      <Placemark>
        <name>Combines On Parade</name>
        <description>
          <![CDATA[
            2 miles north on Hwy 855.
            Credit: <a href="mailto:lspicer@shaw.ca">Barb and Leigh Spicer</a>
          ]]>
        </description>
        <ExtendedData>
          <Data name="gx_media_links">
            <value>https://roadsideattractions.ca/images/slcombines.jpg</value>
          </Data>
        </ExtendedData>
        <Point>
          <coordinates>54.181466666666665,-112.47518333333333,0</coordinates>
        </Point>
      </Placemark>
    
      <Placemark>
        <name>Dragon 1</name>
        <description>
          <![CDATA[
            
            Credit: <a href="mailto:dalyn2@shaw.ca">Dale
Redekopp</a>
          ]]>
        </description>
        <ExtendedData>
          <Data name="gx_media_links">
            <value>https://roadsideattractions.ca/images/sldragon1.jpg</value>
          </Data>
        </ExtendedData>
        <Point>
          <coordinates>53.52505,-114.15393333333333,0</coordinates>
        </Point>
      </Placemark>
    
      <Placemark>
        <name>Dragon 2</name>
        <description>
          <![CDATA[
            
            Credit: <a href="mailto:dalyn2@shaw.ca">Dale
Redekopp</a>
          ]]>
        </description>
        <ExtendedData>
          <Data name="gx_media_links">
            <value>https://roadsideattractions.ca/images/sldragon2.jpg</value>
          </Data>
        </ExtendedData>
        <Point>
          <coordinates>53.52505,-114.15391666666666,0</coordinates>
        </Point>
      </Placemark>
    
      <Placemark>
        <name>Metal Dinosaur</name>
        <description>
          <![CDATA[
            ~ 8 km south on Hwy. 6.
            Credit: <a href="mailto:Patricia%20Rock%20%3Cpatriciahrock@hotmail.com%3E">Patricia
Rock</a>
          ]]>
        </description>
        <ExtendedData>
          <Data name="gx_media_links">
            <value>https://roadsideattractions.ca/images/slocan.jpg</value>
          </Data>
        </ExtendedData>
        <Point>
          <coordinates>49.6855,-117.49301666666666,0</coordinates>
        </Point>
      </Placemark>
    
      <Placemark>
        <name>Mining Heritage Sculpture</name>
        <description>
          <![CDATA[
            Bell Park
            Credit: Ed Solonyka
          ]]>
        </description>
        <ExtendedData>
          <Data name="gx_media_links">
            <value>https://roadsideattractions.ca/images/smhs.jpg</value>
          </Data>
        </ExtendedData>
        <Point>
          <coordinates>46.47506666666666,-80.99263333333333,0</coordinates>
        </Point>
      </Placemark>
    
      <Placemark>
        <name>Great Wall Of Saskatchewan</name>
        <description>
          <![CDATA[
            
            Credit: <a target="_blank" href="mailto:ajimreid@shaw.ca">James Reid</font></a>
          ]]>
        </description>
        <ExtendedData>
          <Data name="gx_media_links">
            <value>https://roadsideattractions.ca/images/smiley.jpg</value>
          </Data>
        </ExtendedData>
        <Point>
          <coordinates>51.63303333333333,-109.51158333333333,0</coordinates>
        </Point>
      </Placemark>
    
      <Placemark>
        <name>Alpine Horn</name>
        <description>
          <![CDATA[
            
            Credit: <a href="http://www.campscout.com/" target="_blank">CampScout.com</a>
          ]]>
        </description>
        <ExtendedData>
          <Data name="gx_media_links">
            <value>https://roadsideattractions.ca/images/smithersah.jpg</value>
          </Data>
        </ExtendedData>
        <Point>
          <coordinates>54.7816,-127.16738333333333,0</coordinates>
        </Point>
      </Placemark>
    
      <Placemark>
        <name>Smokey Bear</name>
        <description>
          <![CDATA[
            
            Credit: Smokey Bear Campground
          ]]>
        </description>
        <ExtendedData>
          <Data name="gx_media_links">
            <value>https://roadsideattractions.ca/images/smokey.jpg</value>
          </Data>
        </ExtendedData>
        <Point>
          <coordinates>50.98943333333333,-118.27813333333333,0</coordinates>
        </Point>
      </Placemark>
    
      <Placemark>
        <name>Mailbox Cow</name>
        <description>
          <![CDATA[
            2231 Regional Road 20
            Credit: <a href="mailto:bowser@iaw.on.ca">James Bowser</a>
          ]]>
        </description>
        <ExtendedData>
          <Data name="gx_media_links">
            <value>https://roadsideattractions.ca/images/smithville.jpg</value>
          </Data>
        </ExtendedData>
        <Point>
          <coordinates>43.071783333333336,-79.505,0</coordinates>
        </Point>
      </Placemark>
    
      <Placemark>
        <name>Smurf Huts</name>
        <description>
          <![CDATA[
            
            Credit: <a href="mailto:forever2gether98@yahoo.com">Gary and Debbie
Spouses</a>
          ]]>
        </description>
        <ExtendedData>
          <Data name="gx_media_links">
            <value>https://roadsideattractions.ca/images/smurfhuts.jpg</value>
          </Data>
        </ExtendedData>
        <Point>
          <coordinates>47.01056666666667,-70.95475,0</coordinates>
        </Point>
      </Placemark>
    
      <Placemark>
        <name>Pumpkins</name>
        <description>
          <![CDATA[
            
            Credit: <a HREF="MAILTO:claykor@microsoft.com">Clay Kornelson</a>
          ]]>
        </description>
        <ExtendedData>
          <Data name="gx_media_links">
            <value>https://roadsideattractions.ca/images/smokylake.jpg</value>
          </Data>
        </ExtendedData>
        <Point>
          <coordinates>54.11325,-112.47036666666666,0</coordinates>
        </Point>
      </Placemark>
    
      <Placemark>
        <name>Sam And Sara - The Garter Snakes</name>
        <description>
          <![CDATA[
            
            Credit: <a href="mailto:gfoxedm@telusplanet.net">Gerry Fox</a>
          ]]>
        </description>
        <ExtendedData>
          <Data name="gx_media_links">
            <value>https://roadsideattractions.ca/images/snakes.jpg</value>
          </Data>
        </ExtendedData>
        <Point>
          <coordinates>50.50853333333333,-97.49486666666667,0</coordinates>
        </Point>
      </Placemark>
    
      <Placemark>
        <name>Snom'n</name>
        <description>
          <![CDATA[
            south entrance of Convention Centre at Bremner Blvd.
            Credit: Ed Solonyka
          ]]>
        </description>
        <ExtendedData>
          <Data name="gx_media_links">
            <value>https://roadsideattractions.ca/images/snomn.jpg</value>
          </Data>
        </ExtendedData>
        <Point>
          <coordinates>43.64265,-79.3854,0</coordinates>
        </Point>
      </Placemark>
    
      <Placemark>
        <name>World's Largest Snowman</name>
        <description>
          <![CDATA[
            
            Credit: <a href="mailto:tjohns@vianet.on.ca">Peter Whittaker</a>
          ]]>
        </description>
        <ExtendedData>
          <Data name="gx_media_links">
            <value>https://roadsideattractions.ca/images/snowman.jpg</value>
          </Data>
        </ExtendedData>
        <Point>
          <coordinates>49.59925,-87.96048333333333,0</coordinates>
        </Point>
      </Placemark>
    
      <Placemark>
        <name>Inuksuk</name>
        <description>
          <![CDATA[
            
            Credit: <a href="mailto:bowser@iaw.on.ca">James Bowser</a>
          ]]>
        </description>
        <ExtendedData>
          <Data name="gx_media_links">
            <value>https://roadsideattractions.ca/images/snyder.jpg</value>
          </Data>
        </ExtendedData>
        <Point>
          <coordinates>42.96776666666667,-79.05695,0</coordinates>
        </Point>
      </Placemark>
    
      <Placemark>
        <name>Loggers</name>
        <description>
          <![CDATA[
            2259 Phillips Road, Sooke, B.C.
            Credit: Linda Gordon of <a href="http://sooke.org/">Community of Sooke</a>.  Updated photo: <a href="mailto:hirning@shaw.ca">Lorraine Hirning</a>
          ]]>
        </description>
        <ExtendedData>
          <Data name="gx_media_links">
            <value>https://roadsideattractions.ca/images/sooke.jpg</value>
          </Data>
        </ExtendedData>
        <Point>
          <coordinates>48.3894,-123.7088,0</coordinates>
        </Point>
      </Placemark>
    
      <Placemark>
        <name>Northern Heritage Sculpture</name>
        <description>
          <![CDATA[
            
            Credit: LCRA
          ]]>
        </description>
        <ExtendedData>
          <Data name="gx_media_links">
            <value>https://roadsideattractions.ca/images/southriver.jpg</value>
          </Data>
        </ExtendedData>
        <Point>
          <coordinates>45.835683333333336,-79.37635,0</coordinates>
        </Point>
      </Placemark>
    
      <Placemark>
        <name>Giant Sparrow</name>
        <description>
          <![CDATA[
            
            Credit: <a href="mailto:mailto:ina@vancouverinternet.com">Ina Mitchell</a>
          ]]>
        </description>
        <ExtendedData>
          <Data name="gx_media_links">
            <value>https://roadsideattractions.ca/images/sparrow.jpg</value>
          </Data>
        </ExtendedData>
        <Point>
          <coordinates>49.2714,-123.1065,0</coordinates>
        </Point>
      </Placemark>
    
      <Placemark>
        <name>Spinning Prairie</name>
        <description>
          <![CDATA[
            
            Credit: <a href="mailto:hirning@shaw.ca">Lorraine Hirning</a>
          ]]>
        </description>
        <ExtendedData>
          <Data name="gx_media_links">
            <value>https://roadsideattractions.ca/images/spestevan.jpg</value>
          </Data>
        </ExtendedData>
        <Point>
          <coordinates>49.15668333333333,-103.02798333333334,0</coordinates>
        </Point>
      </Placemark>
    
      <Placemark>
        <name>Spider</name>
        <description>
          <![CDATA[
            
            Credit: <a href="mailto:ajimreid@shaw.ca">James Reid</a>
          ]]>
        </description>
        <ExtendedData>
          <Data name="gx_media_links">
            <value>https://roadsideattractions.ca/images/spider.jpg</value>
          </Data>
        </ExtendedData>
        <Point>
          <coordinates>54.34263333333333,-109.72555,0</coordinates>
        </Point>
      </Placemark>
    
      <Placemark>
        <name>Spider Car</name>
        <description>
          <![CDATA[
            South side of 401, just east of Hwy. 28.
            Credit: <a href="mailto:lonecrow42@gmail.com">Scott McDonald</a>
          ]]>
        </description>
        <ExtendedData>
          <Data name="gx_media_links">
            <value>https://roadsideattractions.ca/images/spidercar.jpg</value>
          </Data>
        </ExtendedData>
        <Point>
          <coordinates>43.97405,-78.26433333333334,0</coordinates>
        </Point>
      </Placemark>
    
      <Placemark>
        <name>Spiderman</name>
        <description>
          <![CDATA[
            
            Credit: <a href="http://www.tradingpostmotel.com/">Trading Post Motel</a>
          ]]>
        </description>
        <ExtendedData>
          <Data name="gx_media_links">
            <value>https://roadsideattractions.ca/images/spiderman.jpg</value>
          </Data>
        </ExtendedData>
        <Point>
          <coordinates>49.409166666666664,-91.64135,0</coordinates>
        </Point>
      </Placemark>
    
      <Placemark>
        <name>World's Largest Railroad Spike</name>
        <description>
          <![CDATA[
            
            Credit: <a href="mailto:hirning@shaw.ca">Lorraine Hirning</a>
          ]]>
        </description>
        <ExtendedData>
          <Data name="gx_media_links">
            <value>https://roadsideattractions.ca/images/spike.jpg</value>
          </Data>
        </ExtendedData>
        <Point>
          <coordinates>56.2473,-118.6011,0</coordinates>
        </Point>
      </Placemark>
    
      <Placemark>
        <name>Spirit Catcher</name>
        <description>
          <![CDATA[
            Waterfront at Maple Street near Bayfield
            Credit: Ron Baird
          ]]>
        </description>
        <ExtendedData>
          <Data name="gx_media_links">
            <value>https://roadsideattractions.ca/images/spirit.jpg</value>
          </Data>
        </ExtendedData>
        <Point>
          <coordinates>44.38655,-79.6893,0</coordinates>
        </Point>
      </Placemark>
    
      <Placemark>
        <name>Spirit Bear</name>
        <description>
          <![CDATA[
            
            Credit: <a href="mailto:alvinc59@me.com">Alvin Carpentier</a>
          ]]>
        </description>
        <ExtendedData>
          <Data name="gx_media_links">
            <value>https://roadsideattractions.ca/images/spiritbear.jpg</value>
          </Data>
        </ExtendedData>
        <Point>
          <coordinates>51.1754,-115.57278333333333,0</coordinates>
        </Point>
      </Placemark>
    
      <Placemark>
        <name>Spirit Of The Hawk</name>
        <description>
          <![CDATA[
            
            Credit: <a href="mailto:J%20Kubara%20%3Cjkubara@shaw.ca%3E">J. Kubara</a>
          ]]>
        </description>
        <ExtendedData>
          <Data name="gx_media_links">
            <value>https://roadsideattractions.ca/images/spiritofthehawk.jpg</value>
          </Data>
        </ExtendedData>
        <Point>
          <coordinates>49.746383333333334,-95.21628333333334,0</coordinates>
        </Point>
      </Placemark>
    
      <Placemark>
        <name>Wolf</name>
        <description>
          <![CDATA[
            
            Credit: <a href="mailto:gfoxedm@telusplanet.net">Gerry Fox</a>
          ]]>
        </description>
        <ExtendedData>
          <Data name="gx_media_links">
            <value>https://roadsideattractions.ca/images/spiritwood.jpg</value>
          </Data>
        </ExtendedData>
        <Point>
          <coordinates>53.36691666666667,-107.51848333333334,0</coordinates>
        </Point>
      </Placemark>
    
      <Placemark>
        <name>Big Chair</name>
        <description>
          <![CDATA[
            
            Credit: <a href="mailto:jan_mahaney@hotmail.com">Jan Mahaney</a>
          ]]>
        </description>
        <ExtendedData>
          <Data name="gx_media_links">
            <value>https://roadsideattractions.ca/images/springdale.jpg</value>
          </Data>
        </ExtendedData>
        <Point>
          <coordinates>49.51305,-56.111133333333335,0</coordinates>
        </Point>
      </Placemark>
    
      <Placemark>
        <name>Underground Coal Cars</name>
        <description>
          <![CDATA[
            
            Credit: <a href="mailto:bowser@iaw.on.ca">James Bowser</a>
          ]]>
        </description>
        <ExtendedData>
          <Data name="gx_media_links">
            <value>https://roadsideattractions.ca/images/springhill.jpg</value>
          </Data>
        </ExtendedData>
        <Point>
          <coordinates>45.63368333333333,-64.0741,0</coordinates>
        </Point>
      </Placemark>
    
      <Placemark>
        <name>Old Fire Fighting Equipment</name>
        <description>
          <![CDATA[
            
            Credit: <a href="mailto:dalyn2@shaw.ca">Dale Redekopp</a>
          ]]>
        </description>
        <ExtendedData>
          <Data name="gx_media_links">
            <value>https://roadsideattractions.ca/images/sprucelake.jpg</value>
          </Data>
        </ExtendedData>
        <Point>
          <coordinates>53.54105,-109.08465,0</coordinates>
        </Point>
      </Placemark>
    
      <Placemark>
        <name>Snow Plane</name>
        <description>
          <![CDATA[
            
            Credit: <a href="mailto:gfoxedm@telusplanet.net">Gerry Fox</a>
          ]]>
        </description>
        <ExtendedData>
          <Data name="gx_media_links">
            <value>https://roadsideattractions.ca/images/spyhill.jpg</value>
          </Data>
        </ExtendedData>
        <Point>
          <coordinates>50.60855,-101.69226666666667,0</coordinates>
        </Point>
      </Placemark>
    
      <Placemark>
        <name>Logger</name>
        <description>
          <![CDATA[
            
            Credit: <a href="mailto:Jay.Zondag@shaw.ca">Jay
Zondag</a> and <a href="mailto:alaidhcat@yahoo.com">Sharon Murphy</a>
          ]]>
        </description>
        <ExtendedData>
          <Data name="gx_media_links">
            <value>https://roadsideattractions.ca/images/squamishlogger.jpg</value>
          </Data>
        </ExtendedData>
        <Point>
          <coordinates>49.69103333333334,-123.14596666666667,0</coordinates>
        </Point>
      </Placemark>
    
      <Placemark>
        <name>Giant Squid</name>
        <description>
          <![CDATA[
            
            Credit: Darren Finn of the <a href="http://townofgrandfallswindsor.com/business-directory/mining/exploits-valley-economic-development-corporation" target="_blank">Exploits Valley Economic Development Corporation</a>
          ]]>
        </description>
        <ExtendedData>
          <Data name="gx_media_links">
            <value>https://roadsideattractions.ca/images/squid.jpg</value>
          </Data>
        </ExtendedData>
        <Point>
          <coordinates>49.4536,-55.48233333333334,0</coordinates>
        </Point>
      </Placemark>
    
      <Placemark>
        <name>Eddie The Squirrel</name>
        <description>
          <![CDATA[
            
            Credit: Original - <a href="mailto:gfoxedm@telusplanet.net">Gerry Fox</a>. Updated squirrel, new pic - <a href="mailto:stodmyk@gmail.com">Jason Kurylo</a>
          ]]>
        </description>
        <ExtendedData>
          <Data name="gx_media_links">
            <value>https://roadsideattractions.ca/images/squirrel.jpg</value>
          </Data>
        </ExtendedData>
        <Point>
          <coordinates>53.579633333333334,-116.44235,0</coordinates>
        </Point>
      </Placemark>
    
      <Placemark>
        <name>Muskoka Chair</name>
        <description>
          <![CDATA[
            
            Credit: Bob Parry
          ]]>
        </description>
        <ExtendedData>
          <Data name="gx_media_links">
            <value>https://roadsideattractions.ca/images/srchair.jpg</value>
          </Data>
        </ExtendedData>
        <Point>
          <coordinates>45.834983333333334,-79.37615,0</coordinates>
        </Point>
      </Placemark>
    
      <Placemark>
        <name>Camel</name>
        <description>
          <![CDATA[
            Southeast at Purple Hill on Shirley Road.
            Credit: <a href="mailto:lonecrow42@gmail.com">Scott McDonald</a>
          ]]>
        </description>
        <ExtendedData>
          <Data name="gx_media_links">
            <value>https://roadsideattractions.ca/images/srcamel.jpg</value>
          </Data>
        </ExtendedData>
        <Point>
          <coordinates>44.07051666666667,-78.85846666666667,0</coordinates>
        </Point>
      </Placemark>
    
      <Placemark>
        <name>Moose</name>
        <description>
          <![CDATA[
            
            Credit: <A HREF="mailto:rrichman@ascap.com">Rich Richman</a>
          ]]>
        </description>
        <ExtendedData>
          <Data name="gx_media_links">
            <value>https://roadsideattractions.ca/images/srfmoose.jpg</value>
          </Data>
        </ExtendedData>
        <Point>
          <coordinates>49.273133333333334,-81.6193,0</coordinates>
        </Point>
      </Placemark>
    
      <Placemark>
        <name>Baseball</name>
        <description>
          <![CDATA[
            
            Credit: Travis Favretto of 
  <a href="http://garyroberts.deviantart.com/gallery/">deviantArt</a>
          ]]>
        </description>
        <ExtendedData>
          <Data name="gx_media_links">
            <value>https://roadsideattractions.ca/images/ssmbaseball.jpg</value>
          </Data>
        </ExtendedData>
        <Point>
          <coordinates>46.54356666666666,-84.28843333333333,0</coordinates>
        </Point>
      </Placemark>
    
      <Placemark>
        <name>Black Bears</name>
        <description>
          <![CDATA[
            
            Credit: <a href="mailto:bwkohut@shaw.ca">Boris Kohut</a>
          ]]>
        </description>
        <ExtendedData>
          <Data name="gx_media_links">
            <value>https://roadsideattractions.ca/images/ssmbbears.jpg</value>
          </Data>
        </ExtendedData>
        <Point>
          <coordinates>46.56856666666667,-84.32006666666666,0</coordinates>
        </Point>
      </Placemark>
    
      <Placemark>
        <name>Fishing Bears</name>
        <description>
          <![CDATA[
            
            Credit: <a href="http://www.gbkphoto.com/">Gerald Kornelsen</a>
          ]]>
        </description>
        <ExtendedData>
          <Data name="gx_media_links">
            <value>https://roadsideattractions.ca/images/ssmbears.jpg</value>
          </Data>
        </ExtendedData>
        <Point>
          <coordinates>46.509166666666665,-84.33701666666667,0</coordinates>
        </Point>
      </Placemark>
    
      <Placemark>
        <name>Cowboy</name>
        <description>
          <![CDATA[
            
            Credit: <a href="mailto:bwkohut@shaw.ca">Boris Kohut</a>
          ]]>
        </description>
        <ExtendedData>
          <Data name="gx_media_links">
            <value>https://roadsideattractions.ca/images/ssmcowboy.jpg</value>
          </Data>
        </ExtendedData>
        <Point>
          <coordinates>46.56883333333333,-84.32025,0</coordinates>
        </Point>
      </Placemark>
    
      <Placemark>
        <name>Moose</name>
        <description>
          <![CDATA[
            
            Credit: <a href="http://www.gbkphoto.com/">Gerald Kornelsen</a>
          ]]>
        </description>
        <ExtendedData>
          <Data name="gx_media_links">
            <value>https://roadsideattractions.ca/images/ssmmoose.jpg</value>
          </Data>
        </ExtendedData>
        <Point>
          <coordinates>46.5073,-84.33585,0</coordinates>
        </Point>
      </Placemark>
    
      <Placemark>
        <name>Trout</name>
        <description>
          <![CDATA[
            
            Credit: <a href="mailto:bwkohut@shaw.ca">Boris Kohut</a>
          ]]>
        </description>
        <ExtendedData>
          <Data name="gx_media_links">
            <value>https://roadsideattractions.ca/images/ssmtrout.jpg</value>
          </Data>
        </ExtendedData>
        <Point>
          <coordinates>46.567766666666664,-84.32063333333333,0</coordinates>
        </Point>
      </Placemark>
    
      <Placemark>
        <name>Salmon</name>
        <description>
          <![CDATA[
            
            Credit: Ed Solonyka
          ]]>
        </description>
        <ExtendedData>
          <Data name="gx_media_links">
            <value>https://roadsideattractions.ca/images/ssmsalmon.jpg</value>
          </Data>
        </ExtendedData>
        <Point>
          <coordinates>46.508183333333335,-84.3347,0</coordinates>
        </Point>
      </Placemark>
    
      <Placemark>
        <name>Sturgeon</name>
        <description>
          <![CDATA[
            
            Credit: <a href="mailto:rdonnan49@sasktel.net">Richard Donnan</a>
          ]]>
        </description>
        <ExtendedData>
          <Data name="gx_media_links">
            <value>https://roadsideattractions.ca/images/ssturgeon.jpg</value>
          </Data>
        </ExtendedData>
        <Point>
          <coordinates>52.16128333333333,-106.62758333333333,0</coordinates>
        </Point>
      </Placemark>
    
      <Placemark>
        <name>Self Storage Space Rocket</name>
        <description>
          <![CDATA[
            
            Credit: <a href="mailto:rdonnan49@sasktel.net">Richard Donnan</a>
          ]]>
        </description>
        <ExtendedData>
          <Data name="gx_media_links">
            <value>https://roadsideattractions.ca/images/stalbertrocket.jpg</value>
          </Data>
        </ExtendedData>
        <Point>
          <coordinates>53.60095,-113.5758,0</coordinates>
        </Point>
      </Placemark>
    
      <Placemark>
        <name>Diefenbaker Stamp</name>
        <description>
          <![CDATA[
            
            Credit: <a href="http://www.cityofhumboldt.ca/" target="stamp">City of Humboldt</a>
          ]]>
        </description>
        <ExtendedData>
          <Data name="gx_media_links">
            <value>https://roadsideattractions.ca/images/stamp.jpg</value>
          </Data>
        </ExtendedData>
        <Point>
          <coordinates>52.19891666666667,-105.12351666666666,0</coordinates>
        </Point>
      </Placemark>
    
      <Placemark>
        <name>Logger</name>
        <description>
          <![CDATA[
            
            Credit: <a href="mailto:pam.sangster@ndm.gov.on.ca.">Pam
Sangster</a> and <a href="mailto:adamry@magma.ca">Yvonne Adam</a>
          ]]>
        </description>
        <ExtendedData>
          <Data name="gx_media_links">
            <value>https://roadsideattractions.ca/images/stanhope.jpg</value>
          </Data>
        </ExtendedData>
        <Point>
          <coordinates>45.0756,-78.71178333333333,0</coordinates>
        </Point>
      </Placemark>
    
      <Placemark>
        <name>Stanley Cup</name>
        <description>
          <![CDATA[
            
            Credit: <a href="mailto:gfoxedm@telusplanet.net">Gerry Fox</a>
          ]]>
        </description>
        <ExtendedData>
          <Data name="gx_media_links">
            <value>https://roadsideattractions.ca/images/stanleycup.jpg</value>
          </Data>
        </ExtendedData>
        <Point>
          <coordinates>53.51325,-113.49476666666666,0</coordinates>
        </Point>
      </Placemark>
    
      <Placemark>
        <name>Starship Enterprise</name>
        <description>
          <![CDATA[
            West side of Highway 23, just south of Centre Street.
            Credit:  <A Href="http://reely.com/darren/Photos/Vulcan/">Darren Reely</A>
          ]]>
        </description>
        <ExtendedData>
          <Data name="gx_media_links">
            <value>https://roadsideattractions.ca/images/starship.jpg</value>
          </Data>
        </ExtendedData>
        <Point>
          <coordinates>50.403166666666664,-113.26141666666666,0</coordinates>
        </Point>
      </Placemark>
    
      <Placemark>
        <name>Cowboy And Horse</name>
        <description>
          <![CDATA[
            
            Credit: <a href="mailto:gfoxedm@telusplanet.net">Gerry Fox</a>
          ]]>
        </description>
        <ExtendedData>
          <Data name="gx_media_links">
            <value>https://roadsideattractions.ca/images/stavely.jpg</value>
          </Data>
        </ExtendedData>
        <Point>
          <coordinates>50.16466666666667,-113.65046666666667,0</coordinates>
        </Point>
      </Placemark>
    
      <Placemark>
        <name>St. Andrews Water Tower</name>
        <description>
          <![CDATA[
            
            Credit: Andrea Mulder-Slater of 
  <a href="http://standrewsmurals.com/watertowermural.html" target="swt">Jarea Art Studio</a> 
          ]]>
        </description>
        <ExtendedData>
          <Data name="gx_media_links">
            <value>https://roadsideattractions.ca/images/stawatertower.jpg</value>
          </Data>
        </ExtendedData>
        <Point>
          <coordinates>45.094683333333336,-67.0688,0</coordinates>
        </Point>
      </Placemark>
    
      <Placemark>
        <name>1931 Rolls Royce</name>
        <description>
          <![CDATA[
            
            Credit: <a href="http://www.gbkphoto.com/" target="gk">Gerald Kornelsen</a> and <a href="http://steinbachonline.com/">SteinbachOnline.com</a>
          ]]>
        </description>
        <ExtendedData>
          <Data name="gx_media_links">
            <value>https://roadsideattractions.ca/images/steinbach.jpg</value>
          </Data>
        </ExtendedData>
        <Point>
          <coordinates>49.54345,-96.6894,0</coordinates>
        </Point>
      </Placemark>
    
      <Placemark>
        <name>Blueberry</name>
        <description>
          <![CDATA[
            
            Credit: <a href="mailto:grb@brunnet.net">Gary Boole</a>
          ]]>
        </description>
        <ExtendedData>
          <Data name="gx_media_links">
            <value>https://roadsideattractions.ca/images/stgeorge.jpg</value>
          </Data>
        </ExtendedData>
        <Point>
          <coordinates>45.12971666666667,-66.82985,0</coordinates>
        </Point>
      </Placemark>
    
      <Placemark>
        <name>Steamshovel And Truck</name>
        <description>
          <![CDATA[
            On Hwy. 17.
            Credit: Ed Solonyka
          ]]>
        </description>
        <ExtendedData>
          <Data name="gx_media_links">
            <value>https://roadsideattractions.ca/images/stjoe.jpg</value>
          </Data>
        </ExtendedData>
        <Point>
          <coordinates>46.33741666666667,-84.01615,0</coordinates>
        </Point>
      </Placemark>
    
      <Placemark>
        <name>Moose</name>
        <description>
          <![CDATA[
            
            Credit: <a href="mailto:grb@brunnet.net">Gary Boole</a>
          ]]>
        </description>
        <ExtendedData>
          <Data name="gx_media_links">
            <value>https://roadsideattractions.ca/images/stjohn.jpg</value>
          </Data>
        </ExtendedData>
        <Point>
          <coordinates>45.27268333333333,-66.06376666666667,0</coordinates>
        </Point>
      </Placemark>
    
      <Placemark>
        <name>Smiling Tooth</name>
        <description>
          <![CDATA[
            
            Credit: <a href="mailto:rdonnan49@sasktel.net">Richard Donnan</a>
          ]]>
        </description>
        <ExtendedData>
          <Data name="gx_media_links">
            <value>https://roadsideattractions.ca/images/stooth.jpg</value>
          </Data>
        </ExtendedData>
        <Point>
          <coordinates>52.05758333333333,-106.60038333333334,0</coordinates>
        </Point>
      </Placemark>
    
      <Placemark>
        <name>Eiffel Tower</name>
        <description>
          <![CDATA[
            At the Sunshine Restaurant - 8237 Plank Road.
            Credit: <a href="mailto:bowser@iaw.com/">James
                      Bowser</a>
          ]]>
        </description>
        <ExtendedData>
          <Data name="gx_media_links">
            <value>https://roadsideattractions.ca/images/straffordville.jpg</value>
          </Data>
        </ExtendedData>
        <Point>
          <coordinates>42.7265,-80.78358333333334,0</coordinates>
        </Point>
      </Placemark>
    
      <Placemark>
        <name>U.F.O. Data Centre And Landing Pad</name>
        <description>
          <![CDATA[
            
            Credit: <a href="http://www.stpaulchamber.ca/" target="sp">St Paul & District 
  Chamber of Commerce</a>
          ]]>
        </description>
        <ExtendedData>
          <Data name="gx_media_links">
            <value>https://roadsideattractions.ca/images/stpaul.jpg</value>
          </Data>
        </ExtendedData>
        <Point>
          <coordinates>53.99098333333333,-111.30553333333333,0</coordinates>
        </Point>
      </Placemark>
    
      <Placemark>
        <name>Roosevelt Elk</name>
        <description>
          <![CDATA[
            Entrance to Strathcona Provincial Park
            Credit: Paul Laviolette of <a href="http://www.blighisland.com/" Target="whale">Bligh Island Lodge</a>
          ]]>
        </description>
        <ExtendedData>
          <Data name="gx_media_links">
            <value>https://roadsideattractions.ca/images/strathconapark.jpg</value>
          </Data>
        </ExtendedData>
        <Point>
          <coordinates>49.85028333333333,-125.62611666666666,0</coordinates>
        </Point>
      </Placemark>
    
      <Placemark>
        <name>Lakers Bridge</name>
        <description>
          <![CDATA[
            
            Credit: <a href="mailto:bowser@iaw.on.ca">James Bowser</a>
          ]]>
        </description>
        <ExtendedData>
          <Data name="gx_media_links">
            <value>https://roadsideattractions.ca/images/stromness.jpg</value>
          </Data>
        </ExtendedData>
        <Point>
          <coordinates>42.87076666666667,-79.54421666666667,0</coordinates>
        </Point>
      </Placemark>
    
      <Placemark>
        <name>Cowboy And Horse</name>
        <description>
          <![CDATA[
            
            Credit: DNI Web Design
          ]]>
        </description>
        <ExtendedData>
          <Data name="gx_media_links">
            <value>https://roadsideattractions.ca/images/sturgis.jpg</value>
          </Data>
        </ExtendedData>
        <Point>
          <coordinates>51.936,-102.5368,0</coordinates>
        </Point>
      </Placemark>
    
      <Placemark>
        <name>Chuckwagon Racer</name>
        <description>
          <![CDATA[
            
            Credit: <a href="mailto:mkmiazga@shaw.ca" Target="biggar">Matthew Miazga</a>
          ]]>
        </description>
        <ExtendedData>
          <Data name="gx_media_links">
            <value>https://roadsideattractions.ca/images/stwalburg.jpg</value>
          </Data>
        </ExtendedData>
        <Point>
          <coordinates>53.6366,-109.20318333333333,0</coordinates>
        </Point>
      </Placemark>
    
      <Placemark>
        <name>Sundial</name>
        <description>
          <![CDATA[
            In front of Science North on Ramsey Lake Road
            Credit: Ed Solonyka
          ]]>
        </description>
        <ExtendedData>
          <Data name="gx_media_links">
            <value>https://roadsideattractions.ca/images/sudburysd.jpg</value>
          </Data>
        </ExtendedData>
        <Point>
          <coordinates>46.46978333333333,-80.99585,0</coordinates>
        </Point>
      </Placemark>
    
      <Placemark>
        <name>Steamshovel</name>
        <description>
          <![CDATA[
            
            Credit: Ed Solonyka
          ]]>
        </description>
        <ExtendedData>
          <Data name="gx_media_links">
            <value>https://roadsideattractions.ca/images/sudbury.jpg</value>
          </Data>
        </ExtendedData>
        <Point>
          <coordinates>46.612516666666664,-80.806,0</coordinates>
        </Point>
      </Placemark>
    
      <Placemark>
        <name>Sukanen Ship</name>
        <description>
          <![CDATA[
            
            Credit: Bud Moore of the <a href="http://www.sukanenmuseum.ca/">Sukanen Ship 
  Pioneer Village and Museum</a>
          ]]>
        </description>
        <ExtendedData>
          <Data name="gx_media_links">
            <value>https://roadsideattractions.ca/images/sukanenship.jpg</value>
          </Data>
        </ExtendedData>
        <Point>
          <coordinates>50.28086666666667,-105.5361,0</coordinates>
        </Point>
      </Placemark>
    
      <Placemark>
        <name>Golf Ball And Tee</name>
        <description>
          <![CDATA[
            
            Credit: Barry
Pomeray of <a href="http://jackovacs.0catch.com/big_things/" target="btac">Big Things Across Canada</a>
          ]]>
        </description>
        <ExtendedData>
          <Data name="gx_media_links">
            <value>https://roadsideattractions.ca/images/summerland.jpg</value>
          </Data>
        </ExtendedData>
        <Point>
          <coordinates>49.783833333333334,-119.72481666666667,0</coordinates>
        </Point>
      </Placemark>
    
      <Placemark>
        <name>World's Largest Sundial</name>
        <description>
          <![CDATA[
            
            Credit: <a href="mailto:rsampson@oanet.com">Ruth Sampson</a>
          ]]>
        </description>
        <ExtendedData>
          <Data name="gx_media_links">
            <value>https://roadsideattractions.ca/images/sundial.jpg</value>
          </Data>
        </ExtendedData>
        <Point>
          <coordinates>53.26388333333333,-110.03551666666667,0</coordinates>
        </Point>
      </Placemark>
    
      <Placemark>
        <name>Sunflower</name>
        <description>
          <![CDATA[
            About 8 kilometers west of Bow Island on Highway 879.  

            Credit: Original - <a href="MAILTO:sking@greenpointsoftware.com">Stephen King</a>. Update - <a href="mailto:Trevor%20Appelt%20%3Csendjokeshere@hotmail.com%3E">Trevor Appelt</a>.
          ]]>
        </description>
        <ExtendedData>
          <Data name="gx_media_links">
            <value>https://roadsideattractions.ca/images/sunflow.jpg</value>
          </Data>
        </ExtendedData>
        <Point>
          <coordinates>49.73725,-111.45046666666667,0</coordinates>
        </Point>
      </Placemark>
    
      <Placemark>
        <name>Surveyor And Cart</name>
        <description>
          <![CDATA[
            
            Credit: <a href="mailto:dalyn2@shaw.ca">Dale
Redekopp</a>
          ]]>
        </description>
        <ExtendedData>
          <Data name="gx_media_links">
            <value>https://roadsideattractions.ca/images/surveyor.jpg</value>
          </Data>
        </ExtendedData>
        <Point>
          <coordinates>50.84985,-105.56496666666666,0</coordinates>
        </Point>
      </Placemark>
    
      <Placemark>
        <name>Susie The World's Largest Softball</name>
        <description>
          <![CDATA[
            3rd Ave and Main Street.
            Credit: <a href="mailto:gfoxedm@telusplanet.net">Gerry Fox</a>
          ]]>
        </description>
        <ExtendedData>
          <Data name="gx_media_links">
            <value>https://roadsideattractions.ca/images/susie.jpg</value>
          </Data>
        </ExtendedData>
        <Point>
          <coordinates>52.697516666666665,-110.14928333333333,0</coordinates>
        </Point>
      </Placemark>
    
      <Placemark>
        <name>Buttercup The Cow And Daisy The Calf</name>
        <description>
          <![CDATA[
            
            Credit: Promoting New Brunswick
          ]]>
        </description>
        <ExtendedData>
          <Data name="gx_media_links">
            <value>https://roadsideattractions.ca/images/sussexcows.jpg</value>
          </Data>
        </ExtendedData>
        <Point>
          <coordinates>45.73603333333333,-65.49926666666667,0</coordinates>
        </Point>
      </Placemark>
    
      <Placemark>
        <name>Blowhard The Bony Horse</name>
        <description>
          <![CDATA[
            ~ 6 km southwest on Hwy 114.
            Credit: <a href="mailto:judethv@nbnet.nb.ca">Judith
Steeves</a>
          ]]>
        </description>
        <ExtendedData>
          <Data name="gx_media_links">
            <value>https://roadsideattractions.ca/images/sussexhorse.jpg</value>
          </Data>
        </ExtendedData>
        <Point>
          <coordinates>45.74916666666667,-65.42491666666666,0</coordinates>
        </Point>
      </Placemark>
    
      <Placemark>
        <name>Train</name>
        <description>
          <![CDATA[
            
            Credit: <a href="mailto:wenjen@sasktel.net">Wendalynn Jensen</a>
          ]]>
        </description>
        <ExtendedData>
          <Data name="gx_media_links">
            <value>https://roadsideattractions.ca/images/sutherland.jpg</value>
          </Data>
        </ExtendedData>
        <Point>
          <coordinates>52.1282,-106.59883333333333,0</coordinates>
        </Point>
      </Placemark>
    
      <Placemark>
        <name>Swan</name>
        <description>
          <![CDATA[
            
            Credit: <a href="mailto:tammy.ames@rogers.com">Tammy Ames</a> and&nbsp;</font><font color="#ff0000" face="Comic Sans MS" size="3"><a href="mailto:Faron.Cook@gov.mb.ca">Faron Cook</a>
          ]]>
        </description>
        <ExtendedData>
          <Data name="gx_media_links">
            <value>https://roadsideattractions.ca/images/swanriver.jpg</value>
          </Data>
        </ExtendedData>
        <Point>
          <coordinates>52.107816666666665,-101.25058333333334,0</coordinates>
        </Point>
      </Placemark>
    
      <Placemark>
        <name>Swan And Grizzly Bear</name>
        <description>
          <![CDATA[
            Hwy 33 as you enter Swan Hills.
            Credit: <A HREF="http://www.townofswanhills.com/" Target="swan">Swan Hills</A>
          ]]>
        </description>
        <ExtendedData>
          <Data name="gx_media_links">
            <value>https://roadsideattractions.ca/images/swan.jpg</value>
          </Data>
        </ExtendedData>
        <Point>
          <coordinates>54.70985,-115.39725,0</coordinates>
        </Point>
      </Placemark>
    
      <Placemark>
        <name>Wooden Train</name>
        <description>
          <![CDATA[
            
            Credit: <a href="mailto:vluckese@rogers.com">Vince Luckese</a>
          ]]>
        </description>
        <ExtendedData>
          <Data name="gx_media_links">
            <value>https://roadsideattractions.ca/images/swastika.jpg</value>
          </Data>
        </ExtendedData>
        <Point>
          <coordinates>48.1097,-80.10423333333334,0</coordinates>
        </Point>
      </Placemark>
    
      <Placemark>
        <name>Windmill</name>
        <description>
          <![CDATA[
            
            Credit: <a href="mailto:rdonnan49@sasktel.net">Richard Donnan</a>
          ]]>
        </description>
        <ExtendedData>
          <Data name="gx_media_links">
            <value>https://roadsideattractions.ca/images/swindmill.jpg</value>
          </Data>
        </ExtendedData>
        <Point>
          <coordinates>52.15096666666667,-106.60066666666667,0</coordinates>
        </Point>
      </Placemark>
    
      <Placemark>
        <name>Goliath - The World's Highest Swing</name>
        <description>
          <![CDATA[
            
            Credit: <a href="mailto:gfoxedm@telusplanet.net">Gerry Fox</a>
          ]]>
        </description>
        <ExtendedData>
          <Data name="gx_media_links">
            <value>https://roadsideattractions.ca/images/swing.jpg</value>
          </Data>
        </ExtendedData>
        <Point>
          <coordinates>50.84278333333334,-101.70131666666667,0</coordinates>
        </Point>
      </Placemark>
    
      <Placemark>
        <name>Bonnie Bucylivie</name>
        <description>
          <![CDATA[
            
            Credit: <a href="mailto:rdonnan49@sasktel.net">Richard Donnan</a>
          ]]>
        </description>
        <ExtendedData>
          <Data name="gx_media_links">
            <value>https://roadsideattractions.ca/images/swirehorse.jpg</value>
          </Data>
        </ExtendedData>
        <Point>
          <coordinates>52.13305,-106.63111666666667,0</coordinates>
        </Point>
      </Placemark>
    
      <Placemark>
        <name>World's Largest Illuminated Fiddle</name>
        <description>
          <![CDATA[
            Located at the Port of Sydney.
            Credit: Wendy (day photo), <a href="mailto:dalemxx@hotmail.com">Scott</a>, (night 
  photo)
          ]]>
        </description>
        <ExtendedData>
          <Data name="gx_media_links">
            <value>https://roadsideattractions.ca/images/sydney.jpg</value>
          </Data>
        </ExtendedData>
        <Point>
          <coordinates>46.141616666666664,-60.1997,0</coordinates>
        </Point>
      </Placemark>
    
      <Placemark>
        <name>Mermaid And Child</name>
        <description>
          <![CDATA[
            
            Credit: Bill Gilson of <a href="http://www.aerophotointernational.com/" target="ai">Aerophoto International</a>, update <a href="mailto:lspicer@shaw.ca">Leigh Spicer</a>
          ]]>
        </description>
        <ExtendedData>
          <Data name="gx_media_links">
            <value>https://roadsideattractions.ca/images/sylvan.jpg</value>
          </Data>
        </ExtendedData>
        <Point>
          <coordinates>52.30818333333333,-114.09521666666667,0</coordinates>
        </Point>
      </Placemark>
    
      <Placemark>
        <name>Sit With Friends</name>
        <description>
          <![CDATA[
            
            Credit: <a href="mailto:lspicer@shaw.ca">Leigh Spicer</a>
          ]]>
        </description>
        <ExtendedData>
          <Data name="gx_media_links">
            <value>https://roadsideattractions.ca/images/sylvanl.jpg</value>
          </Data>
        </ExtendedData>
        <Point>
          <coordinates>52.3081,-114.09713333333333,0</coordinates>
        </Point>
      </Placemark>
    
      <Placemark>
        <name>Big Woman</name>
        <description>
          <![CDATA[
            
            Credit: Mike Ewanus
          ]]>
        </description>
        <ExtendedData>
          <Data name="gx_media_links">
            <value>https://roadsideattractions.ca/images/taber.jpg</value>
          </Data>
        </ExtendedData>
        <Point>
          <coordinates>49.794333333333334,-112.1266,0</coordinates>
        </Point>
      </Placemark>
    
      <Placemark>
        <name>Whitetail Deer</name>
        <description>
          <![CDATA[
            
            Credit: <a href="mailto:gfoxedm@telusplanet.net">Gerry Fox</a>
          ]]>
        </description>
        <ExtendedData>
          <Data name="gx_media_links">
            <value>https://roadsideattractions.ca/images/tantallon.jpg</value>
          </Data>
        </ExtendedData>
        <Point>
          <coordinates>50.54096666666667,-101.84178333333334,0</coordinates>
        </Point>
      </Placemark>
    
      <Placemark>
        <name>Apple</name>
        <description>
          <![CDATA[
            ~ 5.5 km southwest on Talbot Line (Hwy. 3).
            Credit: <a href="mailto:bowser@iaw.on.ca">James Bowser</a>
          ]]>
        </description>
        <ExtendedData>
          <Data name="gx_media_links">
            <value>https://roadsideattractions.ca/images/tapple.jpg</value>
          </Data>
        </ExtendedData>
        <Point>
          <coordinates>42.82615,-80.7767,0</coordinates>
        </Point>
      </Placemark>
    
      <Placemark>
        <name>Prospector</name>
        <description>
          <![CDATA[
            
            Credit: Original credit - <a href="mailto:rdonnan49@sasktel.net">Richard Donnan</a>.<br>Update - May 2016: <a href="mailto:shoutenshi@gmail.com">Angie Joiner</a>.
          ]]>
        </description>
        <ExtendedData>
          <Data name="gx_media_links">
            <value>https://roadsideattractions.ca/images/taylor.jpg</value>
          </Data>
        </ExtendedData>
        <Point>
          <coordinates>56.15468333333333,-120.68481666666666,0</coordinates>
        </Point>
      </Placemark>
    
      <Placemark>
        <name>Curling Stone</name>
        <description>
          <![CDATA[
            
            Credit: Myra Gerow
          ]]>
        </description>
        <ExtendedData>
          <Data name="gx_media_links">
            <value>https://roadsideattractions.ca/images/tb.jpg</value>
          </Data>
        </ExtendedData>
        <Point>
          <coordinates>48.3857,-89.25081666666667,0</coordinates>
        </Point>
      </Placemark>
    
      <Placemark>
        <name>Polar Bear</name>
        <description>
          <![CDATA[
            
            Credit: <a HREF="mailto:stever@cogeco.ca">Steve Robinson</a>
          ]]>
        </description>
        <ExtendedData>
          <Data name="gx_media_links">
            <value>https://roadsideattractions.ca/images/tbbear.jpg</value>
          </Data>
        </ExtendedData>
        <Point>
          <coordinates>48.3296,-89.20921666666666,0</coordinates>
        </Point>
      </Placemark>
    
      <Placemark>
        <name>Bald Eagle</name>
        <description>
          <![CDATA[
            
            Credit: <a href="mailto:bnrboo@yahoo.com">Tina Brenner</a>
          ]]>
        </description>
        <ExtendedData>
          <Data name="gx_media_links">
            <value>https://roadsideattractions.ca/images/tbeagle.jpg</value>
          </Data>
        </ExtendedData>
        <Point>
          <coordinates>48.34623333333333,-89.27896666666666,0</coordinates>
        </Point>
      </Placemark>
    
      <Placemark>
        <name>Painted Bear (2)</name>
        <description>
          <![CDATA[
            
            Credit: <a href="mailto:hirning@shaw.ca">Lorraine Hirning</a>
          ]]>
        </description>
        <ExtendedData>
          <Data name="gx_media_links">
            <value>https://roadsideattractions.ca/images/tbearb.jpg</value>
          </Data>
        </ExtendedData>
        <Point>
          <coordinates>54.51658333333334,-128.58698333333334,0</coordinates>
        </Point>
      </Placemark>
    
      <Placemark>
        <name>Painted Bear (1)</name>
        <description>
          <![CDATA[
            
            Credit: <a href="mailto:hirning@shaw.ca">Lorraine Hirning</a>
          ]]>
        </description>
        <ExtendedData>
          <Data name="gx_media_links">
            <value>https://roadsideattractions.ca/images/tbeara.jpg</value>
          </Data>
        </ExtendedData>
        <Point>
          <coordinates>54.51658333333334,-128.58913333333334,0</coordinates>
        </Point>
      </Placemark>
    
      <Placemark>
        <name>Lighthouse</name>
        <description>
          <![CDATA[
            
            Credit: Sean Irwin of the <a href="http://www.terracebay.ca/">Township of
Terrace Bay</a>
          ]]>
        </description>
        <ExtendedData>
          <Data name="gx_media_links">
            <value>https://roadsideattractions.ca/images/tblighthouse.jpg</value>
          </Data>
        </ExtendedData>
        <Point>
          <coordinates>48.7823,-87.10213333333333,0</coordinates>
        </Point>
      </Placemark>
    
      <Placemark>
        <name>Northern Ontario's Largest Muskoka Chair</name>
        <description>
          <![CDATA[
            
            Credit: Carla Paluzzi
          ]]>
        </description>
        <ExtendedData>
          <Data name="gx_media_links">
            <value>https://roadsideattractions.ca/images/tchair.jpg</value>
          </Data>
        </ExtendedData>
        <Point>
          <coordinates>46.276716666666665,-83.58551666666666,0</coordinates>
        </Point>
      </Placemark>
    
      <Placemark>
        <name>Tom Creek Steam Shovel</name>
        <description>
          <![CDATA[
            
            Credit: <a href="mailto:brent.hagen@ontario.ca">Brent Hagen</a>
          ]]>
        </description>
        <ExtendedData>
          <Data name="gx_media_links">
            <value>https://roadsideattractions.ca/images/tcss.jpg</value>
          </Data>
        </ExtendedData>
        <Point>
          <coordinates>54.447916666666664,-124.26576666666666,0</coordinates>
        </Point>
      </Placemark>
    
      <Placemark>
        <name>Teddybear</name>
        <description>
          <![CDATA[
            In front of Souvenir City 4199 River Road
            Credit: <a href="mailto:bowser@iaw.on.ca">James Bowser</a>
          ]]>
        </description>
        <ExtendedData>
          <Data name="gx_media_links">
            <value>https://roadsideattractions.ca/images/teddybear.jpg</value>
          </Data>
        </ExtendedData>
        <Point>
          <coordinates>43.113033333333334,-79.06205,0</coordinates>
        </Point>
      </Placemark>
    
      <Placemark>
        <name>Teenie 2 Aircraft</name>
        <description>
          <![CDATA[
            Cormier's Auto Repair   276 Front Street
            Credit: <a href="mailto:jkasala@cogeco.ca">Peter Kasala</a> of Cormier AUTOPRO
          ]]>
        </description>
        <ExtendedData>
          <Data name="gx_media_links">
            <value>https://roadsideattractions.ca/images/teenie2.jpg</value>
          </Data>
        </ExtendedData>
        <Point>
          <coordinates>44.106233333333336,-77.58381666666666,0</coordinates>
        </Point>
      </Placemark>
    
      <Placemark>
        <name>Saamis Teepee</name>
        <description>
          <![CDATA[
            15 Eagle Birth Rd SW,  just off Hwy 1.
            Credit: LCRA
          ]]>
        </description>
        <ExtendedData>
          <Data name="gx_media_links">
            <value>https://roadsideattractions.ca/images/teepee.jpg</value>
          </Data>
        </ExtendedData>
        <Point>
          <coordinates>50.01546666666667,-110.69143333333334,0</coordinates>
        </Point>
      </Placemark>
    
      <Placemark>
        <name>Telescope</name>
        <description>
          <![CDATA[
            Dufferin Street across from Yorkdale Shopping Centre
            Credit: Dana Sixty
          ]]>
        </description>
        <ExtendedData>
          <Data name="gx_media_links">
            <value>https://roadsideattractions.ca/images/telescope.jpg</value>
          </Data>
        </ExtendedData>
        <Point>
          <coordinates>43.72431666666667,-79.45723333333333,0</coordinates>
        </Point>
      </Placemark>
    
      <Placemark>
        <name>Stallion</name>
        <description>
          <![CDATA[
            
            Credit: <a href="mailto:nomad1@nbnet.nb.ca%20">Victor</a>
          ]]>
        </description>
        <ExtendedData>
          <Data name="gx_media_links">
            <value>https://roadsideattractions.ca/images/temple.jpg</value>
          </Data>
        </ExtendedData>
        <Point>
          <coordinates>45.98605,-67.45538333333333,0</coordinates>
        </Point>
      </Placemark>
    
      <Placemark>
        <name>Caribou And Moose</name>
        <description>
          <![CDATA[
            
            Credit: <a href="mailto:rch31739@mts.net">Bob Hill</a>
          ]]>
        </description>
        <ExtendedData>
          <Data name="gx_media_links">
            <value>https://roadsideattractions.ca/images/teslin.jpg</value>
          </Data>
        </ExtendedData>
        <Point>
          <coordinates>60.167116666666665,-132.70825,0</coordinates>
        </Point>
      </Placemark>
    
      <Placemark>
        <name>Glooscap</name>
        <description>
          <![CDATA[
            65 Treaty Trail, at the Glooscap Heritage Centre & Gift Store.
            Credit: <a href="mailto:gerald@cmmns.com">Gerald Gloade</a>
          ]]>
        </description>
        <ExtendedData>
          <Data name="gx_media_links">
            <value>https://roadsideattractions.ca/images/tglooscap.jpg</value>
          </Data>
        </ExtendedData>
        <Point>
          <coordinates>45.3312,-63.30448333333333,0</coordinates>
        </Point>
      </Placemark>
    
      <Placemark>
        <name>Trapper</name>
        <description>
          <![CDATA[
            
            Credit: The Pas Area
          ]]>
        </description>
        <ExtendedData>
          <Data name="gx_media_links">
            <value>https://roadsideattractions.ca/images/thepas.jpg</value>
          </Data>
        </ExtendedData>
        <Point>
          <coordinates>53.80521666666667,-101.25185,0</coordinates>
        </Point>
      </Placemark>
    
      <Placemark>
        <name>Thimble</name>
        <description>
          <![CDATA[
            NE corner of Richmond and Spadina
            Credit: Steve Robinson of Attractions on the Canadian Roadside
          ]]>
        </description>
        <ExtendedData>
          <Data name="gx_media_links">
            <value>https://roadsideattractions.ca/images/thimble.jpg</value>
          </Data>
        </ExtendedData>
        <Point>
          <coordinates>43.64796666666667,-79.39631666666666,0</coordinates>
        </Point>
      </Placemark>
    
      <Placemark>
        <name>Cam Shaft Bird House</name>
        <description>
          <![CDATA[
            
            Credit: <a href="mailto:bowser@iaw.on.ca">James Bowser</a>
          ]]>
        </description>
        <ExtendedData>
          <Data name="gx_media_links">
            <value>https://roadsideattractions.ca/images/thorold.jpg</value>
          </Data>
        </ExtendedData>
        <Point>
          <coordinates>43.0627,-79.2434,0</coordinates>
        </Point>
      </Placemark>
    
      <Placemark>
        <name>Sunflower</name>
        <description>
          <![CDATA[
            
            Credit: <a href="mailto:patriciahrock@hotmail.com">Patricia Rock</a>
          ]]>
        </description>
        <ExtendedData>
          <Data name="gx_media_links">
            <value>https://roadsideattractions.ca/images/thorhild.jpg</value>
          </Data>
        </ExtendedData>
        <Point>
          <coordinates>54.158483333333336,-113.12498333333333,0</coordinates>
        </Point>
      </Placemark>
    
      <Placemark>
        <name>Threshold</name>
        <description>
          <![CDATA[
            
            Credit: <a href="mailto:dalyn2@shaw.ca">Dale
Redekopp</a>
          ]]>
        </description>
        <ExtendedData>
          <Data name="gx_media_links">
            <value>https://roadsideattractions.ca/images/threshold.jpg</value>
          </Data>
        </ExtendedData>
        <Point>
          <coordinates>53.632266666666666,-113.627,0</coordinates>
        </Point>
      </Placemark>
    
      <Placemark>
        <name>Moose</name>
        <description>
          <![CDATA[
            
            Credit: LCRA
          ]]>
        </description>
        <ExtendedData>
          <Data name="gx_media_links">
            <value>https://roadsideattractions.ca/images/timmins.jpg</value>
          </Data>
        </ExtendedData>
        <Point>
          <coordinates>48.4775,-81.36055,0</coordinates>
        </Point>
      </Placemark>
    
      <Placemark>
        <name>Tin Man</name>
        <description>
          <![CDATA[
            
            Credit: <a href="mailto:bnrboo@yahoo.com">Tina Brenner</a>
          ]]>
        </description>
        <ExtendedData>
          <Data name="gx_media_links">
            <value>https://roadsideattractions.ca/images/tinman.jpg</value>
          </Data>
        </ExtendedData>
        <Point>
          <coordinates>49.69051666666667,-83.67785,0</coordinates>
        </Point>
      </Placemark>
    
      <Placemark>
        <name>World's Largest Tin Soldier</name>
        <description>
          <![CDATA[
            
            Credit: Jo at Austin Metal Fabricators
          ]]>
        </description>
        <ExtendedData>
          <Data name="gx_media_links">
            <value>https://roadsideattractions.ca/images/tinsoldier.jpg</value>
          </Data>
        </ExtendedData>
        <Point>
          <coordinates>49.200316666666666,-122.91063333333334,0</coordinates>
        </Point>
      </Placemark>
    
      <Placemark>
        <name>Inuksuk</name>
        <description>
          <![CDATA[
            
            Credit: Ed Solonyka
          ]]>
        </description>
        <ExtendedData>
          <Data name="gx_media_links">
            <value>https://roadsideattractions.ca/images/tinukshuk.jpg</value>
          </Data>
        </ExtendedData>
        <Point>
          <coordinates>46.26595,-83.57351666666666,0</coordinates>
        </Point>
      </Placemark>
    
      <Placemark>
        <name>The Titan - World's Largest Truck</name>
        <description>
          <![CDATA[
            
            Credit: <a HREF="MAILTO:tango1020@hotmail.com">Steamfitter Scotty T.
</a>
          ]]>
        </description>
        <ExtendedData>
          <Data name="gx_media_links">
            <value>https://roadsideattractions.ca/images/titan.jpg</value>
          </Data>
        </ExtendedData>
        <Point>
          <coordinates>49.731566666666666,-114.88405,0</coordinates>
        </Point>
      </Placemark>
    
      <Placemark>
        <name>Guitar</name>
        <description>
          <![CDATA[
            Hard Rock Cafe
            Credit: Barry Pomeray of Big Things Across Canada
          ]]>
        </description>
        <ExtendedData>
          <Data name="gx_media_links">
            <value>https://roadsideattractions.ca/images/toguitar.jpg</value>
          </Data>
        </ExtendedData>
        <Point>
          <coordinates>43.655683333333336,-79.38051666666667,0</coordinates>
        </Point>
      </Placemark>
    
      <Placemark>
        <name>Travelling Light</name>
        <description>
          <![CDATA[
            
            Credit: Mona Lee Switzer
          ]]>
        </description>
        <ExtendedData>
          <Data name="gx_media_links">
            <value>https://roadsideattractions.ca/images/tlcalgary.jpg</value>
          </Data>
        </ExtendedData>
        <Point>
          <coordinates>51.14248333333333,-114.04283333333333,0</coordinates>
        </Point>
      </Placemark>
    
      <Placemark>
        <name>World's Largest Tomahawk</name>
        <description>
          <![CDATA[
            
            Credit: <a href="mailto:gfoxedm@telusplanet.net">Gerry Fox</a>
          ]]>
        </description>
        <ExtendedData>
          <Data name="gx_media_links">
            <value>https://roadsideattractions.ca/images/tomahawk.jpg</value>
          </Data>
        </ExtendedData>
        <Point>
          <coordinates>52.744366666666664,-109.02755,0</coordinates>
        </Point>
      </Placemark>
    
      <Placemark>
        <name>Toronto World Youth Day 2002 Inuksuk</name>
        <description>
          <![CDATA[
            Battery Park
            Credit: <a href="mailto:james.ingham@ca.pwc.com">James Ingham</a>
          ]]>
        </description>
        <ExtendedData>
          <Data name="gx_media_links">
            <value>https://roadsideattractions.ca/images/toinukshuk.jpg</value>
          </Data>
        </ExtendedData>
        <Point>
          <coordinates>43.6322,-79.40923333333333,0</coordinates>
        </Point>
      </Placemark>
    
      <Placemark>
        <name>Tomato Tourist Information Booth</name>
        <description>
          <![CDATA[
            Talbot Street West
            Credit: LCRA
          ]]>
        </description>
        <ExtendedData>
          <Data name="gx_media_links">
            <value>https://roadsideattractions.ca/images/tomato.jpg</value>
          </Data>
        </ExtendedData>
        <Point>
          <coordinates>42.0524,-82.60211666666666,0</coordinates>
        </Point>
      </Placemark>
    
      <Placemark>
        <name>Tommy The Turtle</name>
        <description>
          <![CDATA[
            
            Credit: <a HREF="http://www.boissevain.ca/" Target="bois">Boissevain - Community Website</a>
          ]]>
        </description>
        <ExtendedData>
          <Data name="gx_media_links">
            <value>https://roadsideattractions.ca/images/tommy.jpg</value>
          </Data>
        </ExtendedData>
        <Point>
          <coordinates>49.22501666666667,-100.05883333333334,0</coordinates>
        </Point>
      </Placemark>
    
      <Placemark>
        <name>World's Largest In Diameter Totem Pole</name>
        <description>
          <![CDATA[
            
            Credit: <A HREF="http://www.buckys-sports.com/" target="bss">Bucky's Sport Shop</A>
          ]]>
        </description>
        <ExtendedData>
          <Data name="gx_media_links">
            <value>https://roadsideattractions.ca/images/totem.jpg</value>
          </Data>
        </ExtendedData>
        <Point>
          <coordinates>48.77765,-123.71061666666667,0</coordinates>
        </Point>
      </Placemark>
    
      <Placemark>
        <name>Tooth</name>
        <description>
          <![CDATA[
            
            Credit: Dana Sixty
          ]]>
        </description>
        <ExtendedData>
          <Data name="gx_media_links">
            <value>https://roadsideattractions.ca/images/tooth.jpg</value>
          </Data>
        </ExtendedData>
        <Point>
          <coordinates>43.65913333333334,-79.43493333333333,0</coordinates>
        </Point>
      </Placemark>
    
      <Placemark>
        <name>Toy Soldiers</name>
        <description>
          <![CDATA[
            Fleet and Bathurst Street
            Credit: <a href="mailto:mg499547@DAL.CA">Meaghan Dales</a>
          ]]>
        </description>
        <ExtendedData>
          <Data name="gx_media_links">
            <value>https://roadsideattractions.ca/images/toysoldiers.jpg</value>
          </Data>
        </ExtendedData>
        <Point>
          <coordinates>43.63673333333333,-79.39998333333334,0</coordinates>
        </Point>
      </Placemark>
    
      <Placemark>
        <name>Tractor Wheel</name>
        <description>
          <![CDATA[
            
            Credit: <a href="mailto:rdonnan49@sasktel.net">Richard Donnan</a>
          ]]>
        </description>
        <ExtendedData>
          <Data name="gx_media_links">
            <value>https://roadsideattractions.ca/images/tractorwheel.jpg</value>
          </Data>
        </ExtendedData>
        <Point>
          <coordinates>50.09771666666666,-108.4834,0</coordinates>
        </Point>
      </Placemark>
    
      <Placemark>
        <name>Antique Underground Coal Train</name>
        <description>
          <![CDATA[
            
            Credit: <a href="mailto:gfoxedm@telusplanet.net">Gerry Fox</a>, updated <a href="mailto:Lorraine%20Hirning%20%3Chirning@shaw.ca%3E">Lorraine Hirning</a>
          ]]>
        </description>
        <ExtendedData>
          <Data name="gx_media_links">
            <value>https://roadsideattractions.ca/images/train.jpg</value>
          </Data>
        </ExtendedData>
        <Point>
          <coordinates>51.09713333333333,-115.35838333333334,0</coordinates>
        </Point>
      </Placemark>
    
      <Placemark>
        <name>Hi Neighbourhood Sam</name>
        <description>
          <![CDATA[
            
            Credit: <a href="http://www.gbkphoto.com/" target="gk">Gerald Kornelsen</a> and Stan Milosevic of <a href="http://www.manitobaphotos.com/">Manitoba Photos.com</a>
          ]]>
        </description>
        <ExtendedData>
          <Data name="gx_media_links">
            <value>https://roadsideattractions.ca/images/transcona.jpg</value>
          </Data>
        </ExtendedData>
        <Point>
          <coordinates>49.89521666666667,-97.02791666666667,0</coordinates>
        </Point>
      </Placemark>
    
      <Placemark>
        <name>Transformer</name>
        <description>
          <![CDATA[
            
            Credit: <a href="mailto:Trevor%20Appelt%20%3Csendjokeshere@hotmail.com%3E">Trevor
Appelt</a>
          ]]>
        </description>
        <ExtendedData>
          <Data name="gx_media_links">
            <value>https://roadsideattractions.ca/images/transformer.jpg</value>
          </Data>
        </ExtendedData>
        <Point>
          <coordinates>49.25325,-102.99353333333333,0</coordinates>
        </Point>
      </Placemark>
    
      <Placemark>
        <name>Bear</name>
        <description>
          <![CDATA[
            
            Credit: <a href="mailto:rdonnan49@sasktel.net">Richard Donnan</a>
          ]]>
        </description>
        <ExtendedData>
          <Data name="gx_media_links">
            <value>https://roadsideattractions.ca/images/trbear.jpg</value>
          </Data>
        </ExtendedData>
        <Point>
          <coordinates>55.135466666666666,-120.9901,0</coordinates>
        </Point>
      </Placemark>
    
      <Placemark>
        <name>Glass Bottle Church</name>
        <description>
          <![CDATA[
            
            Credit: <a href="mailto:rch31739@mts.net">Bob Hill</a>
          ]]>
        </description>
        <ExtendedData>
          <Data name="gx_media_links">
            <value>https://roadsideattractions.ca/images/treherne.jpg</value>
          </Data>
        </ExtendedData>
        <Point>
          <coordinates>49.63056666666667,-98.69591666666666,0</coordinates>
        </Point>
      </Placemark>
    
      <Placemark>
        <name>Triceratops</name>
        <description>
          <![CDATA[
            20 km northwest on Hwy. 838.
            Credit: <a href="mailto:dalyn2@shaw.ca">Dale
Redekopp</a>
          ]]>
        </description>
        <ExtendedData>
          <Data name="gx_media_links">
            <value>https://roadsideattractions.ca/images/triceratops.jpg</value>
          </Data>
        </ExtendedData>
        <Point>
          <coordinates>51.56155,-112.84138333333334,0</coordinates>
        </Point>
      </Placemark>
    
      <Placemark>
        <name>World's Largest Golf Tee</name>
        <description>
          <![CDATA[
            
            Credit: <a href="mailto:mlswitzer@shaw.ca">Mona Switzer<br> </a>
          ]]>
        </description>
        <ExtendedData>
          <Data name="gx_media_links">
            <value>https://roadsideattractions.ca/images/trochu.jpg</value>
          </Data>
        </ExtendedData>
        <Point>
          <coordinates>51.82035,-113.23943333333334,0</coordinates>
        </Point>
      </Placemark>
    
      <Placemark>
        <name>Trout</name>
        <description>
          <![CDATA[
            
            Credit: <A HREF="http://www.city.kamloops.bc.ca/" Target="kamloops">City of Kamloops</A>
          ]]>
        </description>
        <ExtendedData>
          <Data name="gx_media_links">
            <value>https://roadsideattractions.ca/images/trout.jpg</value>
          </Data>
        </ExtendedData>
        <Point>
          <coordinates>50.65535,-120.36805,0</coordinates>
        </Point>
      </Placemark>
    
      <Placemark>
        <name>Foundry Ladle</name>
        <description>
          <![CDATA[
            McCoy Foundry on highway 5
            Credit: <a href="mailto:bowser@iaw.on.ca">James Bowser</a>
          ]]>
        </description>
        <ExtendedData>
          <Data name="gx_media_links">
            <value>https://roadsideattractions.ca/images/troy.jpg</value>
          </Data>
        </ExtendedData>
        <Point>
          <coordinates>43.2689,-80.13226666666667,0</coordinates>
        </Point>
      </Placemark>
    
      <Placemark>
        <name>Trumpeter Swan</name>
        <description>
          <![CDATA[
            
            Credit: Linda Yackel of <a HREF="MAILTO:linter98@telusplanet.net">Northern Images Unlimited</a>
          ]]>
        </description>
        <ExtendedData>
          <Data name="gx_media_links">
            <value>https://roadsideattractions.ca/images/tswan.jpg</value>
          </Data>
        </ExtendedData>
        <Point>
          <coordinates>55.17391666666666,-118.79406666666667,0</coordinates>
        </Point>
      </Placemark>
    
      <Placemark>
        <name>Fiddle</name>
        <description>
          <![CDATA[
            
            Credit: <a href="mailto:ajimreid@shaw.ca">Jim Reid</a>
          ]]>
        </description>
        <ExtendedData>
          <Data name="gx_media_links">
            <value>https://roadsideattractions.ca/images/tuffnell.jpg</value>
          </Data>
        </ExtendedData>
        <Point>
          <coordinates>51.64393333333334,-103.36895,0</coordinates>
        </Point>
      </Placemark>
    
      <Placemark>
        <name>Metal Buffalo</name>
        <description>
          <![CDATA[
            ~1 km southeast on Hwy. 367.
            Credit: <a href="mailto:dalyn2@shaw.ca">Dale
Redekopp</a>
          ]]>
        </description>
        <ExtendedData>
          <Data name="gx_media_links">
            <value>https://roadsideattractions.ca/images/tugaskea.jpg</value>
          </Data>
        </ExtendedData>
        <Point>
          <coordinates>50.865633333333335,-106.27038333333333,0</coordinates>
        </Point>
      </Placemark>
    
      <Placemark>
        <name>Metal Whale</name>
        <description>
          <![CDATA[
            ~1 km southeast on Hwy. 367.
            Credit: <a href="mailto:dalyn2@shaw.ca">Dale
Redekopp</a>
          ]]>
        </description>
        <ExtendedData>
          <Data name="gx_media_links">
            <value>https://roadsideattractions.ca/images/tugaskeb.jpg</value>
          </Data>
        </ExtendedData>
        <Point>
          <coordinates>50.8648,-106.26868333333333,0</coordinates>
        </Point>
      </Placemark>
    
      <Placemark>
        <name>Tulips And Beetle</name>
        <description>
          <![CDATA[
            
            Credit: <a href="mailto:hirning@shaw.ca">Lorraine Hirning</a>
          ]]>
        </description>
        <ExtendedData>
          <Data name="gx_media_links">
            <value>https://roadsideattractions.ca/images/tulips.jpg</value>
          </Data>
        </ExtendedData>
        <Point>
          <coordinates>50.995466666666665,-114.07418333333334,0</coordinates>
        </Point>
      </Placemark>
    
      <Placemark>
        <name>Marion Dragline Bucket</name>
        <description>
          <![CDATA[
            
            Credit: <a href="mailto:rdonnan49@sasktel.net">Richard Donnan</a>
          ]]>
        </description>
        <ExtendedData>
          <Data name="gx_media_links">
            <value>https://roadsideattractions.ca/images/tumblerridge.jpg</value>
          </Data>
        </ExtendedData>
        <Point>
          <coordinates>55.125416666666666,-121.00033333333333,0</coordinates>
        </Point>
      </Placemark>
    
      <Placemark>
        <name>Tuna</name>
        <description>
          <![CDATA[
            In front of Dominion Building
            Credit: <a href="mailto:mfdc5@yahoo.com">Ryan King</a>
          ]]>
        </description>
        <ExtendedData>
          <Data name="gx_media_links">
            <value>https://roadsideattractions.ca/images/tuna.jpg</value>
          </Data>
        </ExtendedData>
        <Point>
          <coordinates>46.23351666666667,-63.12715,0</coordinates>
        </Point>
      </Placemark>
    
      <Placemark>
        <name>Wild Turkey</name>
        <description>
          <![CDATA[
            
            Credit: <a
            HREF="MAILTO:rtubbs@state.nd.us">Robert Tubbs</a>
          ]]>
        </description>
        <ExtendedData>
          <Data name="gx_media_links">
            <value>https://roadsideattractions.ca/images/turkey.jpg</value>
          </Data>
        </ExtendedData>
        <Point>
          <coordinates>49.2394,-98.67993333333334,0</coordinates>
        </Point>
      </Placemark>
    
      <Placemark>
        <name>Ernie - Canada's Largest Turtle</name>
        <description>
          <![CDATA[
            
            Credit: Original - <a href="MAILTO:townofturtleford@sk.sympatico.ca">Town of
Turtleford</a>. Updated - Charlene Marks of the Turtleford Chamber of Commerce.

          ]]>
        </description>
        <ExtendedData>
          <Data name="gx_media_links">
            <value>https://roadsideattractions.ca/images/turtle.jpg</value>
          </Data>
        </ExtendedData>
        <Point>
          <coordinates>53.38721666666667,-108.95696666666667,0</coordinates>
        </Point>
      </Placemark>
    
      <Placemark>
        <name>Drain Chicken</name>
        <description>
          <![CDATA[
            highway 37, north of Tweed near Drain Poultry Farm
            Credit: Chris Papertzian
          ]]>
        </description>
        <ExtendedData>
          <Data name="gx_media_links">
            <value>https://roadsideattractions.ca/images/tweed.jpg</value>
          </Data>
        </ExtendedData>
        <Point>
          <coordinates>44.50613333333333,-77.31905,0</coordinates>
        </Point>
      </Placemark>
    
      <Placemark>
        <name>Uncle Sam</name>
        <description>
          <![CDATA[
            427 Garrison Road
            Credit: <a href="mailto:bowser@iaw.on.ca">James Bowser</a>
          ]]>
        </description>
        <ExtendedData>
          <Data name="gx_media_links">
            <value>https://roadsideattractions.ca/images/unclesam.jpg</value>
          </Data>
        </ExtendedData>
        <Point>
          <coordinates>42.90495,-78.93095,0</coordinates>
        </Point>
      </Placemark>
    
      <Placemark>
        <name>Under The Helmet</name>
        <description>
          <![CDATA[
            
            Credit: Mona Lee Switzer
          ]]>
        </description>
        <ExtendedData>
          <Data name="gx_media_links">
            <value>https://roadsideattractions.ca/images/underthehelmet.jpg</value>
          </Data>
        </ExtendedData>
        <Point>
          <coordinates>51.00483333333333,-114.07136666666666,0</coordinates>
        </Point>
      </Placemark>
    
      <Placemark>
        <name>Mosquito Carrying A Man</name>
        <description>
          <![CDATA[
            
            Credit: Wayne
          ]]>
        </description>
        <ExtendedData>
          <Data name="gx_media_links">
            <value>https://roadsideattractions.ca/images/upsala.jpg</value>
          </Data>
        </ExtendedData>
        <Point>
          <coordinates>49.04323333333333,-90.46953333333333,0</coordinates>
        </Point>
      </Placemark>
    
      <Placemark>
        <name>Ufa Worker</name>
        <description>
          <![CDATA[
            
            Credit: <a href="mailto:lspicer@shaw.ca">Leigh Spicer</a>
          ]]>
        </description>
        <ExtendedData>
          <Data name="gx_media_links">
            <value>https://roadsideattractions.ca/images/valleyview.jpg</value>
          </Data>
        </ExtendedData>
        <Point>
          <coordinates>55.06531666666667,-117.27793333333334,0</coordinates>
        </Point>
      </Placemark>
    
      <Placemark>
        <name>Inuksuk</name>
        <description>
          <![CDATA[
            
            Credit:  <A HREF="mailto:lagoon@intergate.ca">Shirmae Shindler</A>
          ]]>
        </description>
        <ExtendedData>
          <Data name="gx_media_links">
            <value>https://roadsideattractions.ca/images/vancouver.jpg</value>
          </Data>
        </ExtendedData>
        <Point>
          <coordinates>49.2843,-123.14373333333333,0</coordinates>
        </Point>
      </Placemark>
    
      <Placemark>
        <name>Muskoka Chair</name>
        <description>
          <![CDATA[
            
            Credit: Original - Greta Kennedy of <a href="http://www.visitgrey.ca/" target="grey">Grey County Tourism</a>. <a href="dwheeler7@eastlink.ca">Updated in June 2015.</a> 
          ]]>
        </description>
        <ExtendedData>
          <Data name="gx_media_links">
            <value>https://roadsideattractions.ca/images/varney.jpg</value>
          </Data>
        </ExtendedData>
        <Point>
          <coordinates>44.14175,-80.81183333333334,0</coordinates>
        </Point>
      </Placemark>
    
      <Placemark>
        <name>Vase</name>
        <description>
          <![CDATA[
            In front of Souvenir City
            Credit: <a href="mailto:rdonnan49@sasktel.net">Richard Donnan</a>
          ]]>
        </description>
        <ExtendedData>
          <Data name="gx_media_links">
            <value>https://roadsideattractions.ca/images/vase.jpg</value>
          </Data>
        </ExtendedData>
        <Point>
          <coordinates>43.112833333333334,-79.06141666666667,0</coordinates>
        </Point>
      </Placemark>
    
      <Placemark>
        <name>Sammy And Samantha - The Potatoes</name>
        <description>
          <![CDATA[
            
            Credit: Updated photo: <a href="mailto:hirning@shaw.ca">Lorraine Hirning</a>
          ]]>
        </description>
        <ExtendedData>
          <Data name="gx_media_links">
            <value>https://roadsideattractions.ca/images/vauxhall.jpg</value>
          </Data>
        </ExtendedData>
        <Point>
          <coordinates>50.06668333333333,-112.09741666666666,0</coordinates>
        </Point>
      </Placemark>
    
      <Placemark>
        <name>Inuksuk</name>
        <description>
          <![CDATA[
            
            Credit: Denise
Elliott of <a href="http://www.famousbobbys.com/" target="_blank">Bobby's
Sport Shop</a>
          ]]>
        </description>
        <ExtendedData>
          <Data name="gx_media_links">
            <value>https://roadsideattractions.ca/images/vbinukshuk.jpg</value>
          </Data>
        </ExtendedData>
        <Point>
          <coordinates>49.859766666666665,-93.38813333333333,0</coordinates>
        </Point>
      </Placemark>
    
      <Placemark>
        <name>Native Maiden</name>
        <description>
          <![CDATA[
            
            Credit: <a href="mailto:bwkohut@shaw.ca">Boris Kohut</a>
          ]]>
        </description>
        <ExtendedData>
          <Data name="gx_media_links">
            <value>https://roadsideattractions.ca/images/vbmaiden.jpg</value>
          </Data>
        </ExtendedData>
        <Point>
          <coordinates>49.85398333333333,-93.36348333333333,0</coordinates>
        </Point>
      </Placemark>
    
      <Placemark>
        <name>Elk</name>
        <description>
          <![CDATA[
            
            Credit: <a href="mailto:gfoxedm@telusplanet.net">Gerry Fox</a>
          ]]>
        </description>
        <ExtendedData>
          <Data name="gx_media_links">
            <value>https://roadsideattractions.ca/images/vegelk.jpg</value>
          </Data>
        </ExtendedData>
        <Point>
          <coordinates>53.491,-112.03538333333333,0</coordinates>
        </Point>
      </Placemark>
    
      <Placemark>
        <name>Quarter Horse</name>
        <description>
          <![CDATA[
            ~ 10 km east on Hwy 16.
            Credit: <a href="mailto:dalyn2@shaw.ca">Dale
Redekopp</a>
          ]]>
        </description>
        <ExtendedData>
          <Data name="gx_media_links">
            <value>https://roadsideattractions.ca/images/vermillion.jpg</value>
          </Data>
        </ExtendedData>
        <Point>
          <coordinates>53.34955,-110.64045,0</coordinates>
        </Point>
      </Placemark>
    
      <Placemark>
        <name>World's Tallest Totem Pole (From A Single Tree)</name>
        <description>
          <![CDATA[
            
            Credit: <a HREF="http://www.victoriabcguide.com/" Target="ad">The Admiral's 
  Complete Guide to Victoria</a>
          ]]>
        </description>
        <ExtendedData>
          <Data name="gx_media_links">
            <value>https://roadsideattractions.ca/images/victoria.jpg</value>
          </Data>
        </ExtendedData>
        <Point>
          <coordinates>48.410716666666666,-123.36493333333334,0</coordinates>
        </Point>
      </Placemark>
    
      <Placemark>
        <name>Viking</name>
        <description>
          <![CDATA[
            
            Credit: <a HREF="MAILTO:rtubbs@state.nd.us">Robert Tubbs</a>
          ]]>
        </description>
        <ExtendedData>
          <Data name="gx_media_links">
            <value>https://roadsideattractions.ca/images/viking.jpg</value>
          </Data>
        </ExtendedData>
        <Point>
          <coordinates>50.62971666666667,-96.98685,0</coordinates>
        </Point>
      </Placemark>
    
      <Placemark>
        <name>Tribute To Sutter Family</name>
        <description>
          <![CDATA[
            
            Credit: <a href="mailto:lspicer@shaw.ca">Barb and Leigh Spicer</a>
          ]]>
        </description>
        <ExtendedData>
          <Data name="gx_media_links">
            <value>https://roadsideattractions.ca/images/vikingsf.jpg</value>
          </Data>
        </ExtendedData>
        <Point>
          <coordinates>53.09231666666667,-111.77153333333334,0</coordinates>
        </Point>
      </Placemark>
    
      <Placemark>
        <name>Viking Ship</name>
        <description>
          <![CDATA[
            Viking Troll Park
            Credit: <a href="mailto:rdonnan49@sasktel.net">Richard Donnan</a>
          ]]>
        </description>
        <ExtendedData>
          <Data name="gx_media_links">
            <value>https://roadsideattractions.ca/images/vikingship.jpg</value>
          </Data>
        </ExtendedData>
        <Point>
          <coordinates>53.09295,-111.77826666666667,0</coordinates>
        </Point>
      </Placemark>
    
      <Placemark>
        <name>Wooden Train</name>
        <description>
          <![CDATA[
            In front of Harvest Estate Wines. (Moved from Virgil.)
            Credit: <a href="mailto:bowser@iaw.on.ca">James Bowser</a>
          ]]>
        </description>
        <ExtendedData>
          <Data name="gx_media_links">
            <value>https://roadsideattractions.ca/images/virgilwt.jpg</value>
          </Data>
        </ExtendedData>
        <Point>
          <coordinates>43.15555,-79.27715,0</coordinates>
        </Point>
      </Placemark>
    
      <Placemark>
        <name>Miner</name>
        <description>
          <![CDATA[
            
            Credit: <a href="http://www.gbkphoto.com/">Gerald Kornelsen</a>
          ]]>
        </description>
        <ExtendedData>
          <Data name="gx_media_links">
            <value>https://roadsideattractions.ca/images/vminer.jpg</value>
          </Data>
        </ExtendedData>
        <Point>
          <coordinates>48.134233333333334,-79.58768333333333,0</coordinates>
        </Point>
      </Placemark>
    
      <Placemark>
        <name>Still</name>
        <description>
          <![CDATA[
            
            Credit: <a href="http://www.gbkphoto.com/">Gerald Kornelsen</a>
          ]]>
        </description>
        <ExtendedData>
          <Data name="gx_media_links">
            <value>https://roadsideattractions.ca/images/vonda.jpg</value>
          </Data>
        </ExtendedData>
        <Point>
          <coordinates>52.320283333333336,-106.09526666666666,0</coordinates>
        </Point>
      </Placemark>
    
      <Placemark>
        <name>Solar Windmill</name>
        <description>
          <![CDATA[
            
            Credit: <a href="mailto:dalyn2@shaw.ca">Dale
Redekopp</a>
          ]]>
        </description>
        <ExtendedData>
          <Data name="gx_media_links">
            <value>https://roadsideattractions.ca/images/vulcansw.jpg</value>
          </Data>
        </ExtendedData>
        <Point>
          <coordinates>50.40586666666667,-113.25786666666667,0</coordinates>
        </Point>
      </Placemark>
    
      <Placemark>
        <name>Vulcan Tourist And Trek Station</name>
        <description>
          <![CDATA[
            
            Credit: Brian Crawford and Michelle Becker of the <a href="http://www.townofvulcan.ca/" target="tv">Town 
    of Vulcan</a>
          ]]>
        </description>
        <ExtendedData>
          <Data name="gx_media_links">
            <value>https://roadsideattractions.ca/images/vulcantts.jpg</value>
          </Data>
        </ExtendedData>
        <Point>
          <coordinates>50.40603333333333,-113.25798333333333,0</coordinates>
        </Point>
      </Placemark>
    
      <Placemark>
        <name>Beaver And Moose In A Canoe</name>
        <description>
          <![CDATA[
            Northeast at southeast corner Trans-Canada Highway and Nevers Rd.
            Credit: <a href="mailto:shorty.1976@yahoo.ca">Pamela
Robinson</a>
          ]]>
        </description>
        <ExtendedData>
          <Data name="gx_media_links">
            <value>https://roadsideattractions.ca/images/waasis.jpg</value>
          </Data>
        </ExtendedData>
        <Point>
          <coordinates>45.85138333333333,-66.56096666666667,0</coordinates>
        </Point>
      </Placemark>
    
      <Placemark>
        <name>World's Largest Dragonfly</name>
        <description>
          <![CDATA[
            
            Credit: <a href="mailto:brankare@telus.net">Karen Branton</a>
          ]]>
        </description>
        <ExtendedData>
          <Data name="gx_media_links">
            <value>https://roadsideattractions.ca/images/wabamun.jpg</value>
          </Data>
        </ExtendedData>
        <Point>
          <coordinates>53.562733333333334,-114.46801666666667,0</coordinates>
        </Point>
      </Placemark>
    
      <Placemark>
        <name>Large Wagon Wheel And Pick</name>
        <description>
          <![CDATA[
            
            Credit: Tony Kulbisky of <a href="http://www.woodlands.ab.ca/" target="wa">Woodlands County</a>
          ]]>
        </description>
        <ExtendedData>
          <Data name="gx_media_links">
            <value>https://roadsideattractions.ca/images/wagonwheel.jpg</value>
          </Data>
        </ExtendedData>
        <Point>
          <coordinates>54.333733333333335,-114.77308333333333,0</coordinates>
        </Point>
      </Placemark>
    
      <Placemark>
        <name>Waiting For Gordon</name>
        <description>
          <![CDATA[
            
            Credit: <a href="mailto:lspicer@shaw.ca">Leigh Spicer</a>
          ]]>
        </description>
        <ExtendedData>
          <Data name="gx_media_links">
            <value>https://roadsideattractions.ca/images/waitingforgordon.jpg</value>
          </Data>
        </ExtendedData>
        <Point>
          <coordinates>52.26761666666667,-113.81176666666667,0</coordinates>
        </Point>
      </Placemark>
    
      <Placemark>
        <name>Dolphins</name>
        <description>
          <![CDATA[
            
            Credit: <a href="mailto:rdonnan49@sasktel.net">Richard Donnan</a>
          ]]>
        </description>
        <ExtendedData>
          <Data name="gx_media_links">
            <value>https://roadsideattractions.ca/images/waldheim.jpg</value>
          </Data>
        </ExtendedData>
        <Point>
          <coordinates>52.61946666666667,-106.65611666666666,0</coordinates>
        </Point>
      </Placemark>
    
      <Placemark>
        <name>Fish (Waldo The Great)</name>
        <description>
          <![CDATA[
            
            Credit: <a href="mailto:tjohns@vianet.on.ca">Peter Whittaker</a>
          ]]>
        </description>
        <ExtendedData>
          <Data name="gx_media_links">
            <value>https://roadsideattractions.ca/images/waldo.jpg</value>
          </Data>
        </ExtendedData>
        <Point>
          <coordinates>49.041066666666666,-90.46855,0</coordinates>
        </Point>
      </Placemark>
    
      <Placemark>
        <name>Walleye</name>
        <description>
          <![CDATA[
            
            Credit: <a href="mailto:gfoxedm@telusplanet.net">Gerry Fox</a>
          ]]>
        </description>
        <ExtendedData>
          <Data name="gx_media_links">
            <value>https://roadsideattractions.ca/images/walleye.jpg</value>
          </Data>
        </ExtendedData>
        <Point>
          <coordinates>55.48303333333333,-116.04208333333334,0</coordinates>
        </Point>
      </Placemark>
    
      <Placemark>
        <name>Wally The Wooly Mammoth</name>
        <description>
          <![CDATA[
            
            Credit: <a href="mailto:S.HODGINS@sk.sympatico.ca/" Target="biggar">Sherri Hodgins</a>
          ]]>
        </description>
        <ExtendedData>
          <Data name="gx_media_links">
            <value>https://roadsideattractions.ca/images/wally.jpg</value>
          </Data>
        </ExtendedData>
        <Point>
          <coordinates>50.834383333333335,-108.03948333333334,0</coordinates>
        </Point>
      </Placemark>
    
      <Placemark>
        <name>Walnut</name>
        <description>
          <![CDATA[
            1256 Bloor Street West
            Credit: Dana Sixty
          ]]>
        </description>
        <ExtendedData>
          <Data name="gx_media_links">
            <value>https://roadsideattractions.ca/images/walnut.jpg</value>
          </Data>
        </ExtendedData>
        <Point>
          <coordinates>43.65893333333333,-79.44041666666666,0</coordinates>
        </Point>
      </Placemark>
    
      <Placemark>
        <name>Walter The Whooping Crane</name>
        <description>
          <![CDATA[
            
            Credit: <a href="mailto:gfoxedm@telusplanet.net">Gerry Fox</a>
          ]]>
        </description>
        <ExtendedData>
          <Data name="gx_media_links">
            <value>https://roadsideattractions.ca/images/walter.jpg</value>
          </Data>
        </ExtendedData>
        <Point>
          <coordinates>51.31133333333333,-104.98483333333333,0</coordinates>
        </Point>
      </Placemark>
    
      <Placemark>
        <name>Train Sign</name>
        <description>
          <![CDATA[
            
            Credit: <a href="mailto:rdonnan49@sasktel.net">Richard Donnan</a>
          ]]>
        </description>
        <ExtendedData>
          <Data name="gx_media_links">
            <value>https://roadsideattractions.ca/images/warman.jpg</value>
          </Data>
        </ExtendedData>
        <Point>
          <coordinates>52.31798333333333,-106.56746666666666,0</coordinates>
        </Point>
      </Placemark>
    
      <Placemark>
        <name>Green Man</name>
        <description>
          <![CDATA[
            
            Credit: <a href="mailto:lisajay@sympatico.ca">Jason Donnelly</a> of Big Wood and the Carving Co.
          ]]>
        </description>
        <ExtendedData>
          <Data name="gx_media_links">
            <value>https://roadsideattractions.ca/images/wasagabeach.jpg</value>
          </Data>
        </ExtendedData>
        <Point>
          <coordinates>44.526266666666665,-79.99685,0</coordinates>
        </Point>
      </Placemark>
    
      <Placemark>
        <name>Water Wheel</name>
        <description>
          <![CDATA[
            
            Credit: <a href="mailto:rsampson@oanet.com">Ruth Sampson</a>
          ]]>
        </description>
        <ExtendedData>
          <Data name="gx_media_links">
            <value>https://roadsideattractions.ca/images/waterwheel.jpg</value>
          </Data>
        </ExtendedData>
        <Point>
          <coordinates>52.97535,-122.49821666666666,0</coordinates>
        </Point>
      </Placemark>
    
      <Placemark>
        <name>Watering Can</name>
        <description>
          <![CDATA[
            
            Credit: <a href="mailto:lorraine@pjbdesign.com">Lorraine
Bouwsema</a>
          ]]>
        </description>
        <ExtendedData>
          <Data name="gx_media_links">
            <value>https://roadsideattractions.ca/images/wateringcan.jpg</value>
          </Data>
        </ExtendedData>
        <Point>
          <coordinates>48.414033333333336,-123.3629,0</coordinates>
        </Point>
      </Placemark>
    
      <Placemark>
        <name>Railway Section Men</name>
        <description>
          <![CDATA[
            
            Credit: <a href="mailto:ajimreid@shaw.ca">James Reid
          ]]>
        </description>
        <ExtendedData>
          <Data name="gx_media_links">
            <value>https://roadsideattractions.ca/images/watrous.jpg</value>
          </Data>
        </ExtendedData>
        <Point>
          <coordinates>51.6718,-105.46906666666666,0</coordinates>
        </Point>
      </Placemark>
    
      <Placemark>
        <name>The Sign Post Forest</name>
        <description>
          <![CDATA[
            
            Credit: <a href="mailto:mike.myra@sympatico.ca">Myra Gerow
          ]]>
        </description>
        <ExtendedData>
          <Data name="gx_media_links">
            <value>https://roadsideattractions.ca/images/watson.jpg</value>
          </Data>
        </ExtendedData>
        <Point>
          <coordinates>60.0632,-128.71468333333334,0</coordinates>
        </Point>
      </Placemark>
    
      <Placemark>
        <name>Damaged Airplane Propeller</name>
        <description>
          <![CDATA[
            
            Credit: <a href="mailto:rch31739@mts.net">Bob Hill</a>
          ]]>
        </description>
        <ExtendedData>
          <Data name="gx_media_links">
            <value>https://roadsideattractions.ca/images/watsonlake.jpg</value>
          </Data>
        </ExtendedData>
        <Point>
          <coordinates>60.11255,-128.81866666666667,0</coordinates>
        </Point>
      </Placemark>
    
      <Placemark>
        <name>Canada Goose (2)</name>
        <description>
          <![CDATA[
            
            Credit: <a HREF="mailto:stever@cogeco.ca">Steve Robinson</a>
          ]]>
        </description>
        <ExtendedData>
          <Data name="gx_media_links">
            <value>https://roadsideattractions.ca/images/wawagoose2.jpg</value>
          </Data>
        </ExtendedData>
        <Point>
          <coordinates>47.98401666666667,-84.78015,0</coordinates>
        </Point>
      </Placemark>
    
      <Placemark>
        <name>Wauby The Moose</name>
        <description>
          <![CDATA[
            
            Credit: Ed Solonyka
          ]]>
        </description>
        <ExtendedData>
          <Data name="gx_media_links">
            <value>https://roadsideattractions.ca/images/wauby.jpg</value>
          </Data>
        </ExtendedData>
        <Point>
          <coordinates>44.0825,-79.70708333333333,0</coordinates>
        </Point>
      </Placemark>
    
      <Placemark>
        <name>Canada Goose (3)</name>
        <description>
          <![CDATA[
            
            Credit: <a HREF="mailto:stever@cogeco.ca">Steve Robinson</a>
          ]]>
        </description>
        <ExtendedData>
          <Data name="gx_media_links">
            <value>https://roadsideattractions.ca/images/wawagoose3.jpg</value>
          </Data>
        </ExtendedData>
        <Point>
          <coordinates>47.98595,-84.78045,0</coordinates>
        </Point>
      </Placemark>
    
      <Placemark>
        <name>Anchor</name>
        <description>
          <![CDATA[
            
            Credit: Ed Solonyka
          ]]>
        </description>
        <ExtendedData>
          <Data name="gx_media_links">
            <value>https://roadsideattractions.ca/images/wbanchor.jpg</value>
          </Data>
        </ExtendedData>
        <Point>
          <coordinates>44.52251666666667,-80.02165,0</coordinates>
        </Point>
      </Placemark>
    
      <Placemark>
        <name>Whispering Giant</name>
        <description>
          <![CDATA[
            
            Credit: LCRA
          ]]>
        </description>
        <ExtendedData>
          <Data name="gx_media_links">
            <value>https://roadsideattractions.ca/images/wbindian.jpg</value>
          </Data>
        </ExtendedData>
        <Point>
          <coordinates>50.49828333333333,-96.96953333333333,0</coordinates>
        </Point>
      </Placemark>
    
      <Placemark>
        <name>Deer</name>
        <description>
          <![CDATA[
            680 Josephine St, Wingham, Ontario, outside <a href=" http://www.thehuntershaven.com/store/">The Hunter’s Haven Rod and Gun Shop</a>.
            Credit: Dana Sixty
          ]]>
        </description>
        <ExtendedData>
          <Data name="gx_media_links">
            <value>https://roadsideattractions.ca/images/wdeer.jpg</value>
          </Data>
        </ExtendedData>
        <Point>
          <coordinates>43.896683333333335,-81.305,0</coordinates>
        </Point>
      </Placemark>
    
      <Placemark>
        <name>O'Reilly's Bridge Memorial</name>
        <description>
          <![CDATA[
            
            Credit: <a href="mailto:bowser@iaw.on.ca">James Bowser</a>
          ]]>
        </description>
        <ExtendedData>
          <Data name="gx_media_links">
            <value>https://roadsideattractions.ca/images/welland2.jpg</value>
          </Data>
        </ExtendedData>
        <Point>
          <coordinates>42.97261666666667,-79.31965,0</coordinates>
        </Point>
      </Placemark>
    
      <Placemark>
        <name>Western Boots</name>
        <description>
          <![CDATA[
            
            Credit: <a href="mailto:hirning@shaw.ca">Lorraine Hirning</a>
          ]]>
        </description>
        <ExtendedData>
          <Data name="gx_media_links">
            <value>https://roadsideattractions.ca/images/westernboots.jpg</value>
          </Data>
        </ExtendedData>
        <Point>
          <coordinates>44.28961666666667,-78.29708333333333,0</coordinates>
        </Point>
      </Placemark>
    
      <Placemark>
        <name>Westbank First Nation Man And Horse</name>
        <description>
          <![CDATA[
            
            Credit: <a href="mailto:patriciahrock@hotmail.com">Patricia Rock</a>
          ]]>
        </description>
        <ExtendedData>
          <Data name="gx_media_links">
            <value>https://roadsideattractions.ca/images/westk.jpg</value>
          </Data>
        </ExtendedData>
        <Point>
          <coordinates>49.83586666666667,-119.61563333333334,0</coordinates>
        </Point>
      </Placemark>
    
      <Placemark>
        <name>World's Largest Tractor Weather Vane</name>
        <description>
          <![CDATA[
            
            Credit: <a HREF="mailto:jschole@west-teq.net">Janis Schole</a>
          ]]>
        </description>
        <ExtendedData>
          <Data name="gx_media_links">
            <value>https://roadsideattractions.ca/images/westlock.jpg</value>
          </Data>
        </ExtendedData>
        <Point>
          <coordinates>54.150283333333334,-113.87641666666667,0</coordinates>
        </Point>
      </Placemark>
    
      <Placemark>
        <name>Speckled Trout</name>
        <description>
          <![CDATA[
            
            Credit: <a href="mailto:coryjking@gmail.com">Cory and Jen King</a>
          ]]>
        </description>
        <ExtendedData>
          <Data name="gx_media_links">
            <value>https://roadsideattractions.ca/images/westport.jpg</value>
          </Data>
        </ExtendedData>
        <Point>
          <coordinates>44.652633333333334,-76.34433333333334,0</coordinates>
        </Point>
      </Placemark>
    
      <Placemark>
        <name>Lighthouse Water Tower</name>
        <description>
          <![CDATA[
            
            Credit: <a href="mailto:rdonnan49@sasktel.net">Richard Donnan</a>
          ]]>
        </description>
        <ExtendedData>
          <Data name="gx_media_links">
            <value>https://roadsideattractions.ca/images/weyburn.jpg</value>
          </Data>
        </ExtendedData>
        <Point>
          <coordinates>49.649883333333335,-103.8523,0</coordinates>
        </Point>
      </Placemark>
    
      <Placemark>
        <name>Machine Gun</name>
        <description>
          <![CDATA[
            
            Credit: <a href="mailto:Trevor%20Appelt%20%3Csendjokeshere@hotmail.com%3E">Trevor
Appelt</a>
          ]]>
        </description>
        <ExtendedData>
          <Data name="gx_media_links">
            <value>https://roadsideattractions.ca/images/weyburngun.jpg</value>
          </Data>
        </ExtendedData>
        <Point>
          <coordinates>49.65455,-103.84233333333333,0</coordinates>
        </Point>
      </Placemark>
    
      <Placemark>
        <name>Wheat Sculptures</name>
        <description>
          <![CDATA[
            
            Credit: Donna Hastings of the <a href="http://www.city.weyburn.sk.ca/" target="cw">City of Weyburn</a>. Photo by: Weyburn Review
          ]]>
        </description>
        <ExtendedData>
          <Data name="gx_media_links">
            <value>https://roadsideattractions.ca/images/weyburnwheat.jpg</value>
          </Data>
        </ExtendedData>
        <Point>
          <coordinates>49.65878333333333,-103.85538333333334,0</coordinates>
        </Point>
      </Placemark>
    
      <Placemark>
        <name>Wheat Stalks</name>
        <description>
          <![CDATA[
            
            Credit: <a href="mailto:gfoxedm@telusplanet.net">Gerry Fox</a>
          ]]>
        </description>
        <ExtendedData>
          <Data name="gx_media_links">
            <value>https://roadsideattractions.ca/images/wheat.jpg</value>
          </Data>
        </ExtendedData>
        <Point>
          <coordinates>53.1754,-105.76178333333333,0</coordinates>
        </Point>
      </Placemark>
    
      <Placemark>
        <name>Wiarton Willie</name>
        <description>
          <![CDATA[
            
            Credit: Francesca Dobbyn-Nadjiwon, Co-ordinator, <A HREF="http://www.wiarton-willie.org/" Target="wwf">Wiarton Willie Festival</a><BR>
Penny Inkster Collins, <A HREF="http://www.brucecounty.on.ca/" Target="bct">Bruce County Tourism</a>
          ]]>
        </description>
        <ExtendedData>
          <Data name="gx_media_links">
            <value>https://roadsideattractions.ca/images/willie.jpg</value>
          </Data>
        </ExtendedData>
        <Point>
          <coordinates>44.743833333333335,-81.1359,0</coordinates>
        </Point>
      </Placemark>
    
      <Placemark>
        <name>Wheelchair</name>
        <description>
          <![CDATA[
            
            Credit: Barry Pomeray of Big Things Across Canada
          ]]>
        </description>
        <ExtendedData>
          <Data name="gx_media_links">
            <value>https://roadsideattractions.ca/images/wheelchair.jpg</value>
          </Data>
        </ExtendedData>
        <Point>
          <coordinates>52.12265,-122.09915,0</coordinates>
        </Point>
      </Placemark>
    
      <Placemark>
        <name>When Pigs Fly</name>
        <description>
          <![CDATA[
            
            Credit: <a href="mailto:rdonnan49@sasktel.net">Richard Donnan</a>
          ]]>
        </description>
        <ExtendedData>
          <Data name="gx_media_links">
            <value>https://roadsideattractions.ca/images/whenpigsfly.jpg</value>
          </Data>
        </ExtendedData>
        <Point>
          <coordinates>52.13055,-106.58625,0</coordinates>
        </Point>
      </Placemark>
    
      <Placemark>
        <name>Polar Bear</name>
        <description>
          <![CDATA[
            
            Credit: <a href="mailto:taylorrd@nexicom.net">Ray
  Dawe</a>
          ]]>
        </description>
        <ExtendedData>
          <Data name="gx_media_links">
            <value>https://roadsideattractions.ca/images/whitebear.jpg</value>
          </Data>
        </ExtendedData>
        <Point>
          <coordinates>50.8782,-108.22021666666667,0</coordinates>
        </Point>
      </Placemark>
    
      <Placemark>
        <name>Hay Bale Lifter</name>
        <description>
          <![CDATA[
            ~ 11.2 km SW on Range Road 125.
            Credit: <a href="mailto:rdonnan49@sasktel.net">Richard Donnan</a>
          ]]>
        </description>
        <ExtendedData>
          <Data name="gx_media_links">
            <value>https://roadsideattractions.ca/images/whitecourt.jpg</value>
          </Data>
        </ExtendedData>
        <Point>
          <coordinates>54.124116666666666,-115.77711666666667,0</coordinates>
        </Point>
      </Placemark>
    
      <Placemark>
        <name>Buffalo</name>
        <description>
          <![CDATA[
            East of town near the North Saskatchewan River.
            Credit: <a href="mailto:dalyn2@shaw.ca">Dale
Redekopp</a>
          ]]>
        </description>
        <ExtendedData>
          <Data name="gx_media_links">
            <value>https://roadsideattractions.ca/images/whitebuffalo.jpg</value>
          </Data>
        </ExtendedData>
        <Point>
          <coordinates>52.37575,-107.1619,0</coordinates>
        </Point>
      </Placemark>
    
      <Placemark>
        <name>White Fox</name>
        <description>
          <![CDATA[
            
            Credit: DNI Web Design and the Town of White Fox
          ]]>
        </description>
        <ExtendedData>
          <Data name="gx_media_links">
            <value>https://roadsideattractions.ca/images/whitefox.jpg</value>
          </Data>
        </ExtendedData>
        <Point>
          <coordinates>53.45265,-104.08328333333333,0</coordinates>
        </Point>
      </Placemark>
    
      <Placemark>
        <name>The White Horse</name>
        <description>
          <![CDATA[
            
            Credit: LCRA
          ]]>
        </description>
        <ExtendedData>
          <Data name="gx_media_links">
            <value>https://roadsideattractions.ca/images/whitehorse.jpg</value>
          </Data>
        </ExtendedData>
        <Point>
          <coordinates>49.88855,-97.50585,0</coordinates>
        </Point>
      </Placemark>
    
      <Placemark>
        <name>Horseshoe Bay Propeller</name>
        <description>
          <![CDATA[
            
            Credit: <a href="mailto:hirning@shaw.ca">Lorraine Hirning</a>
          ]]>
        </description>
        <ExtendedData>
          <Data name="gx_media_links">
            <value>https://roadsideattractions.ca/images/whytecliff.jpg</value>
          </Data>
        </ExtendedData>
        <Point>
          <coordinates>49.37455,-123.27415,0</coordinates>
        </Point>
      </Placemark>
    
      <Placemark>
        <name>Wildlife Mural (Canada's Largest)</name>
        <description>
          <![CDATA[
            
            Credit: <a HREF="MAILTO:gmarshal@cancom.net">Ginette Marshall</a>
          ]]>
        </description>
        <ExtendedData>
          <Data name="gx_media_links">
            <value>https://roadsideattractions.ca/images/wildlife.jpg</value>
          </Data>
        </ExtendedData>
        <Point>
          <coordinates>48.79436666666667,-88.54185,0</coordinates>
        </Point>
      </Placemark>
    
      <Placemark>
        <name>Heart Of A Champion Bull Rider</name>
        <description>
          <![CDATA[
            
            Credit: <a href="mailto:brooksrl@telus.net">Ron Brooks</a>
          ]]>
        </description>
        <ExtendedData>
          <Data name="gx_media_links">
            <value>https://roadsideattractions.ca/images/williamslake.jpg</value>
          </Data>
        </ExtendedData>
        <Point>
          <coordinates>52.127,-122.12711666666667,0</coordinates>
        </Point>
      </Placemark>
    
      <Placemark>
        <name>Wire Airplane</name>
        <description>
          <![CDATA[
            
            Credit: <a href="mailto:ashley_buckle@hotmail.com">Ashley Buckle</a>
          ]]>
        </description>
        <ExtendedData>
          <Data name="gx_media_links">
            <value>https://roadsideattractions.ca/images/wireplane.jpg</value>
          </Data>
        </ExtendedData>
        <Point>
          <coordinates>48.95956666666667,-54.63313333333333,0</coordinates>
        </Point>
      </Placemark>
    
      <Placemark>
        <name>Cowboy And Horse</name>
        <description>
          <![CDATA[
            
            Credit: <a href="mailto:hirning@shaw.ca">Lorraine Hirning</a>
          ]]>
        </description>
        <ExtendedData>
          <Data name="gx_media_links">
            <value>https://roadsideattractions.ca/images/wlcowboy.jpg</value>
          </Data>
        </ExtendedData>
        <Point>
          <coordinates>52.12795,-122.1288,0</coordinates>
        </Point>
      </Placemark>
    
      <Placemark>
        <name>Pack Of Wolves</name>
        <description>
          <![CDATA[
            
            Credit: <a href="mailto:bwkohut@shaw.ca">Boris Kohut</a>
          ]]>
        </description>
        <ExtendedData>
          <Data name="gx_media_links">
            <value>https://roadsideattractions.ca/images/wolves.jpg</value>
          </Data>
        </ExtendedData>
        <Point>
          <coordinates>49.92765,-97.04843333333334,0</coordinates>
        </Point>
      </Placemark>
    
      <Placemark>
        <name>Wonderland</name>
        <description>
          <![CDATA[
            
            Credit: Mona Lee Switzer
          ]]>
        </description>
        <ExtendedData>
          <Data name="gx_media_links">
            <value>https://roadsideattractions.ca/images/wonderland.jpg</value>
          </Data>
        </ExtendedData>
        <Point>
          <coordinates>51.04756666666667,-114.06263333333334,0</coordinates>
        </Point>
      </Placemark>
    
      <Placemark>
        <name>Woodpecker Column</name>
        <description>
          <![CDATA[
            south entrance of Convention Centre at Bremner Blvd.
            Credit: Ed Solonyka
          ]]>
        </description>
        <ExtendedData>
          <Data name="gx_media_links">
            <value>https://roadsideattractions.ca/images/woodpeckers.jpg</value>
          </Data>
        </ExtendedData>
        <Point>
          <coordinates>43.6427,-79.3851,0</coordinates>
        </Point>
      </Placemark>
    
      <Placemark>
        <name>Woodie</name>
        <description>
          <![CDATA[
            
            Credit: <a href="Mailto:djmorrow@lightspeed.bc.ca">David Marrow </a>of the <a href="http://www.concours.org/" target="cog">Concourse Owners Group</a>
          ]]>
        </description>
        <ExtendedData>
          <Data name="gx_media_links">
            <value>https://roadsideattractions.ca/images/woodie.jpg</value>
          </Data>
        </ExtendedData>
        <Point>
          <coordinates>49.29226666666667,-121.78088333333334,0</coordinates>
        </Point>
      </Placemark>
    
      <Placemark>
        <name>Springbank Snow Countess - Holstein Cow</name>
        <description>
          <![CDATA[
            
            Credit: Faye Eltom of the  <A HREF="http://www.city.woodstock.on.ca/" Target="woodstock">City of Woodstock</a>
          ]]>
        </description>
        <ExtendedData>
          <Data name="gx_media_links">
            <value>https://roadsideattractions.ca/images/woodstock.jpg</value>
          </Data>
        </ExtendedData>
        <Point>
          <coordinates>43.1344,-80.72911666666667,0</coordinates>
        </Point>
      </Placemark>
    
      <Placemark>
        <name>Yogi Bear</name>
        <description>
          <![CDATA[
            
            Credit: <a href="mailto:nomad1@nbnet.nb.ca%20">Victor</a>
          ]]>
        </description>
        <ExtendedData>
          <Data name="gx_media_links">
            <value>https://roadsideattractions.ca/images/woodstockyogibear.jpg</value>
          </Data>
        </ExtendedData>
        <Point>
          <coordinates>46.12586666666667,-67.60521666666666,0</coordinates>
        </Point>
      </Placemark>
    
      <Placemark>
        <name>Large Burl</name>
        <description>
          <![CDATA[
            
            Credit: <a href="mailto:cymagic@shaw.ca">Chris Yuill</a>
          ]]>
        </description>
        <ExtendedData>
          <Data name="gx_media_links">
            <value>https://roadsideattractions.ca/images/woss.jpg</value>
          </Data>
        </ExtendedData>
        <Point>
          <coordinates>50.21281666666667,-126.59486666666666,0</coordinates>
        </Point>
      </Placemark>
    
      <Placemark>
        <name>Ox Cart</name>
        <description>
          <![CDATA[
            
            Credit: Barry Pomeray of Big Things Across Canada
          ]]>
        </description>
        <ExtendedData>
          <Data name="gx_media_links">
            <value>https://roadsideattractions.ca/images/woxcart.jpg</value>
          </Data>
        </ExtendedData>
        <Point>
          <coordinates>49.86776666666667,-97.22995,0</coordinates>
        </Point>
      </Placemark>
    
      <Placemark>
        <name>Baseballs</name>
        <description>
          <![CDATA[
            
            Credit: <a href="mailto:bwkohut@shaw.ca">Boris Kohut</a>
          ]]>
        </description>
        <ExtendedData>
          <Data name="gx_media_links">
            <value>https://roadsideattractions.ca/images/wpgbaseballs.jpg</value>
          </Data>
        </ExtendedData>
        <Point>
          <coordinates>49.893633333333334,-97.13441666666667,0</coordinates>
        </Point>
      </Placemark>
    
      <Placemark>
        <name>Horse</name>
        <description>
          <![CDATA[
            
            Credit: <a href="mailto:bwkohut@shaw.ca">Boris Kohut</a>
          ]]>
        </description>
        <ExtendedData>
          <Data name="gx_media_links">
            <value>https://roadsideattractions.ca/images/wpghorse.jpg</value>
          </Data>
        </ExtendedData>
        <Point>
          <coordinates>49.89703333333333,-97.13965,0</coordinates>
        </Point>
      </Placemark>
    
      <Placemark>
        <name>Boxing Gloves</name>
        <description>
          <![CDATA[
            
            Credit: <a href="mailto:bwkohut@shaw.ca">Boris Kohut</a>
          ]]>
        </description>
        <ExtendedData>
          <Data name="gx_media_links">
            <value>https://roadsideattractions.ca/images/wpgboxinggloves.jpg</value>
          </Data>
        </ExtendedData>
        <Point>
          <coordinates>49.89758333333333,-97.14093333333334,0</coordinates>
        </Point>
      </Placemark>
    
      <Placemark>
        <name>Winnie The Bear</name>
        <description>
          <![CDATA[
            
            Credit: <a href="MAILTO:rtubbs@state.nd.us">Robert Tubbs</a>, Jenessa
Baert of the <a href="http://www.assiniboinepark.ca/">Assiniboine Park
Conservancy</a> and <a href="mailto:bwkohut@shaw.ca">Boris Kohut</a>
          ]]>
        </description>
        <ExtendedData>
          <Data name="gx_media_links">
            <value>https://roadsideattractions.ca/images/wpgwinnie.jpg</value>
          </Data>
        </ExtendedData>
        <Point>
          <coordinates>49.87165,-97.23303333333334,0</coordinates>
        </Point>
      </Placemark>
    
      <Placemark>
        <name>Wrench</name>
        <description>
          <![CDATA[
            6 km east on Hwy 3.
            Credit: Original - Barry Pomeray of Big
Things Across Canada. Update - <a href="mailto:hirning@shaw.ca">Lorraine
Hirning</a>.
          ]]>
        </description>
        <ExtendedData>
          <Data name="gx_media_links">
            <value>https://roadsideattractions.ca/images/wrench.jpg</value>
          </Data>
        </ExtendedData>
        <Point>
          <coordinates>49.046533333333336,-118.89628333333333,0</coordinates>
        </Point>
      </Placemark>
    
      <Placemark>
        <name>Thermometer 2</name>
        <description>
          <![CDATA[
            
            Credit: <a href="mailto:Elizabeth_Iozzo@wsib.on.ca">Elizabeth_Iozzo</a>
          ]]>
        </description>
        <ExtendedData>
          <Data name="gx_media_links">
            <value>https://roadsideattractions.ca/images/wrthermometer2.jpg</value>
          </Data>
        </ExtendedData>
        <Point>
          <coordinates>48.59255,-85.27436666666667,0</coordinates>
        </Point>
      </Placemark>
    
      <Placemark>
        <name>Canada's Hot Spot</name>
        <description>
          <![CDATA[
            
            Credit: <a href="mailto:rdonnan49@sasktel.net">Richard Donnan</a>
          ]]>
        </description>
        <ExtendedData>
          <Data name="gx_media_links">
            <value>https://roadsideattractions.ca/images/yellowgrass.jpg</value>
          </Data>
        </ExtendedData>
        <Point>
          <coordinates>49.8072,-104.15798333333333,0</coordinates>
        </Point>
      </Placemark>
    
      <Placemark>
        <name>Young Lady Fishing</name>
        <description>
          <![CDATA[
            
            Credit: <a href="mailto:bwkohut@shaw.ca">Boris Kohut</a>
          ]]>
        </description>
        <ExtendedData>
          <Data name="gx_media_links">
            <value>https://roadsideattractions.ca/images/ylfishing.jpg</value>
          </Data>
        </ExtendedData>
        <Point>
          <coordinates>46.568133333333336,-84.32058333333333,0</coordinates>
        </Point>
      </Placemark>
    
      <Placemark>
        <name>Yogi Bear</name>
        <description>
          <![CDATA[
            Jellystone Park
            Credit: <a href="mailto:bowser@iaw.on.ca">James Bowser</a>
          ]]>
        </description>
        <ExtendedData>
          <Data name="gx_media_links">
            <value>https://roadsideattractions.ca/images/yogibear.jpg</value>
          </Data>
        </ExtendedData>
        <Point>
          <coordinates>43.05073333333333,-79.12135,0</coordinates>
        </Point>
      </Placemark>
    
      <Placemark>
        <name>York Boat</name>
        <description>
          <![CDATA[
            
            Credit: <a href="mailto:rdonnan49@sasktel.net">Richard Donnan</a>
          ]]>
        </description>
        <ExtendedData>
          <Data name="gx_media_links">
            <value>https://roadsideattractions.ca/images/yorkcanoe.jpg</value>
          </Data>
        </ExtendedData>
        <Point>
          <coordinates>53.17798333333333,-105.76,0</coordinates>
        </Point>
      </Placemark>
    
      <Placemark>
        <name>Doorways Of Opportunity</name>
        <description>
          <![CDATA[
            
            Credit: <a href="mailto:hirning@shaw.ca">Lorraine Hirning</a>
          ]]>
        </description>
        <ExtendedData>
          <Data name="gx_media_links">
            <value>https://roadsideattractions.ca/images/yorkton.jpg</value>
          </Data>
        </ExtendedData>
        <Point>
          <coordinates>51.21296666666667,-102.45653333333334,0</coordinates>
        </Point>
      </Placemark>
    
      <Placemark>
        <name>Tire Man</name>
        <description>
          <![CDATA[
            
            Credit: <a href="mailto:hirning@shaw.ca">Lorraine Hirning</a>
          ]]>
        </description>
        <ExtendedData>
          <Data name="gx_media_links">
            <value>https://roadsideattractions.ca/images/youngstown.jpg</value>
          </Data>
        </ExtendedData>
        <Point>
          <coordinates>51.52525,-111.21078333333334,0</coordinates>
        </Point>
      </Placemark>
    
      <Placemark>
        <name>Sasquatch On A Log Bench</name>
        <description>
          <![CDATA[
            
            Credit: Robert Reyerse of <a href="http://www.tourismharrison.com/">Tourism Harrison</a>
          ]]>
        </description>
        <ExtendedData>
          <Data name="gx_media_links">
            <value>https://roadsideattractions.ca/images/hhsse.jpg</value>
          </Data>
        </ExtendedData>
        <Point>
          <coordinates>49.280633333333334,-121.78283333333333,0</coordinates>
        </Point>
      </Placemark>
    
      <Placemark>
        <name>Simcoe Chicken</name>
        <description>
          <![CDATA[
            691 Ireland Road, Simcoe, Ontario.
            Credit: <a href="mailto:mmsm.geo@gmail.com">Mira van Bodegom</a>
          ]]>
        </description>
        <ExtendedData>
          <Data name="gx_media_links">
            <value>https://roadsideattractions.ca/images/chicken.jpg</value>
          </Data>
        </ExtendedData>
        <Point>
          <coordinates>42.827783333333336,-80.27753333333334,0</coordinates>
        </Point>
      </Placemark>
    
      <Placemark>
        <name>Husky</name>
        <description>
          <![CDATA[
            Corner of Bridge Road and N.E. Frontage Road - at the Husky gas station.
            Credit: <a href="mailto:shoutenshi@gmail.com">Angie Joiner</a>
          ]]>
        </description>
        <ExtendedData>
          <Data name="gx_media_links">
            <value>https://roadsideattractions.ca/images/mcbridehusky.jpg</value>
          </Data>
        </ExtendedData>
        <Point>
          <coordinates>53.3041,-120.15941666666667,0</coordinates>
        </Point>
      </Placemark>
    
      <Placemark>
        <name>Muskoka Chair</name>
        <description>
          <![CDATA[
            1725 Ellice Avenue, Winnipeg, Manitoba. At the Wholesale Club.
            Credit: <a href="mailto:bwkohut@shaw.ca">Boris Kohut</a>
          ]]>
        </description>
        <ExtendedData>
          <Data name="gx_media_links">
            <value>https://roadsideattractions.ca/images/winchair.jpg</value>
          </Data>
        </ExtendedData>
        <Point>
          <coordinates>49.894866666666665,-97.20425,0</coordinates>
        </Point>
      </Placemark>
    
      <Placemark>
        <name>Dinosaur</name>
        <description>
          <![CDATA[
            On Highway 7, beside Merit Manufacturing.
            Credit: L&L van Bodegom
          ]]>
        </description>
        <ExtendedData>
          <Data name="gx_media_links">
            <value>https://roadsideattractions.ca/images/bdino.jpg</value>
          </Data>
        </ExtendedData>
        <Point>
          <coordinates>43.487633333333335,-80.41636666666666,0</coordinates>
        </Point>
      </Placemark>
    
      <Placemark>
        <name>Cactus</name>
        <description>
          <![CDATA[
            2615 Victoria Street North, beside Belgian Nursery.
            Credit: L&L van Bodegom
          ]]>
        </description>
        <ExtendedData>
          <Data name="gx_media_links">
            <value>https://roadsideattractions.ca/images/bcactus.jpg</value>
          </Data>
        </ExtendedData>
        <Point>
          <coordinates>43.4964,-80.39838333333333,0</coordinates>
        </Point>
      </Placemark>
    
      <Placemark>
        <name>Muskoka Chair</name>
        <description>
          <![CDATA[
            97 Ardelt Ave., Unit 3, Kitchener, Ontario.
            Credit: Justin Atkins at <a href="http://www.distinctlypatio.com/">Distinctly Patio </a> 
          ]]>
        </description>
        <ExtendedData>
          <Data name="gx_media_links">
            <value>https://roadsideattractions.ca/images/kchair.jpg</value>
          </Data>
        </ExtendedData>
        <Point>
          <coordinates>43.42511666666667,-80.47825,0</coordinates>
        </Point>
      </Placemark>
    
      <Placemark>
        <name>Oat Stem</name>
        <description>
          <![CDATA[
            11 Main Street South, Ituna, Saskatchewan.
            Credit: <a href="mailto:rdonnan49@sasktel.net">Richard Donnan</a>
          ]]>
        </description>
        <ExtendedData>
          <Data name="gx_media_links">
            <value>https://roadsideattractions.ca/images/oatstem.jpg</value>
          </Data>
        </ExtendedData>
        <Point>
          <coordinates>51.17008333333333,-103.49578333333334,0</coordinates>
        </Point>
      </Placemark>
    
      <Placemark>
        <name>Wheat Stalks</name>
        <description>
          <![CDATA[
            Highway 10, at Welcome sign, west of Melville.
            Credit: <a href="mailto:rdonnan49@sasktel.net">Richard Donnan</a>
          ]]>
        </description>
        <ExtendedData>
          <Data name="gx_media_links">
            <value>https://roadsideattractions.ca/images/wheatmelville.jpg</value>
          </Data>
        </ExtendedData>
        <Point>
          <coordinates>50.9438,-102.78733333333334,0</coordinates>
        </Point>
      </Placemark>
    
      <Placemark>
        <name>Big Blue Chairs</name>
        <description>
          <![CDATA[
            Station Beach, Kincardine.
            Credit: Tina Ritu <tina.ritu@quadro.net>
          ]]>
        </description>
        <ExtendedData>
          <Data name="gx_media_links">
            <value>https://roadsideattractions.ca/images/bluechair.jpg</value>
          </Data>
        </ExtendedData>
        <Point>
          <coordinates>44.175666666666665,-81.64098333333334,0</coordinates>
        </Point>
      </Placemark>
    
      <Placemark>
        <name>Flowers</name>
        <description>
          <![CDATA[
            
            Credit: <a href="mailto:dalyn2@shaw.ca">Dale
Redekopp</a>
          ]]>
        </description>
        <ExtendedData>
          <Data name="gx_media_links">
            <value>https://roadsideattractions.ca/images/flowers.jpg</value>
          </Data>
        </ExtendedData>
        <Point>
          <coordinates>51.954283333333336,-112.15858333333334,0</coordinates>
        </Point>
      </Placemark>
    
      <Placemark>
        <name>Recycled Dinosaur</name>
        <description>
          <![CDATA[
            1455 Quebec Street, Vancouver, British Columbia. At the Telus World of Science.
            Credit: <a href="mailto:rdonnan49@sasktel.net">Richard Donnan</a>
          ]]>
        </description>
        <ExtendedData>
          <Data name="gx_media_links">
            <value>https://roadsideattractions.ca/images/vandino.jpg</value>
          </Data>
        </ExtendedData>
        <Point>
          <coordinates>49.27321666666667,-123.10305,0</coordinates>
        </Point>
      </Placemark>
    
      <Placemark>
        <name>Cowboy Pumpjack</name>
        <description>
          <![CDATA[
            Just east of Caroline, north of Highway 54/22, near Range Road 60.
            Credit: <a href="mailto:dalyn2@shaw.ca">Dale
Redekopp</a>
          ]]>
        </description>
        <ExtendedData>
          <Data name="gx_media_links">
            <value>https://roadsideattractions.ca/images/lcra1446.jpg</value>
          </Data>
        </ExtendedData>
        <Point>
          <coordinates>52.14176666666667,-114.71538333333334,0</coordinates>
        </Point>
      </Placemark>
    
      <Placemark>
        <name>International Village Globe</name>
        <description>
          <![CDATA[
            100 Kleefer Place, Vancouver, British Columbia.
            Credit: <a href="mailto:rdonnan49@sasktel.net">Richard Donnan</a>
          ]]>
        </description>
        <ExtendedData>
          <Data name="gx_media_links">
            <value>https://roadsideattractions.ca/images/lcra1447.jpg</value>
          </Data>
        </ExtendedData>
        <Point>
          <coordinates>49.2798,-123.10813333333333,0</coordinates>
        </Point>
      </Placemark>
    
      <Placemark>
        <name>Muskoka Chair</name>
        <description>
          <![CDATA[
            110 Main Street North, Exeter, Ontario, outside MacLean's Home Hardware.
            Credit: <a href="mailto:tina.ritu@quadro.net">Tina Ritu</a>
          ]]>
        </description>
        <ExtendedData>
          <Data name="gx_media_links">
            <value>https://roadsideattractions.ca/images/lcra1448.jpg</value>
          </Data>
        </ExtendedData>
        <Point>
          <coordinates>43.35925,-81.48298333333334,0</coordinates>
        </Point>
      </Placemark>
    
      <Placemark>
        <name>Muskoka Chair</name>
        <description>
          <![CDATA[
            Duffs Corner Plaza - 1172 Wilson Street West, Ancaster, Ontario.
            Credit: <a href="mailto:roadsides@roadsideattractions.ca">Mira van Bodegom</a>
          ]]>
        </description>
        <ExtendedData>
          <Data name="gx_media_links">
            <value>https://roadsideattractions.ca/images/lcra1449.jpg</value>
          </Data>
        </ExtendedData>
        <Point>
          <coordinates>43.19671666666667,-80.02031666666667,0</coordinates>
        </Point>
      </Placemark>
    
      <Placemark>
        <name>Roof Horse</name>
        <description>
          <![CDATA[
            4928 50th Avenue, Vegreville, Alberta. This horse is perched on top of Cole's Western Wear.
            Credit: <a href="mailto:roadsides@roadsideattractions.ca">Mira van Bodegom</a>
          ]]>
        </description>
        <ExtendedData>
          <Data name="gx_media_links">
            <value>https://roadsideattractions.ca/images/lcra1450.jpg</value>
          </Data>
        </ExtendedData>
        <Point>
          <coordinates>53.49443333333333,-112.05181666666667,0</coordinates>
        </Point>
      </Placemark>
    
      <Placemark>
        <name>Grizzly Head</name>
        <description>
          <![CDATA[
            395 Princess St, Kingston, Ontario, at the Grizzly Grill.
            Credit: Dana Sixty
          ]]>
        </description>
        <ExtendedData>
          <Data name="gx_media_links">
            <value>https://roadsideattractions.ca/images/lcra1451.jpg</value>
          </Data>
        </ExtendedData>
        <Point>
          <coordinates>44.23308333333333,-76.49196666666667,0</coordinates>
        </Point>
      </Placemark>
    
      <Placemark>
        <name>Pizza Man</name>
        <description>
          <![CDATA[
            1437 Arlington Street, Winnipeg.
            Credit: <a href="mailto:bwkohut@shaw.ca">Boris Kohut</a>
          ]]>
        </description>
        <ExtendedData>
          <Data name="gx_media_links">
            <value>https://roadsideattractions.ca/images/lcra1452.jpg</value>
          </Data>
        </ExtendedData>
        <Point>
          <coordinates>49.91993333333333,-97.15598333333334,0</coordinates>
        </Point>
      </Placemark>
    
      <Placemark>
        <name>Transformer</name>
        <description>
          <![CDATA[
            Mariner's Cove Boardwalk, 8863 Cavendish Road, Cavendish, PEI.
            Credit: <a href="mailto:ryan.kingns@gmail.com">Ryan King</a>
          ]]>
        </description>
        <ExtendedData>
          <Data name="gx_media_links">
            <value>https://roadsideattractions.ca/images/lcra1453.jpg</value>
          </Data>
        </ExtendedData>
        <Point>
          <coordinates>46.48713333333333,-63.39653333333333,0</coordinates>
        </Point>
      </Placemark>
    
      <Placemark>
        <name>Dinosaur</name>
        <description>
          <![CDATA[
            Range Road 113, Bow Island, Alberta.
            Credit: <a href="mailto:rsneep@gmail.com">Randy Sneep</a>
          ]]>
        </description>
        <ExtendedData>
          <Data name="gx_media_links">
            <value>https://roadsideattractions.ca/images/lcra1454.jpg</value>
          </Data>
        </ExtendedData>
        <Point>
          <coordinates>49.872283333333336,-111.42635,0</coordinates>
        </Point>
      </Placemark>
    
      <Placemark>
        <name>Lumberjack (redux)</name>
        <description>
          <![CDATA[
            
            Credit: <a href="mailto:shoutenshi@gmail.com">Angie Joiner</a>
          ]]>
        </description>
        <ExtendedData>
          <Data name="gx_media_links">
            <value>https://roadsideattractions.ca/images/lcra1455.jpg</value>
          </Data>
        </ExtendedData>
        <Point>
          <coordinates>55.697066666666665,-121.63301666666666,0</coordinates>
        </Point>
      </Placemark>
    
      <Placemark>
        <name>Acorns</name>
        <description>
          <![CDATA[
            Oak Bay Municipal Hall, 2167 Bay Avenue, Oak Bay, British Columbia
            Credit: <a href="mailto:hirning@shaw.ca">Lorraine Hirning</a>
          ]]>
        </description>
        <ExtendedData>
          <Data name="gx_media_links">
            <value>https://roadsideattractions.ca/images/lcra1456.jpg</value>
          </Data>
        </ExtendedData>
        <Point>
          <coordinates>48.42648333333333,-123.31706666666666,0</coordinates>
        </Point>
      </Placemark>
    
      <Placemark>
        <name>Heart</name>
        <description>
          <![CDATA[
            Henderson Recreation Centre, 2291 Cedar Hill X Road, Oak Bay, British Columbia
            Credit: <a href="mailto:hirning@shaw.ca">Lorraine Hirning</a>
          ]]>
        </description>
        <ExtendedData>
          <Data name="gx_media_links">
            <value>https://roadsideattractions.ca/images/lcra1457.jpg</value>
          </Data>
        </ExtendedData>
        <Point>
          <coordinates>48.45555,-123.31078333333333,0</coordinates>
        </Point>
      </Placemark>
    
      <Placemark>
        <name>Scuba Diver</name>
        <description>
          <![CDATA[
            On the boardwalk, by the wharf.
            Credit: <a href="mailto:hirning@shaw.ca">Lorraine Hirning</a>
          ]]>
        </description>
        <ExtendedData>
          <Data name="gx_media_links">
            <value>https://roadsideattractions.ca/images/lcra1458.jpg</value>
          </Data>
        </ExtendedData>
        <Point>
          <coordinates>48.64825,-123.39373333333333,0</coordinates>
        </Point>
      </Placemark>
    
      <Placemark>
        <name>Pirate</name>
        <description>
          <![CDATA[
            Beacon Park.
            Credit: <a href="mailto:hirning@shaw.ca">Lorraine Hirning</a>
          ]]>
        </description>
        <ExtendedData>
          <Data name="gx_media_links">
            <value>https://roadsideattractions.ca/images/lcra1459.jpg</value>
          </Data>
        </ExtendedData>
        <Point>
          <coordinates>48.64921666666667,-123.39383333333333,0</coordinates>
        </Point>
      </Placemark>
    
      <Placemark>
        <name>Spirit Bear</name>
        <description>
          <![CDATA[
            2070 Phillips Road, Sooke, B.C., near the tourist information booth.
            Credit: <a href="mailto:hirning@shaw.ca">Lorraine Hirning</a>
          ]]>
        </description>
        <ExtendedData>
          <Data name="gx_media_links">
            <value>https://roadsideattractions.ca/images/lcra1460.jpg</value>
          </Data>
        </ExtendedData>
        <Point>
          <coordinates>48.38431666666666,-123.70628333333333,0</coordinates>
        </Point>
      </Placemark>
    
      <Placemark>
        <name>Sunny Man</name>
        <description>
          <![CDATA[
            Sunny Shores Resort & Marina, 5621 Sooke Rd., Sooke, B.C.
            Credit: <a href="mailto:hirning@shaw.ca">Lorraine Hirning</a>
          ]]>
        </description>
        <ExtendedData>
          <Data name="gx_media_links">
            <value>https://roadsideattractions.ca/images/lcra1461.jpg</value>
          </Data>
        </ExtendedData>
        <Point>
          <coordinates>48.39138333333333,-123.66475,0</coordinates>
        </Point>
      </Placemark>
    
      <Placemark>
        <name>Shoe</name>
        <description>
          <![CDATA[
            Paradise Fun Park, 375 West Island Hwy, Parksville, Vancouver Island, B.C.
            Credit: <a href="mailto:hirning@shaw.ca">Lorraine Hirning</a>
          ]]>
        </description>
        <ExtendedData>
          <Data name="gx_media_links">
            <value>https://roadsideattractions.ca/images/lcra1462.jpg</value>
          </Data>
        </ExtendedData>
        <Point>
          <coordinates>49.323233333333334,-124.32286666666667,0</coordinates>
        </Point>
      </Placemark>
    
      <Placemark>
        <name>Carrot Campaign Statue</name>
        <description>
          <![CDATA[
            Carrot Park, Port Hardy, B.C.
            Credit: <a href="mailto:hirning@shaw.ca">Lorraine Hirning</a>
          ]]>
        </description>
        <ExtendedData>
          <Data name="gx_media_links">
            <value>https://roadsideattractions.ca/images/lcra1463.jpg</value>
          </Data>
        </ExtendedData>
        <Point>
          <coordinates>50.72456666666667,-127.49195,0</coordinates>
        </Point>
      </Placemark>
    
      <Placemark>
        <name>Leaf Mobile</name>
        <description>
          <![CDATA[
            Monterey Recreation Centre - 4W1, 1442 Monterey Avenue, Oak Bay, B.C.
            Credit: <a href="mailto:hirning@shaw.ca">Lorraine Hirning</a>
          ]]>
        </description>
        <ExtendedData>
          <Data name="gx_media_links">
            <value>https://roadsideattractions.ca/images/lcra1464.jpg</value>
          </Data>
        </ExtendedData>
        <Point>
          <coordinates>48.425666666666665,-123.31466666666667,0</coordinates>
        </Point>
      </Placemark>
    
      <Placemark>
        <name>Mr. Mike</name>
        <description>
          <![CDATA[
            Campbell River Visitor Centre, 1235 Shoppers Row, Campbell River, B.C.
            Credit: <a href="mailto:hirning@shaw.ca">Lorraine Hirning</a>
          ]]>
        </description>
        <ExtendedData>
          <Data name="gx_media_links">
            <value>https://roadsideattractions.ca/images/lcra1465.jpg</value>
          </Data>
        </ExtendedData>
        <Point>
          <coordinates>50.026183333333336,-125.24386666666666,0</coordinates>
        </Point>
      </Placemark>
    
      <Placemark>
        <name>Volkswagen On Roof</name>
        <description>
          <![CDATA[
            CR Granite Works - 1581 15th Avenue, Campbell River, B.C.
            Credit: <a href="mailto:hirning@shaw.ca">Lorraine Hirning</a>
          ]]>
        </description>
        <ExtendedData>
          <Data name="gx_media_links">
            <value>https://roadsideattractions.ca/images/lcra1466.jpg</value>
          </Data>
        </ExtendedData>
        <Point>
          <coordinates>50.02975,-125.26475,0</coordinates>
        </Point>
      </Placemark>
    
      <Placemark>
        <name>Boot On A Roof</name>
        <description>
          <![CDATA[
            4485 Trans-Canada Hwy, Duncan, B.C.
            Credit: <a href="mailto:hirning@shaw.ca">Lorraine Hirning</a>
          ]]>
        </description>
        <ExtendedData>
          <Data name="gx_media_links">
            <value>https://roadsideattractions.ca/images/lcra1467.jpg</value>
          </Data>
        </ExtendedData>
        <Point>
          <coordinates>48.729366666666664,-123.63915,0</coordinates>
        </Point>
      </Placemark>
    
      <Placemark>
        <name>Spawning Salmon</name>
        <description>
          <![CDATA[
            1046 Cedar Street, Campbell River, B.C.
            Credit: <a href="mailto:hirning@shaw.ca">Lorraine Hirning</a>
          ]]>
        </description>
        <ExtendedData>
          <Data name="gx_media_links">
            <value>https://roadsideattractions.ca/images/lcra1468.jpg</value>
          </Data>
        </ExtendedData>
        <Point>
          <coordinates>50.0261,-125.24708333333334,0</coordinates>
        </Point>
      </Placemark>
    
      <Placemark>
        <name>Shawnigan Shaman</name>
        <description>
          <![CDATA[
            Recreation Road, just off Shawnigan Lake Road, Shawnigan, B.C.
            Credit: <a href="mailto:hirning@shaw.ca">Lorraine Hirning</a>
          ]]>
        </description>
        <ExtendedData>
          <Data name="gx_media_links">
            <value>https://roadsideattractions.ca/images/lcra1470.jpg</value>
          </Data>
        </ExtendedData>
        <Point>
          <coordinates>48.64216666666667,-123.6261,0</coordinates>
        </Point>
      </Placemark>
    
      <Placemark>
        <name>Polar Bear</name>
        <description>
          <![CDATA[
            McPhillips Street and Court Avenue, at the north entrance to Seven Oaks Hospital.
            Credit: <a href="mailto:bwkohut@shaw.ca">Boris Kohut</a>
          ]]>
        </description>
        <ExtendedData>
          <Data name="gx_media_links">
            <value>https://roadsideattractions.ca/images/lcra1471.jpg</value>
          </Data>
        </ExtendedData>
        <Point>
          <coordinates>49.95536666666667,-97.14706666666666,0</coordinates>
        </Point>
      </Placemark>
    
      <Placemark>
        <name>Iron Horse</name>
        <description>
          <![CDATA[
            5020-49th Street, Lacombe, Alberta, at the Lacombe Blacksmith Museum.
            Credit: <a href="mailto:judydubas1@gmail.com">Judy Dubas</a>
          ]]>
        </description>
        <ExtendedData>
          <Data name="gx_media_links">
            <value>https://roadsideattractions.ca/images/lcra1472.jpg</value>
          </Data>
        </ExtendedData>
        <Point>
          <coordinates>52.463766666666665,-113.7294,0</coordinates>
        </Point>
      </Placemark>
    
      <Placemark>
        <name>Semipalmated Sandpipers</name>
        <description>
          <![CDATA[
            
Aulac Big Stop Restaurant - 170 Aulac Rd., Sackville, New Brunswick
            Credit: <a href="mailto:eire7981@gmail.com">Sidney Pitt</a>
          ]]>
        </description>
        <ExtendedData>
          <Data name="gx_media_links">
            <value>https://roadsideattractions.ca/images/lcra1473.jpg</value>
          </Data>
        </ExtendedData>
        <Point>
          <coordinates>45.87075,-64.281,0</coordinates>
        </Point>
      </Placemark>
    
      <Placemark>
        <name>Duke The Bear</name>
        <description>
          <![CDATA[
            19 Victoria Ave East in the Town of Rossburn.
            Credit: <a href="http://rossburn.ca/">Rossburn Municipality
          ]]>
        </description>
        <ExtendedData>
          <Data name="gx_media_links">
            <value>https://roadsideattractions.ca/images/lcra1474.jpg</value>
          </Data>
        </ExtendedData>
        <Point>
          <coordinates>50.668283333333335,-100.81076666666667,0</coordinates>
        </Point>
      </Placemark>
    
      <Placemark>
        <name>Bush Pilots' Monument</name>
        <description>
          <![CDATA[
            3511 Ingraham Drive, Yellowknife.
            Credit: <a href="mailto:nikkirn73@hotmail.com">Nikki Fritz</a>
          ]]>
        </description>
        <ExtendedData>
          <Data name="gx_media_links">
            <value>https://roadsideattractions.ca/images/lcra1475.jpg</value>
          </Data>
        </ExtendedData>
        <Point>
          <coordinates>62.46565,-114.34778333333334,0</coordinates>
        </Point>
      </Placemark>
    
      <Placemark>
        <name>Fruit Basket</name>
        <description>
          <![CDATA[
            
            Credit: <a href="mailto:roadsides@roadsideattractions.ca">Mira van Bodegom</a>
          ]]>
        </description>
        <ExtendedData>
          <Data name="gx_media_links">
            <value>https://roadsideattractions.ca/images/lcra1476.jpg</value>
          </Data>
        </ExtendedData>
        <Point>
          <coordinates>42.056,-82.672,0</coordinates>
        </Point>
      </Placemark>
    
      <Placemark>
        <name>Fiddle</name>
        <description>
          <![CDATA[
            Entrance to Fiddle Park.
            Credit: <a href="mailto:roadsides@roadsideattractions.ca">Mira van Bodegom</a>
          ]]>
        </description>
        <ExtendedData>
          <Data name="gx_media_links">
            <value>https://roadsideattractions.ca/images/lcra1477.jpg</value>
          </Data>
        </ExtendedData>
        <Point>
          <coordinates>44.0779,-80.1874,0</coordinates>
        </Point>
      </Placemark>
    
      <Placemark>
        <name>Kaleidoscope</name>
        <description>
          <![CDATA[
            The Boardwalk.
            Credit: <a href="mailto:roadsides@roadsideattractions.ca">Mira van Bodegom</a>
          ]]>
        </description>
        <ExtendedData>
          <Data name="gx_media_links">
            <value>https://roadsideattractions.ca/images/lcra1478.jpg</value>
          </Data>
        </ExtendedData>
        <Point>
          <coordinates>43.43866666666667,-80.564,0</coordinates>
        </Point>
      </Placemark>
    
      <Placemark>
        <name>Dancing Umbrellas</name>
        <description>
          <![CDATA[
            The Boardwalk.
            Credit: <a href="mailto:roadsides@roadsideattractions.ca">Mira van Bodegom</a>
          ]]>
        </description>
        <ExtendedData>
          <Data name="gx_media_links">
            <value>https://roadsideattractions.ca/images/lcra1479.jpg</value>
          </Data>
        </ExtendedData>
        <Point>
          <coordinates>43.434583333333336,-80.55965,0</coordinates>
        </Point>
      </Placemark>
    
      <Placemark>
        <name>Sandstone Cow</name>
        <description>
          <![CDATA[
            Sandstone Grillhouse - 5467 Victoria Ave, Niagara Falls.
            Credit: <a href="mailto:roadsides@roadsideattractions.ca">Mira van Bodegom</a>
          ]]>
        </description>
        <ExtendedData>
          <Data name="gx_media_links">
            <value>https://roadsideattractions.ca/images/lcra1480.jpg</value>
          </Data>
        </ExtendedData>
        <Point>
          <coordinates>43.095416666666665,-79.07298333333334,0</coordinates>
        </Point>
      </Placemark>
    
      <Placemark>
        <name>Niagara Chicken</name>
        <description>
          <![CDATA[
            At Abby's Restaurant - 7990 Portage Rd, Niagara Falls.
            Credit: <a href="mailto:roadsides@roadsideattractions.ca">Mira van Bodegom</a>
          ]]>
        </description>
        <ExtendedData>
          <Data name="gx_media_links">
            <value>https://roadsideattractions.ca/images/lcra1481.jpg</value>
          </Data>
        </ExtendedData>
        <Point>
          <coordinates>43.06086666666667,-79.05493333333334,0</coordinates>
        </Point>
      </Placemark>
    
      <Placemark>
        <name>Kinosoo Totem Poles</name>
        <description>
          <![CDATA[
            In front of the Cold Lake Marina - Highway 28 at Lakeshore Drive.
            Credit: <a href="mailto:awlaz@telus.net">A.W. “Bill” Lazenby</a>
          ]]>
        </description>
        <ExtendedData>
          <Data name="gx_media_links">
            <value>https://roadsideattractions.ca/images/lcra1482.jpg</value>
          </Data>
        </ExtendedData>
        <Point>
          <coordinates>54.46491666666667,-110.17068333333333,0</coordinates>
        </Point>
      </Placemark>
    
      <Placemark>
        <name>Knitting Needle</name>
        <description>
          <![CDATA[
            Down the street from (and pointing toward) <a href="https://www.marymaxim.ca/">Mary Maxim</a>.
            Credit: <a href="mailto:roadsides@roadsideattractions.ca">Mira van Bodegom</a>
          ]]>
        </description>
        <ExtendedData>
          <Data name="gx_media_links">
            <value>https://roadsideattractions.ca/images/lcra1483.jpg</value>
          </Data>
        </ExtendedData>
        <Point>
          <coordinates>43.2132,-80.39016666666667,0</coordinates>
        </Point>
      </Placemark>
    
      <Placemark>
        <name>Inuksuk</name>
        <description>
          <![CDATA[
            
            Credit: <a href="mailto:rdonnan49@sasktel.net">Richard Donnan</a>
          ]]>
        </description>
        <ExtendedData>
          <Data name="gx_media_links">
            <value>https://roadsideattractions.ca/images/lcra1484.jpg</value>
          </Data>
        </ExtendedData>
        <Point>
          <coordinates>50.116083333333336,-122.95748333333333,0</coordinates>
        </Point>
      </Placemark>
    
      <Placemark>
        <name>Guitar</name>
        <description>
          <![CDATA[
            
            Credit: <a href="mailto:rdonnan49@sasktel.net">Richard Donnan</a>
          ]]>
        </description>
        <ExtendedData>
          <Data name="gx_media_links">
            <value>https://roadsideattractions.ca/images/lcra1485.jpg</value>
          </Data>
        </ExtendedData>
        <Point>
          <coordinates>53.200583333333334,-105.76005,0</coordinates>
        </Point>
      </Placemark>
    
      <Placemark>
        <name>Ox And Cart</name>
        <description>
          <![CDATA[
            
            Credit: <a href="mailto:rdonnan49@sasktel.net">Richard Donnan</a>
          ]]>
        </description>
        <ExtendedData>
          <Data name="gx_media_links">
            <value>https://roadsideattractions.ca/images/lcra1486.jpg</value>
          </Data>
        </ExtendedData>
        <Point>
          <coordinates>51.2622,-103.73846666666667,0</coordinates>
        </Point>
      </Placemark>
    
      <Placemark>
        <name>Transformers</name>
        <description>
          <![CDATA[
            1920 Quebec Avenue, Saskatoon.
            Credit: <a href="mailto:rdonnan49@sasktel.net">Richard Donnan</a>
          ]]>
        </description>
        <ExtendedData>
          <Data name="gx_media_links">
            <value>https://roadsideattractions.ca/images/lcra1487.jpg</value>
          </Data>
        </ExtendedData>
        <Point>
          <coordinates>52.15586666666667,-106.6634,0</coordinates>
        </Point>
      </Placemark>
    
      <Placemark>
        <name>Dinosaur</name>
        <description>
          <![CDATA[
            1920 Quebec Avenue, Saskatoon.
            Credit: <a href="mailto:rdonnan49@sasktel.net">Richard Donnan</a>
          ]]>
        </description>
        <ExtendedData>
          <Data name="gx_media_links">
            <value>https://roadsideattractions.ca/images/lcra1488.jpg</value>
          </Data>
        </ExtendedData>
        <Point>
          <coordinates>52.15585,-106.6634,0</coordinates>
        </Point>
      </Placemark>
    
      <Placemark>
        <name>Husky</name>
        <description>
          <![CDATA[
            10 Stadium Crescent, in front of Griffith Stadium.
            Credit: <a href="mailto:rdonnan49@sasktel.net">Richard Donnan</a>
          ]]>
        </description>
        <ExtendedData>
          <Data name="gx_media_links">
            <value>https://roadsideattractions.ca/images/lcra1489.jpg</value>
          </Data>
        </ExtendedData>
        <Point>
          <coordinates>52.12798333333333,-106.63125,0</coordinates>
        </Point>
      </Placemark>
    
      <Placemark>
        <name>Pelican</name>
        <description>
          <![CDATA[
            4 Cory Lane, Saskatoon.
            Credit: <a href="mailto:rdonnan49@sasktel.net">Richard Donnan</a>
          ]]>
        </description>
        <ExtendedData>
          <Data name="gx_media_links">
            <value>https://roadsideattractions.ca/images/lcra1490.jpg</value>
          </Data>
        </ExtendedData>
        <Point>
          <coordinates>52.22796666666667,-106.65015,0</coordinates>
        </Point>
      </Placemark>
    
      <Placemark>
        <name>The Big Apple</name>
        <description>
          <![CDATA[
            262 Orchard Drive, Colborne.
            Credit: <a HREF="http://thebigapple.ca/">The Big Apple</a>
          ]]>
        </description>
        <ExtendedData>
          <Data name="gx_media_links">
            <value>https://roadsideattractions.ca/images/apple.jpg</value>
          </Data>
        </ExtendedData>
        <Point>
          <coordinates>44.022216666666665,-77.90555,0</coordinates>
        </Point>
      </Placemark>
    
      <Placemark>
        <name>Horse Gate</name>
        <description>
          <![CDATA[
            
            Credit: Daenerys Targaryen
          ]]>
        </description>
        <ExtendedData>
          <Data name="gx_media_links">
            <value>https://roadsideattractions.ca/images/horsegate.jpg</value>
          </Data>
        </ExtendedData>
        <Point>
          <coordinates>43.28541666666667,-80.46818333333333,0</coordinates>
        </Point>
      </Placemark>
    
      <Placemark>
        <name>Pigeon</name>
        <description>
          <![CDATA[
            1481 Gerrard Street, Toronto.
            Credit: Dana Sixty
          ]]>
        </description>
        <ExtendedData>
          <Data name="gx_media_links">
            <value>https://roadsideattractions.ca/images/lcra1493.jpg</value>
          </Data>
        </ExtendedData>
        <Point>
          <coordinates>43.67255,-79.32046666666666,0</coordinates>
        </Point>
      </Placemark>
    
      <Placemark>
        <name>Grizzly Bear</name>
        <description>
          <![CDATA[
            1100 Lonsdale Ave & 8th St-11th St.
            Credit: <a href="mailto:rdonnan49@sasktel.net">Richard Donnan</a>
          ]]>
        </description>
        <ExtendedData>
          <Data name="gx_media_links">
            <value>https://roadsideattractions.ca/images/lcra1494.jpg</value>
          </Data>
        </ExtendedData>
        <Point>
          <coordinates>49.317883333333334,-123.07221666666666,0</coordinates>
        </Point>
      </Placemark>
    
      <Placemark>
        <name>Wired Horse</name>
        <description>
          <![CDATA[
            731 Lonsdale Ave, Victoria Park.
            Credit: <a href="mailto:rdonnan49@sasktel.net">Richard Donnan</a>
          ]]>
        </description>
        <ExtendedData>
          <Data name="gx_media_links">
            <value>https://roadsideattractions.ca/images/lcra1495.jpg</value>
          </Data>
        </ExtendedData>
        <Point>
          <coordinates>49.316833333333335,-123.0737,0</coordinates>
        </Point>
      </Placemark>
    
      <Placemark>
        <name>Trumpet</name>
        <description>
          <![CDATA[
            25 Wallace Mews Rd, Pier 7 Restaurant.
            Credit: <a href="mailto:rdonnan49@sasktel.net">Richard Donnan</a>
          ]]>
        </description>
        <ExtendedData>
          <Data name="gx_media_links">
            <value>https://roadsideattractions.ca/images/lcra1496.jpg</value>
          </Data>
        </ExtendedData>
        <Point>
          <coordinates>49.30963333333333,-123.08041666666666,0</coordinates>
        </Point>
      </Placemark>
    
      <Placemark>
        <name>Walking Figure</name>
        <description>
          <![CDATA[
            Along Lonsdale Ave.
            Credit: <a href="mailto:rdonnan49@sasktel.net">Richard Donnan</a>
          ]]>
        </description>
        <ExtendedData>
          <Data name="gx_media_links">
            <value>https://roadsideattractions.ca/images/lcra1497.jpg</value>
          </Data>
        </ExtendedData>
        <Point>
          <coordinates>49.330216666666665,-123.07221666666666,0</coordinates>
        </Point>
      </Placemark>
    
      <Placemark>
        <name>Chuckwagon</name>
        <description>
          <![CDATA[
            Corner of Range Road 23A and 50th Ave.
            Credit: <a href="mailto:dalyn2@shaw.ca">Dale Redekopp</a>
          ]]>
        </description>
        <ExtendedData>
          <Data name="gx_media_links">
            <value>https://roadsideattractions.ca/images/lcra1498.jpg</value>
          </Data>
        </ExtendedData>
        <Point>
          <coordinates>54.09405,-114.23575,0</coordinates>
        </Point>
      </Placemark>
    
      <Placemark>
        <name>Shoelace</name>
        <description>
          <![CDATA[
            41 Ardelt Place, Kitchener.
            Credit: <a href="mailto:roadsides@roadsideattractions.ca">Mira van Bodegom</a>
          ]]>
        </description>
        <ExtendedData>
          <Data name="gx_media_links">
            <value>https://roadsideattractions.ca/images/lcra1499.jpg</value>
          </Data>
        </ExtendedData>
        <Point>
          <coordinates>43.42901666666667,-80.4765,0</coordinates>
        </Point>
      </Placemark>
    
      <Placemark>
        <name>Giant Library Book</name>
        <description>
          <![CDATA[
            602 33rd Street West, Saskatoon - Mayfair Branch Library.
            Credit: <a href="mailto:rdonnan49@sasktel.net">Richard Donnan</a>
          ]]>
        </description>
        <ExtendedData>
          <Data name="gx_media_links">
            <value>https://roadsideattractions.ca/images/lcra1500.jpg</value>
          </Data>
        </ExtendedData>
        <Point>
          <coordinates>52.14398333333333,-106.67781666666667,0</coordinates>
        </Point>
      </Placemark>
    
      <Placemark>
        <name>Black Bear</name>
        <description>
          <![CDATA[
            830 Valley Road, at Berry Barn, 7 km south of Saskatoon.
            Credit: <a href="mailto:rdonnan49@sasktel.net">Richard Donnan</a>
          ]]>
        </description>
        <ExtendedData>
          <Data name="gx_media_links">
            <value>https://roadsideattractions.ca/images/lcra1501.jpg</value>
          </Data>
        </ExtendedData>
        <Point>
          <coordinates>51.99695,-106.7465,0</coordinates>
        </Point>
      </Placemark>
    
      <Placemark>
        <name>Anchor</name>
        <description>
          <![CDATA[
            4th Ave & 405 24th Street -  HMCS Unicorn.
            Credit: <a href="mailto:rdonnan49@sasktel.net">Richard Donnan</a>
          ]]>
        </description>
        <ExtendedData>
          <Data name="gx_media_links">
            <value>https://roadsideattractions.ca/images/lcra1502.jpg</value>
          </Data>
        </ExtendedData>
        <Point>
          <coordinates>52.13066666666667,-106.65925,0</coordinates>
        </Point>
      </Placemark>
    
      <Placemark>
        <name>Philly Cheese Steak</name>
        <description>
          <![CDATA[
            997 Eglinton Avenue West.
            Credit: Dana Sixty
          ]]>
        </description>
        <ExtendedData>
          <Data name="gx_media_links">
            <value>https://roadsideattractions.ca/images/lcra1503.jpg</value>
          </Data>
        </ExtendedData>
        <Point>
          <coordinates>43.69965,-79.43133333333333,0</coordinates>
        </Point>
      </Placemark>
    
      <Placemark>
        <name>Big Chair - The Wavers Of Brokenhead</name>
        <description>
          <![CDATA[
            North-east corner of Provincial Trunk Highway 59 and Bison Drive.
            Credit: <a href="mailto:bwkohut@shaw.ca">Boris Kohut</a>
          ]]>
        </description>
        <ExtendedData>
          <Data name="gx_media_links">
            <value>https://roadsideattractions.ca/images/lcra1504.jpg</value>
          </Data>
        </ExtendedData>
        <Point>
          <coordinates>50.36711666666667,-96.61205,0</coordinates>
        </Point>
      </Placemark>
    
      <Placemark>
        <name>Windmill</name>
        <description>
          <![CDATA[
            920 1 Street SW,  Medicine Hat.
            Credit: <a href="mailto:hirning@shaw.ca">Lorraine Hirning</a>
          ]]>
        </description>
        <ExtendedData>
          <Data name="gx_media_links">
            <value>https://roadsideattractions.ca/images/lcra1505.jpg</value>
          </Data>
        </ExtendedData>
        <Point>
          <coordinates>50.039316666666664,-110.70821666666667,0</coordinates>
        </Point>
      </Placemark>
    
      <Placemark>
        <name>Skateboard</name>
        <description>
          <![CDATA[
            Inland Skateboard Park - Kipling Street SE, Medicine Hat.
            Credit: <a href="mailto:hirning@shaw.ca">Lorraine Hirning</a>
          ]]>
        </description>
        <ExtendedData>
          <Data name="gx_media_links">
            <value>https://roadsideattractions.ca/images/lcra1506.jpg</value>
          </Data>
        </ExtendedData>
        <Point>
          <coordinates>50.02386666666666,-110.68395,0</coordinates>
        </Point>
      </Placemark>
    
      <Placemark>
        <name>Buffalo Weather Vane</name>
        <description>
          <![CDATA[
            Township Road 110, by Range Road 113.
            Credit: <a href="mailto:hirning@shaw.ca">Lorraine Hirning</a>
          ]]>
        </description>
        <ExtendedData>
          <Data name="gx_media_links">
            <value>https://roadsideattractions.ca/images/lcra1507.jpg</value>
          </Data>
        </ExtendedData>
        <Point>
          <coordinates>49.873333333333335,-111.42808333333333,0</coordinates>
        </Point>
      </Placemark>
    
      <Placemark>
        <name>Cacti</name>
        <description>
          <![CDATA[
            Township Road 110, by Range Road 113.
            Credit: <a href="mailto:hirning@shaw.ca">Lorraine Hirning</a>
          ]]>
        </description>
        <ExtendedData>
          <Data name="gx_media_links">
            <value>https://roadsideattractions.ca/images/lcra1508.jpg</value>
          </Data>
        </ExtendedData>
        <Point>
          <coordinates>49.873333333333335,-111.42841666666666,0</coordinates>
        </Point>
      </Placemark>
    
      <Placemark>
        <name>Silver Maple Key</name>
        <description>
          <![CDATA[
            Grand Avenue South, Cambridge.
            Credit: <a href="mailto:roadsides@roadsideattractions.ca">Mason van Bodegom</a>
          ]]>
        </description>
        <ExtendedData>
          <Data name="gx_media_links">
            <value>https://roadsideattractions.ca/images/lcra1509.jpg</value>
          </Data>
        </ExtendedData>
        <Point>
          <coordinates>43.35621666666667,-80.31741666666667,0</coordinates>
        </Point>
      </Placemark>
    
      <Placemark>
        <name>Muskoka Chair</name>
        <description>
          <![CDATA[
            1101 Horseshoe Valley Rd W, Barrie.
            Credit: <a HREF="https://twitter.com/Cruiserk">@Cruiserk - Julie K-H</a>
          ]]>
        </description>
        <ExtendedData>
          <Data name="gx_media_links">
            <value>https://roadsideattractions.ca/images/lcra1510.jpg</value>
          </Data>
        </ExtendedData>
        <Point>
          <coordinates>44.551,-79.67325,0</coordinates>
        </Point>
      </Placemark>
    
      <Placemark>
        <name>Flying Moose</name>
        <description>
          <![CDATA[
            130 Belfield Road.
            Credit: Dana Sixty
          ]]>
        </description>
        <ExtendedData>
          <Data name="gx_media_links">
            <value>https://roadsideattractions.ca/images/lcra1511.jpg</value>
          </Data>
        </ExtendedData>
        <Point>
          <coordinates>43.70205,-79.57548333333334,0</coordinates>
        </Point>
      </Placemark>
    
      <Placemark>
        <name>Classy Strawberry With Top Hat</name>
        <description>
          <![CDATA[
            Heritage Road.
            Credit: <a href="mailto:roadsides@roadsideattractions.ca">Mira van Bodegom</a>
          ]]>
        </description>
        <ExtendedData>
          <Data name="gx_media_links">
            <value>https://roadsideattractions.ca/images/lcra1512.jpg</value>
          </Data>
        </ExtendedData>
        <Point>
          <coordinates>43.6512,-79.83216666666667,0</coordinates>
        </Point>
      </Placemark>
    
      <Placemark>
        <name>Bruce The Mosasaur</name>
        <description>
          <![CDATA[
            Highway 3.
            Credit: <a href="mailto:vicki.latter@gmail.com">Vicki Latter</a>
          ]]>
        </description>
        <ExtendedData>
          <Data name="gx_media_links">
            <value>https://roadsideattractions.ca/images/lcra1513.jpg</value>
          </Data>
        </ExtendedData>
        <Point>
          <coordinates>49.192883333333334,-98.07981666666667,0</coordinates>
        </Point>
      </Placemark>
    
      <Placemark>
        <name>Dinosaurs</name>
        <description>
          <![CDATA[
            180 Rang du Moulin Rouge.
            Credit: <a href="mailto:Laura.n.imrie@gmail.com">Laurie</a>
          ]]>
        </description>
        <ExtendedData>
          <Data name="gx_media_links">
            <value>https://roadsideattractions.ca/images/lcra1514.jpg</value>
          </Data>
        </ExtendedData>
        <Point>
          <coordinates>46.05793333333333,-72.31143333333333,0</coordinates>
        </Point>
      </Placemark>
    
      <Placemark>
        <name>Sculpture Walk</name>
        <description>
          <![CDATA[
            Columbia Avenue (and surrounding area).
            Credit: <a href="mailto:k.infeld@gmail.com">Kristal Infeld</a>
          ]]>
        </description>
        <ExtendedData>
          <Data name="gx_media_links">
            <value>https://roadsideattractions.ca/images/lcra1515.jpg</value>
          </Data>
        </ExtendedData>
        <Point>
          <coordinates>49.32653333333333,-117.66733333333333,0</coordinates>
        </Point>
      </Placemark>
    
      <Placemark>
        <name>Potato</name>
        <description>
          <![CDATA[
            Blue Roof Distillers - 4144 Route 16
Malden, New Brunswick
            Credit: LCRA
          ]]>
        </description>
        <ExtendedData>
          <Data name="gx_media_links">
            <value>https://roadsideattractions.ca/images/lcra1516.jpg</value>
          </Data>
        </ExtendedData>
        <Point>
          <coordinates>46.105983333333334,-63.89335,0</coordinates>
        </Point>
      </Placemark>
    
      <Placemark>
        <name>Metal Globe</name>
        <description>
          <![CDATA[
            Mastodon Ridge - 87 Main Street West,
Stewiacke, Nova Scotia.
            Credit: LCRA
          ]]>
        </description>
        <ExtendedData>
          <Data name="gx_media_links">
            <value>https://roadsideattractions.ca/images/lcra1517.jpg</value>
          </Data>
        </ExtendedData>
        <Point>
          <coordinates>45.14053333333333,-63.361916666666666,0</coordinates>
        </Point>
      </Placemark>
    
      <Placemark>
        <name>Eagle On Post</name>
        <description>
          <![CDATA[
            Mastodon Ridge - 87 Main Street West,
Stewiacke, Nova Scotia.
            Credit: LCRA
          ]]>
        </description>
        <ExtendedData>
          <Data name="gx_media_links">
            <value>https://roadsideattractions.ca/images/lcra1518.jpg</value>
          </Data>
        </ExtendedData>
        <Point>
          <coordinates>45.14053333333333,-63.36193333333333,0</coordinates>
        </Point>
      </Placemark>
    
      <Placemark>
        <name>Charity, Perpetuation Of Perfection</name>
        <description>
          <![CDATA[
            Charity Crescent, Markham, Ontario
            Credit: <a href="mailto:lneumannca@yahoo.ca ">Leo Neumann</a>
          ]]>
        </description>
        <ExtendedData>
          <Data name="gx_media_links">
            <value>https://roadsideattractions.ca/images/lcra1519.jpg</value>
          </Data>
        </ExtendedData>
        <Point>
          <coordinates>43.89765,-79.3756,0</coordinates>
        </Point>
      </Placemark>
    
      <Placemark>
        <name>VW Bug</name>
        <description>
          <![CDATA[
            The Mechanics - 3001 14 St SW, Calgary.
            Credit: <a href="mailto:flexx.pan@gmail.com">Alexander Pan</a>
          ]]>
        </description>
        <ExtendedData>
          <Data name="gx_media_links">
            <value>https://roadsideattractions.ca/images/lcra1520.jpg</value>
          </Data>
        </ExtendedData>
        <Point>
          <coordinates>51.0274,-114.09468333333334,0</coordinates>
        </Point>
      </Placemark>
    
      <Placemark>
        <name>Boxer</name>
        <description>
          <![CDATA[
            In front of Palooka's Gym - 741 Bedford Highway, Bedford (Halifax).
            Credit: <a href="mailto:roadsides@roadsideattractions.ca">Mira van Bodegom</a>
          ]]>
        </description>
        <ExtendedData>
          <Data name="gx_media_links">
            <value>https://roadsideattractions.ca/images/lcra1521.jpg</value>
          </Data>
        </ExtendedData>
        <Point>
          <coordinates>44.70655,-63.6643,0</coordinates>
        </Point>
      </Placemark>
    
      <Placemark>
        <name>Archelon Turtle</name>
        <description>
          <![CDATA[
            Corner of Thornhill Street and 19 Street.
            Credit: <a href="mailto:bwkohut@shaw.ca">Boris w Kohut</a> and <a href="mailto:vicki.latter@gmail.com">Vicki Latter</a>
          ]]>
        </description>
        <ExtendedData>
          <Data name="gx_media_links">
            <value>https://roadsideattractions.ca/images/lcra1522.jpg</value>
          </Data>
        </ExtendedData>
        <Point>
          <coordinates>49.1926,-98.1207,0</coordinates>
        </Point>
      </Placemark>
    
      <Placemark>
        <name>Church On A Tree</name>
        <description>
          <![CDATA[
            22 Church Street, Ayr.
            Credit: <a href="mailto:roadsides@roadsideattractions.ca">Mira van Bodegom</a>
          ]]>
        </description>
        <ExtendedData>
          <Data name="gx_media_links">
            <value>https://roadsideattractions.ca/images/lcra1523.jpg</value>
          </Data>
        </ExtendedData>
        <Point>
          <coordinates>43.283483333333336,-80.45528333333333,0</coordinates>
        </Point>
      </Placemark>
    
      <Placemark>
        <name>108 Birds</name>
        <description>
          <![CDATA[
            The Boardwalk.
            Credit: <a href="mailto:roadsides@roadsideattractions.ca">Mira van Bodegom</a>
          ]]>
        </description>
        <ExtendedData>
          <Data name="gx_media_links">
            <value>https://roadsideattractions.ca/images/lcra1524.jpg</value>
          </Data>
        </ExtendedData>
        <Point>
          <coordinates>43.4363,-80.56146666666666,0</coordinates>
        </Point>
      </Placemark>
    
      <Placemark>
        <name>Tomato</name>
        <description>
          <![CDATA[
            
            Credit: <a href="mailto:roadsides@roadsideattractions.ca">Mira van Bodegom</a>
          ]]>
        </description>
        <ExtendedData>
          <Data name="gx_media_links">
            <value>https://roadsideattractions.ca/images/lcra1525.jpg</value>
          </Data>
        </ExtendedData>
        <Point>
          <coordinates>43.07901666666667,-79.08425,0</coordinates>
        </Point>
      </Placemark>
    
      <Placemark>
        <name>Inuksuk</name>
        <description>
          <![CDATA[
            In front of Souvenir City.
            Credit: <a href="mailto:roadsides@roadsideattractions.ca">Mira van Bodegom</a>
          ]]>
        </description>
        <ExtendedData>
          <Data name="gx_media_links">
            <value>https://roadsideattractions.ca/images/lcra1526.jpg</value>
          </Data>
        </ExtendedData>
        <Point>
          <coordinates>43.11305,-79.06188333333333,0</coordinates>
        </Point>
      </Placemark>
    
      <Placemark>
        <name>Muskoka Chair</name>
        <description>
          <![CDATA[
            
            Credit: <a href="mailto:roadsides@roadsideattractions.ca">Mira van Bodegom</a>
          ]]>
        </description>
        <ExtendedData>
          <Data name="gx_media_links">
            <value>https://roadsideattractions.ca/images/lcra1527.jpg</value>
          </Data>
        </ExtendedData>
        <Point>
          <coordinates>44.608333333333334,-80.59215,0</coordinates>
        </Point>
      </Placemark>
    
      <Placemark>
        <name>Rhino</name>
        <description>
          <![CDATA[
            43978 Highway 3, Wainfleet.
            Credit: Claudia Contreras
          ]]>
        </description>
        <ExtendedData>
          <Data name="gx_media_links">
            <value>https://roadsideattractions.ca/images/lcra1528.jpg</value>
          </Data>
        </ExtendedData>
        <Point>
          <coordinates>42.94283333333333,-79.48026666666667,0</coordinates>
        </Point>
      </Placemark>
    
      <Placemark>
        <name>Elephant</name>
        <description>
          <![CDATA[
            43978 Highway 3, Wainfleet.
            Credit: Claudia Contreras
          ]]>
        </description>
        <ExtendedData>
          <Data name="gx_media_links">
            <value>https://roadsideattractions.ca/images/lcra1529.jpg</value>
          </Data>
        </ExtendedData>
        <Point>
          <coordinates>42.94283333333333,-79.48026666666667,0</coordinates>
        </Point>
      </Placemark>
    
      <Placemark>
        <name>Moose</name>
        <description>
          <![CDATA[
            43978 Highway 3, Wainfleet.
            Credit: Claudia Contreras
          ]]>
        </description>
        <ExtendedData>
          <Data name="gx_media_links">
            <value>https://roadsideattractions.ca/images/lcra1530.jpg</value>
          </Data>
        </ExtendedData>
        <Point>
          <coordinates>42.94283333333333,-79.48026666666667,0</coordinates>
        </Point>
      </Placemark>
    
      <Placemark>
        <name>Wall Of Security Cameras</name>
        <description>
          <![CDATA[
            121 Scollard Street
            Credit: Unknown
          ]]>
        </description>
        <ExtendedData>
          <Data name="gx_media_links">
            <value>https://roadsideattractions.ca/images/lcra1531.jpg</value>
          </Data>
        </ExtendedData>
        <Point>
          <coordinates>43.671533333333336,-79.3943,0</coordinates>
        </Point>
      </Placemark>
    
      <Placemark>
        <name>Wheat Stalk</name>
        <description>
          <![CDATA[
            East of town on the north side of Highway 3, next to Winson Park Road.
            Credit: <a href="mailto:rdonnan49@sasktel.net">Richard Donnan</a>
          ]]>
        </description>
        <ExtendedData>
          <Data name="gx_media_links">
            <value>https://roadsideattractions.ca/images/lcra1532.jpg</value>
          </Data>
        </ExtendedData>
        <Point>
          <coordinates>52.98725,-105.31746666666666,0</coordinates>
        </Point>
      </Placemark>
    
      <Placemark>
        <name>Wolf</name>
        <description>
          <![CDATA[
            In front of the Mann Art Gallery.
            Credit: <a href="mailto:rdonnan49@sasktel.net">Richard Donnan</a>
          ]]>
        </description>
        <ExtendedData>
          <Data name="gx_media_links">
            <value>https://roadsideattractions.ca/images/lcra1533.jpg</value>
          </Data>
        </ExtendedData>
        <Point>
          <coordinates>53.20231666666667,-105.75913333333334,0</coordinates>
        </Point>
      </Placemark>
    
      <Placemark>
        <name>Bison</name>
        <description>
          <![CDATA[
            Corner of Central Avenue and 112 Street.
            Credit: <a href="mailto:rdonnan49@sasktel.net">Richard Donnan</a>
          ]]>
        </description>
        <ExtendedData>
          <Data name="gx_media_links">
            <value>https://roadsideattractions.ca/images/lcra1534.jpg</value>
          </Data>
        </ExtendedData>
        <Point>
          <coordinates>52.14066666666667,-106.59896666666667,0</coordinates>
        </Point>
      </Placemark>
    
      <Placemark>
        <name>Bison</name>
        <description>
          <![CDATA[
            Corner of Joseph Okemasis Drive and 105 Street.
            Credit: <a href="mailto:rdonnan49@sasktel.net">Richard Donnan</a>
          ]]>
        </description>
        <ExtendedData>
          <Data name="gx_media_links">
            <value>https://roadsideattractions.ca/images/lcra1535.jpg</value>
          </Data>
        </ExtendedData>
        <Point>
          <coordinates>52.13003333333333,-106.58561666666667,0</coordinates>
        </Point>
      </Placemark>
    
      <Placemark>
        <name>Car In Building</name>
        <description>
          <![CDATA[
            125 105 Street.
            Credit: <a href="mailto:rdonnan49@sasktel.net">Richard Donnan</a>
          ]]>
        </description>
        <ExtendedData>
          <Data name="gx_media_links">
            <value>https://roadsideattractions.ca/images/lcra1536.jpg</value>
          </Data>
        </ExtendedData>
        <Point>
          <coordinates>52.13283333333333,-106.5948,0</coordinates>
        </Point>
      </Placemark>
    
      <Placemark>
        <name>Milk Bottle</name>
        <description>
          <![CDATA[
            1025 Lucien L'Allier Street, Montreal.
            Credit: <a href="mailto:roadsides@roadsideattractions.ca">Mira van Bodegom</a>
          ]]>
        </description>
        <ExtendedData>
          <Data name="gx_media_links">
            <value>https://roadsideattractions.ca/images/lcra1537.jpg</value>
          </Data>
        </ExtendedData>
        <Point>
          <coordinates>45.49576666666667,-73.5719,0</coordinates>
        </Point>
      </Placemark>
    
      <Placemark>
        <name>Diamond Ring</name>
        <description>
          <![CDATA[
            104 Avenue Road, Toronto.
            Credit: Unknown
          ]]>
        </description>
        <ExtendedData>
          <Data name="gx_media_links">
            <value>https://roadsideattractions.ca/images/lcra1539.jpg</value>
          </Data>
        </ExtendedData>
        <Point>
          <coordinates>43.672983333333335,-79.396,0</coordinates>
        </Point>
      </Placemark>
    
        </Folder>
      </Document>
    </kml>
    